"","Pop","Ppop_ID","Latitude","Trichomes_Garden","Trichomes_Field","SLA_Garden","SLA_Field","Conc_Garden","Conc_Field"
"1","ARB","ARB-12",33.189776,141.25,NA,203.601895734597,NA,0.246253530819518,NA
"2","ARB","ARB-7",33.189776,84.2340425531915,NA,185.209038799252,NA,0.284234088472885,NA
"3","ARB","ARB-8",33.189776,73.5,NA,295.874125874126,NA,0.675385018351943,NA
"4","ARB","Plant-12-Arb",33.189776,NA,153,NA,12.6607929515419,NA,0.46860423908572
"5","ARB","Plant-15-Arb",33.189776,NA,113,NA,93.8345864661654,NA,0.342552267021313
"6","ARB","Plant-4-Arb",33.189776,NA,95,NA,107.702702702703,NA,0.536588104232628
"7","ARB","Plant-6-Arb",33.189776,NA,89,NA,102.505494505494,NA,0.198393744107258
"8","ARB","Plant-7-Arb",33.189776,NA,88,NA,126.459627329193,NA,0.868106659225523
"9","ARB","Plant-8-Arb",33.189776,NA,238,NA,105.804597701149,NA,0.500184298430922
"10","BEC","BEC-1",38.2144158,NA,144,NA,172,NA,0.0546151941905267
"11","BEC","BEC-10",38.2144158,NA,176,NA,141.454545454545,NA,0.0774581070622348
"12","BEC","BEC-11",38.2144158,NA,152,NA,218.181818181818,NA,0.104881197895529
"13","BEC","BEC-13",38.2144158,NA,200,NA,160.508474576271,NA,0.0920103180541097
"14","BEC","BEC-14",38.2144158,NA,168,NA,217.272727272727,NA,0.082038285023821
"15","BEC","BEC-15",38.2144158,NA,152,NA,225.51724137931,NA,0.0961846574621376
"16","BEC","BEC-16",38.2144158,NA,176,NA,142.053571428571,NA,0.0496291776753823
"17","BEC","BEC-17",38.2144158,NA,144,NA,214.285714285714,NA,0.0824151351092679
"18","BEC","BEC-18",38.2144158,NA,136,NA,157.380952380952,NA,0.0858357743464019
"19","BEC","BEC-19",38.2144158,NA,96,NA,233.076923076923,NA,0.0535426208704085
"20","BEC","BEC-2",38.2144158,NA,224,NA,151.555555555556,NA,0.0922422257990002
"21","BEC","BEC-20",38.2144158,NA,124,NA,161.477272727273,NA,0.114969184798263
"22","BEC","BEC-21",38.2144158,NA,140,NA,135.375,NA,0.084328374004614
"23","BEC","BEC-22",38.2144158,NA,148,NA,194.848484848485,NA,0.0910536986064367
"24","BEC","BEC-23",38.2144158,NA,192,NA,183.103448275862,NA,0.0623841036443564
"25","BEC","BEC-24",38.2144158,NA,176,NA,131.864406779661,NA,0.100851800828058
"26","BEC","BEC-25",38.2144158,NA,128,NA,137.586206896552,NA,0.0760956490610035
"27","BEC","BEC-26",38.2144158,NA,72,NA,138,NA,0.0884737249445306
"28","BEC","BEC-27",38.2144158,NA,152,NA,165.074626865672,NA,0.100764835423724
"29","BEC","BEC-28",38.2144158,NA,172,NA,171.111111111111,NA,0.0985907003153759
"30","BEC","BEC-29",38.2144158,NA,112,NA,184.090909090909,NA,0.0919813295859984
"31","BEC","BEC-3",38.2144158,NA,172,NA,166.478873239437,NA,0.13468134311395
"32","BEC","BEC-30",38.2144158,NA,124,NA,174.659090909091,NA,0.0924741335438906
"33","BEC","BEC-4",38.2144158,NA,156,NA,171.666666666667,NA,0.0704428977792991
"34","BEC","BEC-5",38.2144158,NA,164,NA,162.608695652174,NA,0.0816034580021514
"35","BEC","BEC-6",38.2144158,NA,188,NA,151.549295774648,NA,0.103721659171077
"36","BEC","BEC-7",38.2144158,NA,192,NA,156.041666666667,NA,0.0927495239909481
"37","BEC","BEC-8",38.2144158,NA,208,NA,136.451612903226,NA,0.0557747329149789
"38","BEC","BEC-9",38.2144158,NA,204,NA,132.258064516129,NA,0.113722680669477
"39","BR","BR-1E",30.081895,152.25,NA,160.957095709571,NA,0.245729552755046,NA
"40","BR","BR-1H",30.081895,163.75,NA,165.373831775701,NA,0.225264215947468,NA
"41","BR","BlackRiver1",30.081895,NA,174,NA,106.428571428571,NA,0.546134135961004
"42","CAH","CAH-12",33.322326,110.5,NA,153.923076923077,NA,0.424912220595975,NA
"43","CAH","CAH-14",33.322326,68.5789473684211,NA,141.068851715003,NA,0.397656461275142,NA
"44","CAH","CAH-5",33.322326,56,NA,191.208333333333,NA,0.266701329030331,NA
"45","CAH","CAH-8",33.322326,79.7058823529412,NA,147.336616094401,NA,0.0685386640711399,NA
"46","CAH","Plant-11-CAH",33.322326,NA,237,NA,76.3953488372093,NA,0.301912946883838
"47","CAH","Plant-12-CAH",33.322326,NA,222,NA,79.8230088495575,NA,0.206386664516935
"48","CAH","Plant-14-CAH",33.322326,NA,114,NA,112.448132780083,NA,0.175993213183645
"49","CAH","Plant-5-CAH",33.322326,NA,92,NA,99.4827586206896,NA,0.213458512091852
"50","CAH","Plant-8-CAH",33.322326,NA,80,NA,111.666666666667,NA,0.193041159069338
"51","CAH","Plant-9-CAH",33.322326,NA,160,NA,84.1232227488152,NA,0.277403612793955
"52","COO","COO-1",32.5134944,NA,334,NA,199.772727272727,NA,0.18888977848209
"53","COO","COO-10",32.5134944,NA,132,NA,203.723404255319,NA,0.258114240331886
"54","COO","COO-11",32.5134944,NA,176,NA,201.428571428571,NA,0.268231215702731
"55","COO","COO-12",32.5134944,NA,108,NA,275.952380952381,NA,0.241126998018661
"56","COO","COO-13",32.5134944,NA,164,NA,196.282051282051,NA,0.277159663881013
"57","COO","COO-14",32.5134944,NA,232,NA,194.52380952381,NA,0.221124955021861
"58","COO","COO-15",32.5134944,NA,160,NA,190.361445783133,NA,0.232024619031711
"59","COO","COO-16",32.5134944,NA,172,NA,233.787878787879,NA,0.220777093404525
"60","COO","COO-17",32.5134944,NA,176,NA,186.103896103896,NA,0.161872526202354
"61","COO","COO-18",32.5134944,NA,84,NA,257.948717948718,NA,0.201006958152615
"62","COO","COO-19",32.5134944,NA,116,NA,243.6,NA,0.209848440926563
"63","COO","COO-2",32.5134944,NA,195,NA,216.142857142857,NA,0.221385851234863
"64","COO","COO-20",32.5134944,NA,124,NA,194.166666666667,NA,0.117636123864503
"65","COO","COO-21",32.5134944,NA,152,NA,173.417721518987,NA,0.218458015955621
"66","COO","COO-22",32.5134944,NA,144,NA,203.076923076923,NA,0.24509841814991
"67","COO","COO-23",32.5134944,NA,160,NA,197.042253521127,NA,0.200485165726612
"68","COO","COO-24",32.5134944,NA,156,NA,159.193548387097,NA,0.116331642799494
"69","COO","COO-25",32.5134944,NA,216,NA,147.272727272727,NA,0.141957448609888
"70","COO","COO-26",32.5134944,NA,132,NA,203.448275862069,NA,0.16222038781969
"71","COO","COO-27",32.5134944,NA,192,NA,197.466666666667,NA,0.17445352136266
"72","COO","COO-28",32.5134944,NA,116,NA,194.565217391304,NA,0.187266424267857
"73","COO","COO-29",32.5134944,NA,112,NA,180.217391304348,NA,0.170279181954632
"74","COO","COO-3",32.5134944,NA,328,NA,189.428571428571,NA,0.0747042025916609
"75","COO","COO-30",32.5134944,NA,148,NA,182.590361445783,NA,0.213414022504254
"76","COO","COO-4",32.5134944,NA,214,NA,231.081081081081,NA,0.0994023774224925
"77","COO","COO-5",32.5134944,NA,333,NA,199.090909090909,NA,0.100098100657164
"78","COO","COO-6",32.5134944,NA,249,NA,195.813953488372,NA,0.0859517282188471
"79","COO","COO-7",32.5134944,NA,223,NA,229.347826086957,NA,0.069486278331626
"80","COO","COO-8",32.5134944,NA,128,NA,234.390243902439,NA,0.198513949895043
"81","COO","COO-9",32.5134944,NA,172,NA,185.921052631579,NA,0.218631946764289
"82","DUDU","DUDU-1",29.6135164,57.9736842105263,108,151.892495625253,155.135135135135,0.408073810930398,0.0386715367293092
"83","DUDU","DUDU-10",29.6135164,NA,64,NA,207.25,NA,0.0598621069186729
"84","DUDU","DUDU-11",29.6135164,NA,104,NA,172.4,NA,0.0376569403454135
"85","DUDU","DUDU-12",29.6135164,NA,92,NA,164.336283185841,NA,0.048266719674151
"86","DUDU","DUDU-13",29.6135164,NA,136,NA,189.25,NA,0.0326129468940465
"87","DUDU","DUDU-14",29.6135164,NA,92,NA,226.836734693878,NA,0.0600360377273407
"88","DUDU","DUDU-15",29.6135164,NA,132,NA,222.131147540984,NA,0.0530498169125163
"89","DUDU","DUDU-16",29.6135164,NA,116,NA,124.89247311828,NA,0.0477739157162588
"90","DUDU","DUDU-17",29.6135164,NA,92,NA,127.605633802817,NA,0.0306997079987004
"91","DUDU","DUDU-18",29.6135164,NA,136,NA,233.269230769231,NA,0.0436285647763423
"92","DUDU","DUDU-19",29.6135164,NA,80,NA,165.652173913043,NA,0.0698921168851843
"93","DUDU","DUDU-2",29.6135164,NA,100,NA,157.226890756303,NA,0.0509916356766136
"94","DUDU","DUDU-20",29.6135164,NA,72,NA,281.011235955056,NA,0.0661815929669373
"95","DUDU","DUDU-21",29.6135164,NA,124,NA,201.26582278481,NA,0.046179549970137
"96","DUDU","DUDU-22",29.6135164,NA,88,NA,198.939393939394,NA,0.162133422415356
"97","DUDU","DUDU-23",29.6135164,NA,100,NA,203.75,NA,0.171351755274751
"98","DUDU","DUDU-24",29.6135164,NA,112,NA,237.375,NA,0.0384106405163074
"99","DUDU","DUDU-3",29.6135164,62,128,166.488095238095,190.740740740741,0.556557767327506,0.0795162882981374
"100","DUDU","DUDU-4",29.6135164,NA,108,NA,143.522727272727,NA,0.0273660341659004
"101","DUDU","DUDU-5",29.6135164,NA,72,NA,203.48623853211,NA,0.056064617596092
"102","DUDU","DUDU-6",29.6135164,NA,116,NA,138.581560283688,NA,0.0576589833422137
"103","DUDU","DUDU-7",29.6135164,64.3125,124,171.073977197799,194.84375,0.167637795370821,0.0698921168851843
"104","DUDU","DUDU-8",29.6135164,NA,68,NA,157.226890756303,NA,0.0549630558078624
"105","DUDU","DUDU-9",29.6135164,NA,112,NA,191.808510638298,NA,0.0539194709558554
"106","DUDU","Plant1_Pop Dudu",29.6135164,NA,45,NA,158.198198198198,NA,0.532265336947444
"107","DUDU","Plant2_Pop Dudu",29.6135164,NA,101,NA,166.746987951807,NA,0.230981640827668
"108","DUDU","Plant3_Pop Dudu",29.6135164,NA,104,NA,147.963800904977,NA,0.470891629785498
"109","DUDU","Plant4_Pop Dudu",29.6135164,NA,109,NA,158.489208633094,NA,0.817630337807423
"110","DUDU","Plant5_Pop Dudu",29.6135164,NA,86,NA,103.300492610837,NA,0.235182867731069
"111","DUDU","Plant6_Pop Dudu",29.6135164,NA,85,NA,153.14606741573,NA,0.278372009644625
"112","ECO","Eco1",30.15618,NA,44,NA,114.210526315789,NA,0.203744886025967
"113","ECO","Eco2",30.15618,NA,64,NA,128.472222222222,NA,0.392868101122314
"114","ECO","Eco3",30.15618,NA,36,NA,187.8,NA,0.257679518793463
"115","ECO","Eco4",30.15618,NA,24,NA,116.774193548387,NA,0.289495929315577
"116","ECO","Eco5",30.15618,NA,204,NA,108.222222222222,NA,0.265639712292611
"117","ECO","Eco6",30.15618,NA,56,NA,97.2222222222222,NA,0.344764923901241
"118","FLAT","FLAT-1",32.397905,94.8928571428571,NA,227.212560386473,NA,0.839197002762727,NA
"119","FLAT","FLAT-3",32.397905,66.75,NA,203.75,NA,0.902502681689891,NA
"120","FLAT","FLAT-5",32.397905,106.25,NA,175.33950617284,NA,0.805525905465599,NA
"121","FLAT","Flat1",32.397905,NA,115,NA,115.766590389016,NA,0.383890877920403
"122","FLAT","Flat2",32.397905,NA,148,NA,82.0224719101124,NA,0.764951559607776
"123","FLAT","Flat3",32.397905,NA,95,NA,157.826086956522,NA,0.265848619619659
"124","FLAT","Flat4",32.397905,NA,72,NA,106.772486772487,NA,0.448755066589461
"125","FLAT","Flat5",32.397905,NA,113,NA,114.189944134078,NA,0.374293628904943
"126","FLAT","Flat6",32.397905,NA,101,NA,106.219081272085,NA,0.0422224616112745
"127","GRE","GRE-1",33.3606805,NA,96,NA,222.5,NA,0.07424038710188
"128","GRE","GRE-10",33.3606805,NA,144,NA,269.545454545455,NA,0.0951120841420194
"129","GRE","GRE-11",33.3606805,NA,108,NA,127.191011235955,NA,0.134420446900949
"130","GRE","GRE-12",33.3606805,NA,128,NA,180,NA,0.0952280380144646
"131","GRE","GRE-13",33.3606805,NA,124,NA,205.161290322581,NA,0.163872730502034
"132","GRE","GRE-14",33.3606805,NA,104,NA,271.25,NA,0.248606022791378
"133","GRE","GRE-15",33.3606805,NA,148,NA,214.237288135593,NA,0.15334991657763
"134","GRE","GRE-16",33.3606805,NA,132,NA,189.62962962963,NA,0.175207221533554
"135","GRE","GRE-17",33.3606805,NA,112,NA,190.943396226415,NA,0.179845376431363
"136","GRE","GRE-18",33.3606805,NA,168,NA,195.609756097561,NA,0.139812301969651
"137","GRE","GRE-19",33.3606805,NA,120,NA,163.717948717949,NA,0.144421468399349
"138","GRE","GRE-2",33.3606805,NA,156,NA,262.439024390244,NA,0.118988919043031
"139","GRE","GRE-20",33.3606805,NA,88,NA,227.142857142857,NA,0.115510302869674
"140","GRE","GRE-21",33.3606805,NA,84,NA,282.898550724638,NA,0.225038398216887
"141","GRE","GRE-22",33.3606805,NA,104,NA,182.931034482759,NA,0.167757185228949
"142","GRE","GRE-23",33.3606805,NA,96,NA,210.232558139535,NA,0.169322562506959
"143","GRE","GRE-24",33.3606805,NA,192,NA,170.285714285714,NA,0.186367781756407
"144","GRE","GRE-25",33.3606805,NA,124,NA,194.444444444444,NA,0.154161593684747
"145","GRE","GRE-26",33.3606805,NA,112,NA,190.634920634921,NA,0.261071064079239
"146","GRE","GRE-27",33.3606805,NA,132,NA,234.545454545455,NA,0.208543959861555
"147","GRE","GRE-28",33.3606805,NA,88,NA,241.818181818182,NA,0.265970115190049
"148","GRE","GRE-29",33.3606805,NA,76,NA,225.384615384615,NA,0.226603775494897
"149","GRE","GRE-3",33.3606805,NA,152,NA,198.59375,NA,0.12778208770346
"150","GRE","GRE-30",33.3606805,NA,204,NA,190.555555555556,NA,0.108504756409442
"151","GRE","GRE-4",33.3606805,NA,128,NA,224.347826086957,NA,0.176424737194229
"152","GRE","GRE-5",33.3606805,NA,76,NA,227.547169811321,NA,0.139048938976054
"153","GRE","GRE-6",33.3606805,NA,132,NA,199.189189189189,NA,0.162133422415356
"154","GRE","GRE-7",33.3606805,NA,76,NA,204.615384615385,NA,0.125086160169108
"155","GRE","GRE-8",33.3606805,NA,100,NA,195.263157894737,NA,0.142537217972114
"156","GRE","GRE-9",33.3606805,NA,136,NA,226.25,NA,0.152016447044511
"157","HIX","HIX-1",35.126792,90.8965517241379,NA,182.64875026735,NA,0.331262140485571,NA
"158","HIX","HIX-3",35.126792,67.5,NA,170.793650793651,NA,0.517826105878795,NA
"159","I1","I1 - Plant 1",35.756115,NA,372,NA,107.207207207207,NA,0.443456103420585
"160","I1","I1 - Plant 10",35.756115,NA,104,NA,117.596153846154,NA,0.478728554782216
"161","I1","I1 - Plant 11",35.756115,NA,136,NA,149.339622641509,NA,0.355638239892626
"162","I1","I1 - Plant 12",35.756115,NA,152,NA,92.4015748031496,NA,0.503183507729998
"163","I1","I1 - Plant 13",35.756115,NA,92,NA,110.188679245283,NA,0.985554800992502
"164","I1","I1 - Plant 14",35.756115,NA,104,NA,128.25,NA,0.314043190283949
"165","I1","I1 - Plant 15",35.756115,NA,116,NA,149.212121212121,NA,0.370229415829921
"166","I1","I1 - Plant 2",35.756115,NA,252,NA,112.766990291262,NA,0.507289995421887
"167","I1","I1 - Plant 3",35.756115,NA,180,NA,102.880258899676,NA,0.379595215534127
"168","I1","I1 - Plant 4",35.756115,NA,184,NA,99.2941176470588,NA,0.339914137985058
"169","I1","I1 - Plant 5",35.756115,NA,176,NA,119.347826086957,NA,0.22494841104367
"170","I1","I1 - Plant 6",35.756115,NA,124,NA,209.142857142857,NA,0.78334299103366
"171","I1","I1 - Plant 7",35.756115,NA,192,NA,111.483516483516,NA,0.371654017798182
"172","I1","I1 - Plant 8",35.756115,NA,140,NA,126.40243902439,NA,0.30307253201769
"173","I1","I1 - Plant 9",35.756115,NA,96,NA,126.891191709845,NA,0.140963277438765
"174","I1","I1-3B",35.756115,54.75,NA,232.019230769231,NA,0.737360222668245,NA
"175","I1","I1-5B",35.756115,87.5,NA,165.555555555556,NA,1.15014042425883,NA
"176","I1","I1-6A",35.756115,54.25,NA,180.954198473282,NA,0.353371726948876,NA
"177","I2","I2 - Plant 1",38.090354,NA,176,NA,116.48275862069,NA,0.099882134840693
"178","I2","I2 - Plant 10",38.090354,NA,168,NA,142.408759124088,NA,0.0554353502338324
"179","I2","I2 - Plant 11",38.090354,NA,184,NA,176.233766233766,NA,0.530795911523668
"180","I2","I2 - Plant 12",38.090354,NA,112,NA,170.909090909091,NA,0.535314232172987
"181","I2","I2 - Plant 13",38.090354,NA,144,NA,175.973154362416,NA,0.368208366309427
"182","I2","I2 - Plant 14",38.090354,NA,100,NA,174.2,NA,0.425254066308875
"183","I2","I2 - Plant 15",38.090354,NA,124,NA,140.535714285714,NA,0.385515882007559
"184","I2","I2 - Plant 2",38.090354,NA,164,NA,130.909090909091,NA,0.353975696941147
"185","I2","I2 - Plant 3",38.090354,NA,168,NA,157.794117647059,NA,0.337458888848335
"186","I2","I2 - Plant 4",38.090354,NA,116,NA,188.532110091743,NA,0.338210333851359
"187","I2","I2 - Plant 5",38.090354,NA,196,NA,154.893617021277,NA,0.306065551456669
"188","I2","I2 - Plant 6",38.090354,NA,232,NA,186.027397260274,NA,0.430641167864384
"189","I2","I2 - Plant 7",38.090354,NA,240,NA,163.829787234043,NA,0.490221552884072
"190","I2","I2 - Plant 8",38.090354,NA,292,NA,126.201550387597,NA,0.286822544375507
"191","I2","I2 - Plant 9",38.090354,NA,164,NA,207.410714285714,NA,0.877468310932014
"192","I2","I2-1A",38.090354,88,NA,145.460526315789,NA,0.466644166093799,NA
"193","I2","I2-1B",38.090354,107.5,NA,212.542372881356,NA,0.414534093699451,NA
"194","I2","I2-7B",38.090354,120,NA,192.422680412371,NA,0.596379064252249,NA
"195","I3","I3 - Plant 1",38.21292,NA,264,NA,117.677725118483,NA,1.11911344156703
"196","I3","I3 - Plant 10",38.21292,NA,272,NA,136.055555555556,NA,0.549621675358111
"197","I3","I3 - Plant 11",38.21292,NA,204,NA,150.659340659341,NA,0.789989738277959
"198","I3","I3 - Plant 12",38.21292,NA,140,NA,100,NA,0.652287281975739
"199","I3","I3 - Plant 13",38.21292,NA,212,NA,121.393034825871,NA,0.999421185417484
"200","I3","I3 - Plant 14",38.21292,NA,144,NA,128.235294117647,NA,0.701896012961422
"201","I3","I3 - Plant 15",38.21292,NA,144,NA,128.510638297872,NA,0.922157238957551
"202","I3","I3 - Plant 2",38.21292,NA,116,NA,153.382352941176,NA,0.988897475766185
"203","I3","I3 - Plant 3",38.21292,NA,136,NA,129.794520547945,NA,0.86342354279651
"204","I3","I3 - Plant 4",38.21292,NA,180,NA,107.564102564103,NA,0.829812874756939
"205","I3","I3 - Plant 5",38.21292,NA,244,NA,104.967320261438,NA,1.26635293466531
"206","I3","I3 - Plant 6",38.21292,NA,116,NA,97.2994652406417,NA,0.571345001097597
"207","I3","I3 - Plant 7",38.21292,NA,148,NA,102.027649769585,NA,0.70613274476791
"208","I3","I3 - Plant 8",38.21292,NA,192,NA,99.57805907173,NA,0.551531967629358
"209","I3","I3 - Plant 9",38.21292,NA,200,NA,93.3149171270718,NA,0.533474890913045
"210","I3","I3-3C",38.21292,106.75,NA,191.965065502183,NA,0.513413188787024,NA
"211","I3","I3-5C",38.21292,75,NA,188.585526315789,NA,0.738700884540487,NA
"212","I3","I3-6C",38.21292,116.25,NA,184.977168949772,NA,1.02821534004291,NA
"213","I3","I3-6D",38.21292,114.25,NA,187.304347826087,NA,0.748536576943359,NA
"214","I4","I4 - Plant 1",39.881442,NA,110,NA,149.714285714286,NA,0.345791876941066
"215","I4","I4 - Plant 10",39.881442,NA,108,NA,224.95145631068,NA,0.314216101425241
"216","I4","I4 - Plant 2",39.881442,NA,91,NA,169.711538461538,NA,0.139713671470618
"217","I4","I4 - Plant 3",39.881442,NA,87,NA,144.732824427481,NA,0.135121522576124
"218","I4","I4 - Plant 4",39.881442,NA,92,NA,291.228070175439,NA,0.980634581371069
"219","I4","I4 - Plant 5",39.881442,NA,112,NA,188.782608695652,NA,0.471123098321744
"220","I4","I4 - Plant 6",39.881442,NA,116,NA,264.197530864198,NA,0.216179673112025
"221","I4","I4 - Plant 7",39.881442,NA,108,NA,204.236111111111,NA,0.274214564063601
"222","I4","I4 - Plant 8",39.881442,NA,90,NA,216.509433962264,NA,0.629551786033872
"223","I4","I4 - Plant 9",39.881442,NA,146,NA,22.3111111111111,NA,0.410894471559649
"224","ICH","ICH-3",31.240498,104,NA,144.736842105263,NA,1.45230821193402,NA
"225","ICH","ICH-5",31.240498,138.25,NA,170.984455958549,NA,0.444007804038184,NA
"226","ICH","ICH-6",31.240498,132.75,NA,173.254716981132,NA,0.397829284128574,NA
"227","ICH","Ich1",31.240498,NA,178,NA,137.443946188341,NA,0.810024089899089
"228","ICH","Ich2",31.240498,NA,70,NA,146.363636363636,NA,0.811029467738896
"229","ICH","Ich3",31.240498,NA,138,NA,181.271929824561,NA,1.05252342335355
"230","ICH","Ich4",31.240498,NA,178,NA,125.431472081218,NA,0.285803095578078
"231","ICH","Ich5",31.240498,NA,210,NA,133.538461538462,NA,0.2695596762509
"232","ICH","Ich6",31.240498,NA,152,NA,162.803738317757,NA,0.391680061029131
"233","KAN","KAN-1",41.0491084,NA,228,NA,115.890410958904,NA,0.295451387259246
"234","KAN","KAN-10",41.0491084,NA,180,NA,131.145038167939,NA,0.265651242040825
"235","KAN","KAN-11",41.0491084,NA,208,NA,145.178571428571,NA,0.22399481336488
"236","KAN","KAN-12",41.0491084,NA,148,NA,138.878504672897,NA,0.246228968406251
"237","KAN","KAN-13",41.0491084,NA,184,NA,119.148936170213,NA,0.242141594402557
"238","KAN","KAN-14",41.0491084,NA,140,NA,148.365384615385,NA,0.23332910009672
"239","KAN","KAN-15",41.0491084,NA,172,NA,184.468085106383,NA,0.126999399064455
"240","KAN","KAN-17",41.0491084,NA,140,NA,179.649122807018,NA,0.146305718826583
"241","KAN","KAN-18",41.0491084,NA,144,NA,227.916666666667,NA,0.0819458308732572
"242","KAN","KAN-19",41.0491084,NA,156,NA,156.716417910448,NA,0.186106885543405
"243","KAN","KAN-2",41.0491084,NA,196,NA,122.095238095238,NA,0.213645930249144
"244","KAN","KAN-20",41.0491084,NA,248,NA,108.16091954023,NA,0.352210807821181
"245","KAN","KAN-21",41.0491084,NA,196,NA,112.837837837838,NA,0.195789033892581
"246","KAN","KAN-22",41.0491084,NA,208,NA,115.194805194805,NA,0.263361153060032
"247","KAN","KAN-23",41.0491084,NA,164,NA,136.233766233766,NA,0.23843107048431
"248","KAN","KAN-24",41.0491084,NA,184,NA,121.573033707865,NA,0.223241113193986
"249","KAN","KAN-25",41.0491084,NA,176,NA,130.990099009901,NA,0.260491294717013
"250","KAN","KAN-26",41.0491084,NA,188,NA,128.865979381443,NA,0.222110562937645
"251","KAN","KAN-27",41.0491084,NA,144,NA,128.433734939759,NA,0.261158029483573
"252","KAN","KAN-28",41.0491084,NA,196,NA,151.463414634146,NA,0.253968889391969
"253","KAN","KAN-29",41.0491084,NA,158,NA,155.2,NA,0.255157416584532
"254","KAN","KAN-3",41.0491084,NA,124,NA,145.511811023622,NA,0.249736573047719
"255","KAN","KAN-30",41.0491084,NA,164,NA,120.864197530864,NA,0.193817818061012
"256","KAN","KAN-4",41.0491084,NA,188,NA,142.5,NA,0.282000738055601
"257","KAN","KAN-5",41.0491084,NA,192,NA,159.622641509434,NA,0.209587544713562
"258","KAN","KAN-6",41.0491084,NA,204,NA,125.316455696203,NA,0.195760045424469
"259","KAN","KAN-7",41.0491084,NA,152,NA,138.914728682171,NA,0.274898563368331
"260","KAN","KAN-8",41.0491084,NA,248,NA,120.519480519481,NA,0.238981851378424
"261","KAN","KAN-9",41.0491084,NA,308,NA,127.714285714286,NA,0.198513949895043
"262","MOR","MOR-1",33.805162,136,NA,192.994923857868,NA,0.642749109869975,NA
"263","MOR","MOR-4",33.805162,109.783333333333,NA,173.841295546558,NA,0.655856213955316,NA
"264","MOR","MOR-6",33.805162,123.4921875,NA,167.312844771539,NA,0.715408252246146,NA
"265","N1","N1 - Plant 1",41.060078,NA,228,NA,139.655172413793,NA,0.792889972188793
"266","N1","N1 - Plant 10",41.060078,NA,243,NA,96.043956043956,NA,0.679840312974353
"267","N1","N1 - Plant 11",41.060078,NA,345,NA,113.864541832669,NA,0.883882986643795
"268","N1","N1 - Plant 2",41.060078,NA,139,NA,157.131147540984,NA,0.44519698563892
"269","N1","N1 - Plant 3",41.060078,NA,83,NA,119.079754601227,NA,0.243781859469301
"270","N1","N1 - Plant 4",41.060078,NA,77,NA,145.555555555556,NA,0.313647566558671
"271","N1","N1 - Plant 5",41.060078,NA,134,NA,158.275862068966,NA,0.239452752649074
"272","N1","N1 - Plant 6",41.060078,NA,98,NA,130,NA,0.580941350523579
"273","N1","N1 - Plant 7",41.060078,NA,81,NA,151.692307692308,NA,0.488082066471799
"274","N1","N1 - Plant 8",41.060078,NA,128,NA,125.079365079365,NA,0.387836942053025
"275","N1","N1 - Plant 9",41.060078,NA,78,NA,152.133333333333,NA,0.65543101707263
"276","N10","Kettle-2",43.642057,NA,60,NA,193.548387096774,NA,0.708832591401194
"277","N10","Kettle-3",43.642057,NA,44,NA,189.0625,NA,0.693852940238927
"278","N10","Kettle-4",43.642057,NA,68,NA,144.594594594595,NA,0.88317900646543
"279","N10","Kettle-5",43.642057,NA,96,NA,130.630630630631,NA,0.447547433891198
"280","N10","Kettle-6",43.642057,NA,56,NA,233.673469387755,NA,0.286001078302304
"281","N2","N2 - Plant 1",41.378575,NA,81,NA,266,NA,0.529303623005812
"282","N2","N2 - Plant 10",41.378575,NA,112,NA,176.125,NA,0.858591464126147
"283","N2","N2 - Plant 11",41.378575,NA,184,NA,158.6,NA,0.5981332915187
"284","N2","N2 - Plant 2",41.378575,NA,82,NA,152.296296296296,NA,0.498789786867999
"285","N2","N2 - Plant 3",41.378575,NA,93,NA,195.223880597015,NA,0.692178773182705
"286","N2","N2 - Plant 4",41.378575,NA,139,NA,194.153225806452,NA,0.694178749026429
"287","N2","N2 - Plant 5",41.378575,NA,187,NA,143.598326359833,NA,0.655583775234047
"288","N2","N2 - Plant 6",41.378575,NA,100,NA,215.2,NA,0.733815155765264
"289","N2","N2 - Plant 7",41.378575,NA,188,NA,185.31914893617,NA,1.34758332031523
"290","N2","N2 - Plant 8",41.378575,NA,107,NA,193.168316831683,NA,0.598226721714565
"291","N2","N2 - Plant 9",41.378575,NA,83,NA,21.1407407407407,NA,0.693398626033357
"292","N2","N2-5A",41.378575,71,NA,137.178329571106,NA,0.252118119797786,NA
"293","N2","N2-5B",41.378575,56.75,NA,158.986486486486,NA,0.250284935746252,NA
"294","N2","N2-6A",41.378575,54.75,NA,174.822134387352,NA,0.232644353489594,NA
"295","N2","N2-6B",41.378575,77.25,NA,143.77358490566,NA,0.623328506961548,NA
"296","N3","N3 - Plant 1",42.957818,NA,92,NA,135.762711864407,NA,0.624451501076872
"297","N3","N3 - Plant 2",42.957818,NA,132,NA,133.235294117647,NA,0.413978397042194
"298","N3","N3 - Plant 3",42.957818,NA,95,NA,235.25641025641,NA,0.534665610574235
"299","N3","N3 - Plant 4",42.957818,NA,133,NA,178.703703703704,NA,0.575037486000272
"300","N3","N3 - Plant 5",42.957818,NA,115,NA,154.964539007092,NA,0.596088546544349
"301","N3","N3 - Plant 6",42.957818,NA,141,NA,141.981132075472,NA,0.618923294001148
"302","N3","N3 - Plant 7",42.957818,NA,108,NA,159.322033898305,NA,0.941749198404018
"303","N4","N4 - Plant 1",42.950489,NA,98,NA,176.785714285714,NA,0.158623919972274
"304","N4","N4 - Plant 2",42.950489,NA,74,NA,131.627906976744,NA,0.418345153854098
"305","N4","N4 - Plant 3",42.950489,NA,99,NA,160.655737704918,NA,0.202136729812794
"306","N4","N4 - Plant 4",42.950489,NA,109,NA,95.945945945946,NA,0.255820967275113
"307","N4","N4 - Plant 5",42.950489,NA,135,NA,130.168539325843,NA,0.9141637407018
"308","N4","N4 - Plant 6",42.950489,NA,162,NA,136.622516556291,NA,0.628654781642041
"309","N4","N4 - Plant 7",42.950489,NA,170,NA,119.134199134199,NA,0.590087598489392
"310","N5","Culvan-1",42.442998,NA,164,NA,132.388059701493,NA,0.905289996219649
"311","N5","Culvan-2",42.442998,NA,144,NA,150.724637681159,NA,0.761171963239268
"312","N5","Culvan-3",42.442998,NA,124,NA,133.070866141732,NA,0.60472975596236
"313","N5","Culvan-4",42.442998,NA,104,NA,142.912621359223,NA,0.505013475232661
"314","N5","Culvan-5",42.442998,NA,100,NA,113.619047619048,NA,0.88892769524182
"315","N5","Culvan-6",42.442998,NA,152,NA,127.961165048544,NA,0.446813926156489
"316","N5","N5 - Plant 1",42.442998,NA,132,NA,128.43537414966,NA,0.182654066640479
"317","N5","N5 - Plant 10",42.442998,NA,178,NA,163.974358974359,NA,0.153180844671191
"318","N5","N5 - Plant 11",42.442998,NA,107,NA,260.740740740741,NA,0.526696237703321
"319","N5","N5 - Plant 3",42.442998,NA,167,NA,139.558823529412,NA,0.36414321891531
"320","N5","N5 - Plant 4",42.442998,NA,240,NA,96.8897637795276,NA,0.890219497062919
"321","N5","N5 - Plant 5",42.442998,NA,217,NA,105.026737967914,NA,0.732751691612433
"322","N5","N5 - Plant 6",42.442998,NA,281,NA,133.245033112583,NA,0.396524124275146
"323","N5","N5 - Plant 7",42.442998,NA,289,NA,106.698113207547,NA,1.11592387842639
"324","N5","N5 - Plant 8",42.442998,NA,137,NA,105.620437956204,NA,1.20532665660874
"325","N5","N5 - Plant 9",42.442998,NA,201,NA,143.202247191011,NA,0.506015445416456
"326","N5","N5-3F",42.442998,87,NA,172.690909090909,NA,0.625790916568864,NA
"327","N5","N5-3G",42.442998,41,NA,226.164383561644,NA,0.737948692587951,NA
"328","N5","N5-4D",42.442998,98,NA,187.383720930233,NA,0.587196204123569,NA
"329","N5","N5-4G",42.442998,95,NA,127.789699570815,NA,1.14312920841632,NA
"330","N5","N5-5F",42.442998,63.5,NA,211.744186046512,NA,0.715810347756882,NA
"331","N5","N5-6A",42.442998,80.25,NA,162.057142857143,NA,0.655201624315537,NA
"332","N6","N6 - Plant 1",42.426433,NA,323,NA,149.545454545455,NA,0.373249221316595
"333","N6","N6 - Plant 2",42.426433,NA,190,NA,179.166666666667,NA,0.339835978514784
"334","N6","N6 - Plant 3",42.426433,NA,276,NA,142.566371681416,NA,0.514930411608869
"335","N6","N6 - Plant 4",42.426433,NA,415,NA,135.434782608696,NA,0.451650425505762
"336","N6","N6 - Plant 5",42.426433,NA,174,NA,235.818181818182,NA,0.142616649072026
"337","N6","N6 - Plant 6",42.426433,NA,251,NA,150.272727272727,NA,0.245207678808178
"338","N6","N6 - Plant 7",42.426433,NA,126,NA,205.135135135135,NA,0.377306852529023
"339","N6","N6 - Plant 8",42.426433,NA,171,NA,200.777777777778,NA,0.465307170081127
"340","N7","Deer-Run-1",42.199832,NA,100,NA,125.161290322581,NA,0.337856608855072
"341","N7","Deer-Run-2",42.199832,NA,116,NA,140.112359550562,NA,0.398998158305442
"342","N7","Deer-Run-3",42.199832,NA,188,NA,108.979591836735,NA,0.122353809482876
"343","N7","Deer-Run-5",42.199832,NA,116,NA,116.323529411765,NA,0.148966071470165
"344","N7","Deer-Run-6",42.199832,NA,144,NA,98.9166666666667,NA,0.461175083639413
"345","N7","N7A - Plant 1",42.199832,NA,295,NA,146.40522875817,NA,0.499939463627714
"346","N7","N7A - Plant 10",42.199832,NA,398,NA,123.631284916201,NA,0.3121089724677
"347","N7","N7A - Plant 11",42.199832,NA,160,NA,156.966292134831,NA,0.210189863685847
"348","N7","N7A - Plant 2",42.199832,NA,247,NA,131.273885350318,NA,0.300196125388446
"349","N7","N7A - Plant 3",42.199832,NA,139,NA,195.078125,NA,0.489193752167675
"350","N7","N7A - Plant 4",42.199832,NA,395,NA,155.263157894737,NA,0.914479353620102
"351","N7","N7A - Plant 5",42.199832,NA,250,NA,126.153846153846,NA,0.899756473536931
"352","N7","N7A - Plant 6",42.199832,NA,94,NA,204.795321637427,NA,0.599209549908885
"353","N7","N7A - Plant 7",42.199832,NA,242,NA,123.076923076923,NA,0.385562143056566
"354","N7","N7A - Plant 8",42.199832,NA,226,NA,151.724137931035,NA,0.631330547228936
"355","N7","N7A - Plant 9",42.199832,NA,455,NA,111.863636363636,NA,0.078583659764711
"356","N8","N8 - Plant 1",42.181973,NA,98,NA,150.434782608696,NA,0.288373926836354
"357","N8","N8 - Plant 10",42.181973,NA,158,NA,105.471698113208,NA,0.217438893240327
"358","N8","N8 - Plant 2",42.181973,NA,96,NA,137.009803921569,NA,0.234887359096606
"359","N8","N8 - Plant 3",42.181973,NA,306,NA,112.622222222222,NA,0.21398869994748
"360","N8","N8 - Plant 4",42.181973,NA,118,NA,139.945054945055,NA,0.227808529354075
"361","N8","N8 - Plant 5",42.181973,NA,78,NA,122.372093023256,NA,0.330368825328798
"362","N8","N8 - Plant 6",42.181973,NA,126,NA,116.277602523659,NA,0.596840498722505
"363","N8","N8 - Plant 7",42.181973,NA,94,NA,128.755760368664,NA,0.37989843282568
"364","N8","N8 - Plant 8",42.181973,NA,124,NA,122.164179104478,NA,0.382478508784582
"365","N8","N8 - Plant 9",42.181973,NA,122,NA,143.965517241379,NA,0.529686513566706
"366","N9","UWM-1",43.390901,NA,104,NA,114.331210191083,NA,0.309407073260848
"367","N9","UWM-2",43.390901,NA,100,NA,113.942307692308,NA,0.450247280524481
"368","N9","UWM-3",43.390901,NA,116,NA,109.083333333333,NA,0.691191390848019
"369","N9","UWM-4",43.390901,NA,76,NA,139.171270718232,NA,0.556048428799775
"370","N9","UWM-5",43.390901,NA,84,NA,129.448275862069,NA,0.684664522661236
"371","N9","UWM-6",43.390901,NA,72,NA,138.503401360544,NA,0.814384368350882
"372","OAK","OAK-1",42.1814204,NA,96,NA,211.951219512195,NA,0.289653693636985
"373","OAK","OAK-10",42.1814204,NA,128,NA,223.823529411765,NA,0.201296842833728
"374","OAK","OAK-11",42.1814204,NA,172,NA,194,NA,0.210138325607676
"375","OAK","OAK-12",42.1814204,NA,140,NA,195.897435897436,NA,0.221733712852198
"376","OAK","OAK-13",42.1814204,NA,148,NA,182.2,NA,0.278898971967691
"377","OAK","OAK-14",42.1814204,NA,184,NA,118.046875,NA,0.183237027200386
"378","OAK","OAK-15",42.1814204,NA,144,NA,167.80701754386,NA,0.337832527637973
"379","OAK","OAK-16",42.1814204,NA,252,NA,127.472527472527,NA,0.202427393090069
"380","OAK","OAK-17",42.1814204,NA,124,NA,191.40625,NA,0.247910299556706
"381","OAK","OAK-18",42.1814204,NA,148,NA,167.739130434783,NA,0.252055650496623
"382","OAK","OAK-19",42.1814204,NA,152,NA,205.531914893617,NA,0.311916837146467
"383","OAK","OAK-2",42.1814204,NA,144,NA,173.27868852459,NA,0.193817818061012
"384","OAK","OAK-20",42.1814204,NA,172,NA,168.088235294118,NA,0.287972362486529
"385","OAK","OAK-21",42.1814204,NA,196,NA,165.857142857143,NA,0.271564889535531
"386","OAK","OAK-22",42.1814204,NA,136,NA,211.5625,NA,0.274608678687218
"387","OAK","OAK-23",42.1814204,NA,168,NA,181.770833333333,NA,0.285566319633291
"388","OAK","OAK-24",42.1814204,NA,168,NA,194.078947368421,NA,0.271361970258752
"389","OAK","OAK-25",42.1814204,NA,144,NA,204.75,NA,0.248721976663823
"390","OAK","OAK-26",42.1814204,NA,168,NA,167.441860465116,NA,0.273999920856881
"391","OAK","OAK-27",42.1814204,NA,208,NA,172.89156626506,NA,0.250838134835948
"392","OAK","OAK-28",42.1814204,NA,188,NA,171.587301587302,NA,0.231705745882487
"393","OAK","OAK-29",42.1814204,NA,168,NA,170.833333333333,NA,0.244547637255795
"394","OAK","OAK-3",42.1814204,NA,200,NA,176.2,NA,0.253823947051412
"395","OAK","OAK-30",42.1814204,NA,152,NA,203.265306122449,NA,0.278290214137354
"396","OAK","OAK-4",42.1814204,NA,168,NA,130,NA,0.299364830454272
"397","OAK","OAK-5",42.1814204,NA,124,NA,186.081081081081,NA,0.234459650353061
"398","OAK","OAK-6",42.1814204,NA,144,NA,291.470588235294,NA,0.317917450045507
"399","OAK","OAK-7",42.1814204,NA,136,NA,212.575757575758,NA,0.236314912312184
"400","OAK","OAK-8",42.1814204,NA,168,NA,185.128205128205,NA,0.200688085003391
"401","OAK","OAK-9",42.1814204,NA,184,NA,198.867924528302,NA,0.220429231787189
"402","PLA","PLA-1",39.719879,NA,144,NA,218.75,NA,0.0684426934796191
"403","PLA","PLA-10",39.719879,NA,144,NA,174.791666666667,NA,0.0985617118472646
"404","PLA","PLA-11",39.719879,NA,164,NA,195,NA,0.134942239326952
"405","PLA","PLA-12",39.719879,NA,48,NA,202.8125,NA,0.119433408887404
"406","PLA","PLA-13",39.719879,NA,124,NA,208.571428571429,NA,0.212863241610139
"407","PLA","PLA-14",39.719879,NA,116,NA,160.454545454545,NA,0.173062074893318
"408","PLA","PLA-15",39.719879,NA,148,NA,166.024096385542,NA,0.202688289303071
"409","PLA","PLA-16",39.719879,NA,168,NA,154.224137931034,NA,0.0737185946758766
"410","PLA","PLA-17",39.719879,NA,96,NA,235.652173913043,NA,0.201093923556949
"411","PLA","PLA-18",39.719879,NA,124,NA,150,NA,0.15578494789898
"412","PLA","PLA-19",39.719879,NA,136,NA,149.569892473118,NA,0.146044822613582
"413","PLA","PLA-2",39.719879,NA,104,NA,189.480519480519,NA,0.10024304299772
"414","PLA","PLA-20",39.719879,NA,148,NA,170.909090909091,NA,0.133492815921387
"415","PLA","PLA-21",39.719879,NA,72,NA,136.056338028169,NA,0.147668176827815
"416","PLA","PLA-22",39.719879,NA,132,NA,148.974358974359,NA,0.143522825887898
"417","PLA","PLA-23",39.719879,NA,104,NA,147.222222222222,NA,0.1237816791041
"418","PLA","PLA-24",39.719879,NA,144,NA,158.493150684932,NA,0.128709718683021
"419","PLA","PLA-25",39.719879,NA,112,NA,144.098360655738,NA,0.123810667572211
"420","PLA","PLA-26",39.719879,NA,132,NA,160.888888888889,NA,0.0903096612582466
"421","PLA","PLA-27",39.719879,NA,148,NA,136.195652173913,NA,0.089082482774868
"422","PLA","PLA-28",39.719879,NA,140,NA,154.794520547945,NA,0.140826898353547
"423","PLA","PLA-29",39.719879,NA,134,NA,155.257731958763,NA,0.146798522784476
"424","PLA","PLA-3",39.719879,NA,124,NA,184.354838709677,NA,0.125549975658889
"425","PLA","PLA-30",39.719879,NA,96,NA,194.918032786885,NA,0.153543173031706
"426","PLA","PLA-4",39.719879,NA,168,NA,168.095238095238,NA,0.149813323468051
"427","PLA","PLA-5",39.719879,NA,152,NA,148.2,NA,0.115085138670708
"428","PLA","PLA-6",39.719879,NA,112,NA,169.076923076923,NA,0.154422489897749
"429","PLA","PLA-7",39.719879,NA,154,NA,150.338983050847,NA,0.17978739949514
"430","PLA","PLA-8",39.719879,NA,188,NA,155.135135135135,NA,0.0814005387253722
"431","PLA","PLA-9",39.719879,NA,152,NA,182.631578947368,NA,0.167351346675391
"432","PS","PS-1B",29.411548,67,NA,192.465753424658,NA,0.101033491176169,NA
"433","PS","PS-2F",29.411548,61,NA,203.855421686747,NA,0.124263718338453,NA
"434","PS","PS-4D",29.411548,50.25,NA,188.181818181818,NA,0.250136544887492,NA
"435","PS","PS-4E",29.411548,51.25,NA,185.135135135135,NA,0.0958947914946248,NA
"436","PS","PS-5B",29.411548,73,NA,188.188405797101,NA,0.0636806713200112,NA
"437","PS","PS-5E",29.411548,81.5,NA,185.087719298246,NA,0.105891949446999,NA
"438","PS","PS1",29.411548,NA,122,NA,121.820512820513,NA,0.614487950715897
"439","PS","PS2",29.411548,NA,117,NA,114.253968253968,NA,0.803746476306942
"440","PS","PS3",29.411548,NA,98,NA,104.507042253521,NA,0.26128916121441
"441","PS","PS4",29.411548,NA,60,NA,96.1888111888112,NA,0.361768096452641
"442","PS","PS5",29.411548,NA,120,NA,114.405286343612,NA,0.590284505136267
"443","QUI","QUI-1",30.5473566,NA,125,NA,188.77358490566,NA,0.218834866041068
"444","QUI","QUI-10",30.5473566,NA,116,NA,182.132352941176,NA,0.25176576581551
"445","QUI","QUI-11",30.5473566,NA,151,NA,216.231884057971,NA,0.294465779343462
"446","QUI","QUI-12",30.5473566,NA,125,NA,201.208791208791,NA,0.256519874585764
"447","QUI","QUI-13",30.5473566,NA,133,NA,229.324324324324,NA,0.300988184668505
"448","QUI","QUI-14",30.5473566,NA,135,NA,168.015267175573,NA,0.276985733072345
"449","QUI","QUI-15",30.5473566,NA,114,NA,212.745098039216,NA,0.302002781052401
"450","QUI","QUI-16",30.5473566,NA,82,NA,132.427184466019,NA,0.268231215702731
"451","QUI","QUI-17",30.5473566,NA,90,NA,205.471698113208,NA,0.292088724958335
"452","QUI","QUI-18",30.5473566,NA,88,NA,207.5,NA,0.278551110350355
"453","QUI","QUI-19",30.5473566,NA,93,NA,219.818181818182,NA,0.233618984777833
"454","QUI","QUI-2",30.5473566,NA,148,NA,179.148936170213,NA,0.263013291442696
"455","QUI","QUI-20",30.5473566,NA,92,NA,204,NA,0.270028500725632
"456","QUI","QUI-21",30.5473566,NA,288,NA,173.888888888889,NA,0.29287141359734
"457","QUI","QUI-22",30.5473566,NA,111,NA,184.807692307692,NA,0.305829258843093
"458","QUI","QUI-24",30.5473566,NA,98,NA,205.357142857143,NA,0.286349008272296
"459","QUI","QUI-26",30.5473566,NA,143,NA,183.304347826087,NA,0.300785265391726
"460","QUI","QUI-3",30.5473566,NA,123,NA,207.671232876712,NA,0.313569179828811
"461","QUI","QUI-4",30.5473566,NA,116,NA,202.289156626506,NA,0.320004619749521
"462","QUI","QUI-5",30.5473566,NA,97,NA,223.28125,NA,0.293914998449347
"463","QUI","QUI-6",30.5473566,NA,146,NA,183.508771929825,NA,0.369198050134405
"464","QUI","QUI-7",30.5473566,NA,85,NA,239.189189189189,NA,0.351544073054621
"465","QUI","QUI-8",30.5473566,NA,111,NA,194.027777777778,NA,0.353399335013744
"466","QUI","QUI-9",30.5473566,NA,141,NA,200.9375,NA,0.305423420289535
"467","REF","REF-1",35.010498,73,72,156.13475177305,358.571428571429,0.350075959427363,0.174598463703217
"468","REF","REF-10",35.010498,NA,96,NA,284.285714285714,NA,0.0903869638398767
"469","REF","REF-11",35.010498,NA,116,NA,261.444444444445,NA,0.0816904234064853
"470","REF","REF-12",35.010498,NA,144,NA,259.019607843137,NA,0.0655728351365999
"471","REF","REF-13",35.010498,NA,116,NA,279.166666666667,NA,0.214428618888149
"472","REF","REF-14",35.010498,NA,108,NA,283.333333333333,NA,0.0871112669432993
"473","REF","REF-15",35.010498,NA,128,NA,239.538461538462,NA,0.0591084067477789
"474","REF","REF-16",35.010498,NA,132,NA,256.231884057971,NA,0.0933147991191185
"475","REF","REF-17",35.010498,NA,108,NA,275.076923076923,NA,0.0832268122163844
"476","REF","REF-18",35.010498,NA,116,NA,257.8,NA,0.0806758270225896
"477","REF","REF-19",35.010498,NA,124,NA,251.304347826087,NA,0.0820962619600436
"478","REF","REF-2",35.010498,NA,68,NA,379.615384615385,NA,0.11291100356236
"479","REF","REF-20",35.010498,NA,144,NA,281.216216216216,NA,0.0696891976084052
"480","REF","REF-21",35.010498,NA,172,NA,317.317073170732,NA,0.0923002027352228
"481","REF","REF-22",35.010498,NA,108,NA,404.285714285714,NA,0.0972306275007012
"482","REF","REF-23",35.010498,NA,144,NA,243.033707865169,NA,0.0740374678251009
"483","REF","REF-24",35.010498,NA,192,NA,295.5,NA,0.0656018236047112
"484","REF","REF-25",35.010498,NA,116,NA,282.096774193548,NA,0.0459186537571353
"485","REF","REF-26",35.010498,NA,112,NA,277.34693877551,NA,0.0840095008553897
"486","REF","REF-27",35.010498,NA,120,NA,306.438356164384,NA,0.0747621795278835
"487","REF","REF-28",35.010498,NA,144,NA,272.987012987013,NA,0.0771972108492331
"488","REF","REF-29",35.010498,NA,132,NA,267.121212121212,NA,0.0784727034461305
"489","REF","REF-3",35.010498,NA,60,NA,258.125,NA,0.0748781334003287
"490","REF","REF-30",35.010498,NA,148,NA,260.280373831776,NA,0.0855169011971775
"491","REF","REF-4",35.010498,NA,82,NA,309.102564102564,NA,0.0713125518226382
"492","REF","REF-5",35.010498,147.428571428571,88,170.258653814597,286.55737704918,0.555314100412835,0.0684137050115078
"493","REF","REF-6",35.010498,83.75,52,137.189349112426,268.271604938272,0.276262401772805,0.0651669965830416
"494","REF","REF-7",35.010498,111.5,68,130.178571428571,303.157894736842,0.523425328006817,0.0613115303242381
"495","REF","REF-8",35.010498,NA,188,NA,281.044776119403,NA,0.0386425482611978
"496","REF","REF-9",35.010498,NA,64,NA,362.428571428571,NA,0.0727039982919809
"497","SHE","SHE-1",36.185288,NA,128,NA,165.625,NA,0.217124546422501
"498","SHE","SHE-10",36.185288,NA,180,NA,173.690476190476,NA,0.253910912455746
"499","SHE","SHE-11",36.185288,NA,156,NA,177.34375,NA,0.266231011403051
"500","SHE","SHE-12",36.185288,NA,212,NA,167.857142857143,NA,0.215878042293715
"501","SHE","SHE-13",36.185288,NA,244,NA,176.176470588235,NA,0.248895907472491
"502","SHE","SHE-14",36.185288,NA,104,NA,183.255813953488,NA,0.185034312223287
"503","SHE","SHE-15",36.185288,NA,188,NA,175.365853658537,NA,0.23243045758527
"504","SHE","SHE-16",36.185288,NA,132,NA,269.130434782609,NA,0.288378201040088
"505","SHE","SHE-17",36.185288,NA,212,NA,155.324675324675,NA,0.26553528816838
"506","SHE","SHE-18",36.185288,NA,108,NA,295,NA,0.251243973389506
"507","SHE","SHE-19",36.185288,NA,100,NA,263.030303030303,NA,0.213645930249144
"508","SHE","SHE-2",36.185288,NA,116,NA,156.222222222222,NA,0.253736981647079
"509","SHE","SHE-20",36.185288,NA,100,NA,251.044776119403,NA,0.229357679965471
"510","SHE","SHE-21",36.185288,NA,116,NA,176.530612244898,NA,0.23466256962984
"511","SHE","SHE-22",36.185288,NA,140,NA,194.6,NA,0.266810780765277
"512","SHE","SHE-23",36.185288,NA,148,NA,150.344827586207,NA,0.250896111772171
"513","SHE","SHE-24",36.185288,NA,132,NA,201.730769230769,NA,0.277594490902682
"514","SHE","SHE-25",36.185288,NA,128,NA,284,NA,0.314786695489486
"515","SHE","SHE-26",36.185288,NA,184,NA,215.333333333333,NA,0.220255300978522
"516","SHE","SHE-27",36.185288,NA,196,NA,155.909090909091,NA,0.218805877572956
"517","SHE","SHE-28",36.185288,NA,164,NA,212.608695652174,NA,0.252896316071851
"518","SHE","SHE-29",36.185288,NA,172,NA,169.814814814815,NA,0.258317159608665
"519","SHE","SHE-3",36.185288,NA,148,NA,189.722222222222,NA,0.304292870033194
"520","SHE","SHE-30",36.185288,NA,112,NA,250,NA,0.263216210719475
"521","SHE","SHE-4",36.185288,NA,152,NA,195.205479452055,NA,0.285392388824623
"522","SHE","SHE-5",36.185288,NA,104,NA,185.692307692308,NA,0.288349212571976
"523","SHE","SHE-6",36.185288,NA,172,NA,166.760563380282,NA,0.233445053969165
"524","SHE","SHE-7",36.185288,NA,176,NA,163.709677419355,NA,0.280725245458703
"525","SHE","SHE-8",36.185288,NA,184,NA,170.892857142857,NA,0.255447301265646
"526","SHE","SHE-9",36.185288,NA,204,NA,236.428571428571,NA,0.34531155241069
"527","SUW","SUW-1",29.3034545,NA,112,NA,251.35593220339,NA,0.225270305961777
"528","SUW","SUW-10",29.3034545,NA,144,NA,308.409090909091,NA,0.246982668577145
"529","SUW","SUW-11",29.3034545,NA,118,NA,274.838709677419,NA,0.254722589562863
"530","SUW","SUW-12",29.3034545,NA,96,NA,291.923076923077,NA,0.222284493746313
"531","SUW","SUW-13",29.3034545,NA,156,NA,172.285714285714,NA,0.247968276492929
"532","SUW","SUW-14",29.3034545,NA,148,NA,240.285714285714,NA,0.0675150625000573
"533","SUW","SUW-15",29.3034545,NA,140,NA,202.820512820513,NA,0.0601230031316746
"534","SUW","SUW-16",29.3034545,NA,76,NA,259.830508474576,NA,0.0807338039588123
"535","SUW","SUW-17",29.3034545,NA,120,NA,245.8,NA,0.0737185946758765
"536","SUW","SUW-18",29.3034545,NA,48,NA,278.571428571429,NA,0.0899231483500958
"537","SUW","SUW-19",29.3034545,NA,108,NA,218.285714285714,NA,0.245446279767245
"538","SUW","SUW-2",29.3034545,NA,128,NA,256.393442622951,NA,0.205906009263426
"539","SUW","SUW-20",29.3034545,NA,112,NA,403.333333333333,NA,0.474107316229217
"540","SUW","SUW-3",29.3034545,NA,120,NA,322.941176470588,NA,0.199267650065937
"541","SUW","SUW-4",29.3034545,NA,124,NA,299.318181818182,NA,0.252258569773402
"542","SUW","SUW-5",29.3034545,NA,132,NA,260.357142857143,NA,0.0861546474956262
"543","SUW","SUW-6",29.3034545,NA,122,NA,218.196721311475,NA,0.107490160025546
"544","SUW","SUW-7",29.3034545,NA,116,NA,257.209302325581,NA,0.0865025091129619
"545","SUW","SUW-8",29.3034545,NA,132,NA,202.857142857143,NA,0.0865894745172958
"546","SUW","SUW-9",29.3034545,NA,82,NA,223.793103448276,NA,0.100445962274499
"547","TAL","TAL-1",30.4959901,NA,84,NA,199.098360655738,NA,0.150277138957832
"548","TAL","TAL-10",30.4959901,NA,132,NA,204.166666666667,NA,0.204920401347641
"549","TAL","TAL-11",30.4959901,NA,124,NA,152,NA,0.0980399194212611
"550","TAL","TAL-12",30.4959901,NA,172,NA,167.6,NA,0.163669811225255
"551","TAL","TAL-13",30.4959901,NA,156,NA,179.411764705882,NA,0.126216710425449
"552","TAL","TAL-14",30.4959901,NA,116,NA,183.571428571429,NA,0.146943465125032
"553","TAL","TAL-15",30.4959901,NA,128,NA,173.239436619718,NA,0.124042575317101
"554","TAL","TAL-16",30.4959901,NA,136,NA,184.285714285714,NA,0.14201542554611
"555","TAL","TAL-17",30.4959901,NA,108,NA,160.44776119403,NA,0.132565184941825
"556","TAL","TAL-19",30.4959901,NA,116,NA,189.130434782609,NA,0.167496289015947
"557","TAL","TAL-2",30.4959901,NA,176,NA,130.574712643678,NA,0.159437494881004
"558","TAL","TAL-20",30.4959901,NA,104,NA,194.328358208955,NA,0.138044005414862
"559","TAL","TAL-21",30.4959901,NA,136,NA,162.857142857143,NA,0.169351550975071
"560","TAL","TAL-22",30.4959901,NA,164,NA,179.651162790698,NA,0.210921014246682
"561","TAL","TAL-23",30.4959901,NA,108,NA,177.659574468085,NA,0.108562733345665
"562","TAL","TAL-3",30.4959901,NA,144,NA,182.058823529412,NA,0.133144954304051
"563","TAL","TAL-4",30.4959901,NA,92,NA,196.440677966102,NA,0.159031656327446
"564","TAL","TAL-5",30.4959901,NA,104,NA,167.934782608696,NA,0.222574378427426
"565","TAL","TAL-6",30.4959901,NA,192,NA,174.52380952381,NA,0.15311800883274
"566","TAL","TAL-7",30.4959901,NA,116,NA,221.25,NA,0.165235188503265
"567","TAL","TAL-8",30.4959901,NA,156,NA,195.777777777778,NA,0.186106885543405
"568","TAL","TAL-9",30.4959901,NA,152,NA,172.5,NA,0.16822100071873
