Pop,Plant_ID,Rep,Date,Trichomes_b1,Spines_b1,L_area_b1,L_weight_b1,Trichomes_b2,Spines_b2,L_area_b2,L_weight_b2,Trichomes_t1,Spines_t1,L_area_t1,L_weight_t1,Trichomes_t2,Spines_t2,L_area_t2,L_weight_t2
BR,1,A,8/17/2023,105,18,1.128,0.0052,112,8,0.775,0.0032,190,11,1.944,0.0117,204,14,0.757,0.0042
BR,1,E,8/17/2023,152,12,1.999,0.0139,85,11,0.809,0.0043,180,11,0.951,0.0055,192,11,1.118,0.0066
BR,1,H,8/17/2023,180,15,0.884,0.0052,135,13,0.658,0.004,200,9,0.849,0.0051,140,10,1.148,0.0071
BR,1,J,8/17/2023,115,19,0.511,0.0024,225,14,0.703,0.004,252,11,0.693,0.0045,220,16,1.17,0.0083
DUDU,1,A,8/17/2023,84,17,1.909,0.0123,97,18,1.37,0.0105,15,9,0.824,0.0047,58,10,1.821,0.0116
DUDU,1,C,8/17/2023,45,11,1.426,0.0099,56,17,1.532,0.0097,42,15,1.3,0.0079,51,11,1.844,0.0125
DUDU,7,A,8/17/2023,52,7,0.883,0.0056,42,4,0.96,0.0062,69,8,0.543,0.0021,48,8,1.686,0.0105
DUDU,7,B,8/17/2023,75,11,0.955,0.0058,55,11,1.183,0.0057,66,10,0.757,0.0036,85,9,1.321,0.0068
DUDU,7,C,8/17/2023,54,8,0.678,0.004,96,0,0.47,0.0022,35,4,0.532,0.0037,76,5,0.689,0.0028
DUDU,7,D,8/17/2023,64,7,0.529,0.0034,45,2,2.113,0.0129,70,10,1.479,0.0085,90,11,1.608,0.0096
DUDU,7,E,8/17/2023,66,3,0.828,0.0049,64,9,0.778,0.0057,87,7,0.762,0.0054,64,7,1.016,0.0062
DUDU,3,A,8/17/2023,100,9,0.919,0.0054,37,7,1.078,0.006,108,11,0.91,0.0055,128,9,1.445,0.0076
DUDU,3,C,8/17/2023,61,12,1.226,0.0051,100,14,0.977,0.0059,66,7,1.013,0.0052,86,5,0.98,0.0041
DUDU,3,D,8/17/2023,60,8,1.572,0.0089,,,,,64,9,1.225,0.0079,,,,
DUDU,5,A,8/17/2023,84,8,0.813,0.0054,72,9,1.849,0.0111,110,7,1.354,0.0064,83,6,1.047,0.0052
DUDU,5,B,8/17/2023,69,10,1.542,0.0085,80,3,1.003,0.006,84,7,1.103,0.0057,70,8,1.257,0.0064
FLAT,1,A,8/17/2023,97,3,0.76,0.0037,153,4,0.703,0.0044,144,12,0.96,0.006,109,11,0.945,0.0066
FLAT,1,B,8/17/2023,19,1,0.8,0.0024,9,5,0.558,0.0019,67,4,0.72,0.0026,120,4,0.741,0.0021
FLAT,3,A,8/17/2023,85,13,0.742,0.004,80,11,1.022,0.0047,58,10,0.782,0.0033,44,10,0.877,0.0048
FLAT,4,B,8/17/2023,,,,,,,,,,,,,,,,
FLAT,5,A,8/17/2023,115,16,1.841,0.0099,65,17,0.6,0.0027,125,13,2.366,0.0139,120,13,0.874,0.0059
FLAT,6,B,8/17/2023,108,20,1.677,0.0079,130,18,1.296,0.0062,132,11,1.461,0.0091,128,13,1.814,0.00106
HIX,1,C,8/17/2023,128,13,1.036,0.0061,75,14,0.897,0.005,123,16,0.839,0.0035,72,16,0.542,0.0027
HIX,1,D,8/17/2023,105,4,1.11,0.0056,112,11,1.126,0.006,63,16,0.935,0.0047,92,13,1.08,0.0072
HIX,1,E,8/17/2023,115,11,1.04,0.0047,90,8,0.898,0.0052,34,8,0.757,0.0042,128,9,1.367,0.0089
HIX,1,G,8/17/2023,112,3,2.015,0.0113,115,10,0.718,0.0049,23,16,0.933,0.004,105,13,0.921,0.0042
HIX,3,E,8/17/2023,87,4,0.708,0.0037,100,3,0.529,0.0039,44,12,0.996,0.0061,39,11,0.995,0.0052
HIX,4,C,8/17/2023,175,13,1.193,0.0058,136,9,1.164,0.0052,128,11,1.629,0.0083,120,7,2.282,0.0106
HIX,4,D,8/17/2023,135,8,1.198,0.0075,110,4,1.352,0.0096,130,13,1.725,0.0088,140,8,1.243,0.0074
I1,3,B,8/17/2023,75,0,0.6,0.0017,30,4,0.518,0.0035,64,0,0.69,0.0029,50,0,0.605,0.0023
I1,4,B,8/17/2023,108,13,1.543,0.0094,132,13,1.568,0.0092,210,7,0.547,0.0027,216,8,0.713,0.0036
I1,5,A,8/17/2023,64,12,1.191,0.0039,60,17,1.882,0.0063,78,3,0.596,0.0023,105,15,0.585,0.0037
I1,5,B,8/17/2023,53,5,1.161,0.0077,54,5,1.372,0.0077,240,6,0.412,0.0017,3,11,0.482,0.0036
I1,6,A,8/17/2023,23,2,1.074,0.0039,100,6,1.324,0.0083,79,9,1.184,0.0071,15,4,1.159,0.0069
I2,1,A,8/17/2023,90,8,1.025,0.0075,87,8,1.417,0.0128,100,7,0.883,0.0041,75,7,1.097,0.006
I2,1,B,8/17/2023,31,1,0.832,0.0047,64,9,0.711,0.0051,175,7,1.139,0.0039,160,5,1.08,0.004
I2,2,A,8/17/2023,56,1,0.0535,0.0023,85,13,1.416,0.0054,132,9,1.752,0.0103,148,4,1.061,0.0069
I2,5,B,8/17/2023,,,,,,,,,,,,,,,,
I2,7,B,8/17/2023,152,10,1.242,0.0065,75,7,0.769,0.0037,125,7,0.793,0.0037,128,9,0.929,0.0055
I3,2,C,8/17/2023,105,16,2.318,0.0123,112,12,1.414,0.007,84,4,1.627,0.0083,119,12,0.976,0.0049
I3,3,C,8/17/2023,103,22,1.137,0.0055,85,1,1.058,0.0054,114,23,1.191,0.0067,125,32,1.01,0.0053
I3,4,A,8/17/2023,89,13,1.313,0.0076,72,14,1.494,0.0075,75,12,0.887,0.0047,109,9,0.681,0.0038
I3,4,B,8/17/2023,155,14,0.888,0.0053,125,14,1.657,0.011,121,14,0.894,0.0057,120,31,1.893,0.01
I3,5,C,8/17/2023,128,21,1.26,0.0069,105,13,1.116,0.007,28,26,2.287,0.0104,39,20,1.07,0.0061
I3,6,C,8/17/2023,120,9,0.801,0.0037,66,4,1.018,0.006,131,21,1.113,0.0066,148,22,1.119,0.0056
I3,6,D,8/17/2023,125,9,0.472,0.003,105,9,0.437,0.0023,112,11,0.815,0.0045,115,8,0.43,0.0017
ICH,1,A,8/17/2023,120,13,1.573,0.0118,150,15,0.915,0.0063,236,11,0.937,0.0057,264,9,1.492,0.0096
ICH,1,B,8/17/2023,140,12,0.767,0.0034,122,16,0.981,0.0032,160,11,0.914,0.0054,140,19,2.03,0.0103
ICH,3,A,8/17/2023,88,15,1.094,0.0068,,,,,120,9,0.556,0.0046,,,,
ICH,5,A,8/17/2023,124,9,0.716,0.0043,64,6,0.58,0.0029,240,7,1.408,0.0062,125,11,0.596,0.0059
ICH,6,A,8/17/2023,125,7,0.753,0.0044,96,5,0.907,0.0056,160,13,0.836,0.0054,150,11,1.177,0.0058
MOR,1,B,8/17/2023,,,,,,,,,320,6,0.408,0.0024,131,8,0.487,0.0027
MOR,1,C,8/17/2023,88,17,1.487,0.0068,95,14,1.359,0.0083,148,9,1.974,0.0097,125,13,1.355,0.0075
MOR,1,D,8/17/2023,150,3,0.807,0.0042,130,2,1.042,0.005,128,12,0.754,0.0039,136,18,1.199,0.0066
MOR,2,A,8/17/2023,,,,,,,,,,,,,,,,
MOR,2,B,8/17/2023,105,21,1.575,0.0086,144,16,2.247,0.0136,125,19,1.28,0.0078,175,18,1.565,0.0096
MOR,4,C,8/17/2023,72,18,1.373,0.0062,104,23,1.506,0.0079,200,18,1.046,0.007,150,15,2.088,0.0147
MOR,4,D,8/17/2023,,,,,,,,,,,,,,,,
MOR,4,E,8/17/2023,100,7,1.67,0.0083,80,13,1.564,0.0072,125,15,0.8,0.0047,108,21,1.174,0.0083
MOR,4,F,8/17/2023,140,16,1.431,0.0084,160,22,1.532,0.0094,120,21,1.036,0.0065,42,20,1.182,0.0069
MOR,6,A,8/17/2023,125,16,1.345,0.0069,110,15,1.881,0.009,57,7,0.712,0.0044,160,21,1.448,0.0105
MOR,6,C,8/17/2023,136,15,1.239,0.0079,110,12,1.123,0.0061,124,11,0.885,0.0057,114,11,1.336,0.0081
MOR,6,D,8/17/2023,69,21,1.726,0.0088,128,21,1.657,0.0091,160,25,1.052,0.008,188,23,1.429,0.0103
N2,4,A,8/17/2023,67,9,1.402,0.0047,105,16,1.617,0.0092,136,2,0.741,0.0045,93,1,0.89,0.0041
N2,5,A,8/17/2023,61,2,2.199,0.0156,48,6,0.951,0.0073,95,16,1.317,0.0097,80,10,1.61,0.0117
N2,5,B,8/17/2023,86,1,0.891,0.0048,62,6,1.356,0.0086,36,8,0.77,0.0048,43,14,1.689,0.0114
N2,5,C,8/17/2023,77,11,0.763,0.005,58,2,1.428,0.007,115,11,0.654,0.0043,84,13,0.617,0.0034
N2,5,D,8/17/2023,85,3,0.838,0.0043,96,12,0.602,0.0047,99,10,0.719,0.0042,118,7,1.207,0.0064
N2,5,E,8/17/2023,72,12,1.559,0.0055,65,15,1.599,0.0114,130,11,0.531,0.003,132,16,0.739,0.0042
N2,6,A,8/17/2023,49,7,1.233,0.0077,74,3,0.982,0.0057,45,5,0.662,0.0036,51,7,1.546,0.0083
N2,6,B,8/17/2023,68,8,1.3,0.0099,65,9,0.583,0.0038,113,6,0.602,0.0039,63,11,0.563,0.0036
N5,3,D,8/17/2023,43,10,1.645,0.0075,109,3,0.935,0.0056,144,8,0.726,0.004,150,7,1.082,0.0063
N5,3,E,8/17/2023,,,,,,,,,,,,,,,,
N5,3,F,8/17/2023,74,7,1.084,0.0067,66,1,1.11,0.0069,95,3,1.408,0.0068,113,4,1.147,0.0071
N5,3,G,8/17/2023,26,7,0.89,0.0043,16,4,1.284,0.0071,81,2,1.445,0.0053,41,2,1.334,0.0052
N5,4,D,8/17/2023,94,4,1.072,0.0053,45,3,0.822,0.0047,132,7,0.696,0.0041,121,6,0.633,0.0031
N5,4,E,8/17/2023,100,7,1.748,0.0107,95,7,2.229,0.0147,156,2,1.346,0.0084,140,4,1.409,0.0086
N5,4,F,8/17/2023,,,,,,,,,110,3,0.688,0.0043,275,4,0.312,0.0016
N5,4,G,8/17/2023,69,8,2.306,0.0144,116,8,1.674,0.0121,90,5,0.824,0.0084,105,7,1.151,0.0117
N5,5,B,8/17/2023,49,14,0.81,0.003,52,14,0.671,0.0027,154,11,0.444,0.003,120,11,0.65,0.004
N5,5,E,8/17/2023,70,16,1.323,0.0067,80,13,1.395,0.0092,86,6,1.045,0.0068,115,4,1.063,0.0061
N5,5,F,8/17/2023,54,6,0.881,0.0042,102,6,0.938,0.0033,48,6,0.697,0.0035,50,4,1.126,0.0062
N5,6,A,8/17/2023,39,4,1.186,0.0058,68,4,1.173,0.0066,86,12,1.649,0.0126,128,9,1.664,0.01
ARB,12,A,8/17/2023,125,8,0.966,0.0052,132,2,0.616,0.0024,180,7,1.527,0.0076,128,11,1.187,0.0059
CAH,12,B,8/17/2023,70,9,0.879,0.0039,66,8,0.566,0.0028,90,8,0.647,0.0043,135,13,0.748,0.0052
CAH,12,C,8/17/2023,120,10,0.726,0.0038,80,18,1.118,0.0047,92,11,1.107,0.0069,150,9,1.051,0.0106
CAH,14,A,8/17/2023,90,5,0.737,0.0043,75,8,0.75,0.005,87,10,0.881,0.0072,56,7,0.86,0.007
CAH,14,B,8/17/2023,84,11,0.689,0.0058,39,11,1.06,0.0073,96,12,0.831,0.0052,25,8,0.698,0.0044
ARB,15,B,8/17/2023,112,14,0.598,0.0025,144,4,2.811,0.0153,124,10,1.954,0.0079,136,8,1.555,0.01
ARB,15,C,8/17/2023,175,15,0.891,0.0061,220,14,1.437,0.0078,212,18,0.896,0.0052,145,5,1.438,0.0076
CAH,5,A,8/17/2023,52,16,1.864,0.0072,80,17,1.492,0.007,60,10,0.706,0.0043,75,5,1.058,0.0061
CAH,5,B,8/17/2023,175,14,1.017,0.0054,92,15,0.955,0.0048,128,7,1.295,0.0072,120,9,1.467,0.0076
CAH,5,C,8/17/2023,75,11,1.586,0.0094,56,4,1.212,0.006,55,7,0.966,0.0049,38,5,0.825,0.0037
ARB,7,A,8/17/2023,72,22,1.406,0.0068,75,19,1.156,0.0072,68,9,0.441,0.0022,108,12,0.585,0.0026
ARB,7,B,8/17/2023,100,17,0.967,0.0056,105,11,1.222,0.0069,135,9,0.564,0.0029,160,11,0.579,0.0035
ARB,7,C,8/17/2023,104,13,0.734,0.0042,85,27,1.064,0.0048,110,11,0.781,0.004,120,4,1.036,0.0058
ARB,7,D,8/17/2023,67,12,1.198,0.0071,72,13,0.544,0.0027,37,11,0.817,0.0049,56,9,1.958,0.0102
ARB,7,E,8/17/2023,60,17,0.762,0.0039,75,13,0.514,0.0031,59,16,0.952,0.0051,87,10,0.808,0.0046
ARB,7,F,8/17/2023,100,14,0.713,0.0041,82,6,0.681,0.003,115,14,0.76,0.0045,110,16,0.936,0.0051
ARB,8,A,8/17/2023,51,7,0.922,0.0036,63,2,0.753,0.0017,116,2,1.305,0.0042,64,5,1.251,0.0048
ARB,8,B,8/17/2023,128,5,2.135,0.0104,74,6,0.825,0.0051,140,13,1.482,0.0079,168,12,1.668,0.009
ARB,8,C,8/17/2023,188,17,1.076,0.0051,228,9,1.204,0.0085,135,3,0.866,0.0038,169,4,1.974,0.0108
CAH,8,A,8/17/2023,33,4,0.799,0.0064,200,5,0.825,0.0046,88,12,1.375,0.007,80,7,0.989,0.0058
CAH,8,B,8/17/2023,85,8,1.325,0.0082,100,7,1.048,0.0052,105,7,1.019,0.0054,116,11,0.907,0.0063
CAH,8,C,8/17/2023,80,6,0.502,0.0035,90,4,0.482,0.0036,48,8,0.596,0.0047,45,10,0.843,0.0077
CAH,8,E,8/17/2023,133,9,0.9,0.0062,76,6,0.645,0.0037,24,6,0.584,0.0041,52,10,0.571,0.0042
CAH,9,A,8/17/2023,200,8,1.599,0.0104,240,7,1.421,0.0117,108,13,1.066,0.0064,144,13,0.562,0.0036
PS,1,A,8/17/2023,76,8,1.16,0.0066,84,14,0.938,0.004,84,8,0.47,0.0027,84,8,1.27,0.0063
PS,1,B,8/17/2023,104,21,1.022,0.0052,92,16,1.074,0.0056,36,14,1.37,0.0068,36,13,0.749,0.0043
PS,2,B,8/17/2023,48,13,0.834,0.0038,64,4,0.513,0.0022,92,13,1.191,0.0066,96,12,0.862,0.0047
PS,2,F,8/17/2023,88,14,1.261,0.0069,76,8,1.305,0.0072,8,13,1.594,0.0071,72,13,0.916,0.0037
PS,2,G,8/17/2023,52,4,0.95,0.0035,96,12,0.967,0.0043,64,13,0.914,0.0051,36,11,1.05,0.0045
PS,3,E,8/17/2023,92,13,1.091,0.0059,52,12,1.041,0.0057,88,12,0.799,0.0041,68,14,1.012,0.0046
PS,4,A,8/17/2023,80,6,1.419,0.005,76,13,0.984,0.0058,76,9,1.399,0.0074,100,7,1.192,0.0067
PS,4,B,8/17/2023,48,12,1.318,0.006,108,11,0.521,0.0026,100,17,1.221,0.0061,128,11,0.992,0.0054
PS,4,D,8/17/2023,47,10,0.792,0.0038,70,11,1.107,0.0063,11,10,1.095,0.0058,73,15,0.939,0.005
PS,4,E,8/17/2023,38,10,1.431,0.0075,56,9,0.913,0.0046,66,8,0.899,0.0054,45,11,0.867,0.0047
PS,5,B,8/17/2023,100,13,0.673,0.0041,74,5,0.592,0.0035,56,10,0.653,0.0029,62,11,0.679,0.0033
PS,5,E,8/17/2023,105,14,1.447,0.0089,85,12,0.951,0.0058,71,15,1.408,0.0065,65,14,1.469,0.0073
REF,1,B,8/17/2023,115,1,1.658,0.0103,86,4,1.588,0.0125,160,5,1.325,0.009,145,15,0.504,0.0035
REF,1,C,8/17/2023,92,4,1.051,0.0075,104,7,1.078,0.0094,130,7,0.858,0.0059,115,6,0.981,0.0058
REF,1,G,8/17/2023,100,10,1.015,0.0069,46,16,0.794,0.0057,110,11,1.056,0.0066,36,11,1.538,0.009
REF,5,A,8/17/2023,164,7,1.691,0.0087,156,2,0.771,0.0044,160,5,0.668,0.0042,152,9,0.964,0.0051
REF,5,B,8/17/2023,120,1,1.475,0.0068,112,1,0.414,0.0023,200,4,1.578,0.009,148,7,0.989,0.0046
REF,5,C,8/17/2023,105,1,1.941,0.0129,88,11,1.141,0.0064,190,11,1.196,0.0082,131,10,1.018,0.0071
REF,5,D,8/17/2023,95,14,1.188,0.0088,148,8,1.072,0.0074,144,7,1.092,0.0078,175,4,0.851,0.0061
REF,5,F,8/17/2023,116,3,1.005,0.0073,140,6,0.824,0.0057,150,11,1.106,0.0079,144,7,1.061,0.008
REF,6,A,8/17/2023,75,2,1.42,0.0106,120,12,1.291,0.0094,45,10,0.746,0.0051,95,10,1.18,0.0087
REF,6,C,8/17/2023,148,3,1.199,0.0085,100,1,1.745,0.0112,152,5,0.752,0.0057,160,8,0.946,0.0072
REF,6,D,8/17/2023,84,0,1.26,0.0085,80,1,1.635,0.0121,120,8,1.148,0.0093,120,12,1.105,0.0078
REF,7,B,8/17/2023,100,1,1.32,0.0104,110,0,0.794,0.0062,108,8,0.795,0.006,128,12,0.736,0.0054
