Pop,Plant_ID,Treatment,Weight,Sprout,Experiment
ARB,ARB-12A,Cont,3.2296,4/29/2023,Dudu
ARB,ARB-15B,Dam,2.6105,4/29/2023,Dudu
ARB,ARB-15C,Und,2.3962,4/29/2023,Dudu
ARB,ARB-7A,Dam,1.7015,5/1/2023,Dudu
ARB,ARB-7B,Und,2.8116,4/29/2023,Dudu
ARB,ARB-7C,Cont,5.3001,4/29/2023,Dudu
ARB,ARB-7D,Cont,2.8882,5/8/2023,Dudu
ARB,ARB-7E,Cont,1.4581,4/30/2023,Dudu
ARB,ARB-7F,Cont,1.5103,5/1/2023,Dudu
ARB,ARB-8A,Cont,1.3898,5/1/2023,Dudu
ARB,ARB-8B,Dam,3.1891,5/1/2023,Dudu
ARB,ARB-8C,Und,4.4219,4/27/2023,Dudu
BR,BR-1A,Dam,2.2031,5/5/2023,Dudu
BR,BR-1E,Cont,2.1749,5/1/2023,Dudu
BR,BR-1F,,1.7807,,
BR,BR-1G,,2.3582,5/3/2023,?
BR,BR-1H,Cont,1.4345,5/1/2023,Dudu
BR,BR-1I,,1.7351,,
BR,BR-1J,Und,2.9145,4/30/2023,Dudu
CAH,CAH-11B,us,1.5681,5/1/2023,Jake
CAH,CAH-12A,,1.3033,,
CAH,CAH-12B,Und,3.9367,4/28/2023,Dudu
CAH,CAH-12C,Cont,5.2405,4/28/2023,Dudu
CAH,CAH-14A,Cont,2.5701,4/30/2023,Dudu
CAH,CAH-14B,Cont,4.369,4/28/2023,Dudu
CAH,CAH-5A,Und,5.6939,4/30/2023,Dudu
CAH,CAH-5B,Dam,3.9567,4/27/2023,Dudu
CAH,CAH-5C,Cont,2.4801,4/28/2023,Dudu
CAH,CAH-8A,Cont,4.8031,4/28/2023,Dudu
CAH,CAH-8B,Dam,4.7736,4/30/2023,Dudu
CAH,CAH-8C,Cont,4.4144,4/28/2023,Dudu
CAH,CAH-8E,Cont,3.652,4/29/2023,Dudu
CAH,CAH-9A,Dam,4.0979,4/30/2023,Dudu
COL,COL-1A,,0.6874,,
COL,COL-1B,,0.2876,,
DUDU,DUDU-10A,us,0.993,5/21/2023,Jake
DUDU,DUDU-10B,,1.605,,
DUDU,DUDU-10C,,0.936,,
DUDU,DUDU-10D,,0.767,,
DUDU,DUDU-10E,,0.805,,
DUDU,DUDU-10F,s,0.812,5/23/2023,Jake
DUDU,DUDU-10G,,1.192,,
DUDU,DUDU-10H,,0.778,,
DUDU,DUDU-10I,,1.519,,
DUDU,DUDU-10J,s,0.859,5/26/2023,Jake
DUDU,DUDU-10L,us,0.787,5/24/2023,Jake
DUDU,DUDU-1A,Cont,2.5016,4/28/2023,Dudu
DUDU,DUDU-1B,,3.5239,5/3/2023,?
DUDU,DUDU-1C,Cont,0.7499,5/1/2023,Dudu
DUDU,DUDU-3A,Dam,1.6807,5/3/2023,Dudu
DUDU,DUDU-3C,Und,3.4238,4/30/2023,Dudu
DUDU,DUDU-3D,Cont,0.8547,5/7/2023,Dudu
DUDU,DUDU-3E,,1.1819,,
DUDU,DUDU-5A,Dam,3.5927,4/30/2023,Dudu
DUDU,DUDU-5B,Und,2.8044,5/2/2023,Dudu
DUDU,DUDU-6A,s,0.618,5/20/2023,Jake
DUDU,DUDU-6B,s,0.63,5/15/2023,Jake
DUDU,DUDU-6C,us,0.656,5/14/2023,Jake
DUDU,DUDU-6D,s,0.55,5/20/2023,Jake
DUDU,DUDU-6E,us,0.862,5/19/2023,Jake
DUDU,DUDU-7A,Cont,0.694,5/15/2023,Dudu
DUDU,DUDU-7B,Dam,0.793,5/15/2023,Dudu
DUDU,DUDU-7C,Cont,0.73,5/15/2023,Dudu
DUDU,DUDU-7D,Und,0.521,5/15/2023,Dudu
DUDU,DUDU-7E,Cont,0.775,5/15/2023,Dudu
DUDU,DUDU-7F,us,0.792,5/20/2023,Jake
DUDU,DUDU-7G,us,0.641,5/23/2023,Jake
DUDU,DUDU-8A,s,1.175,5/20/2023,Jake
DUDU,DUDU-8B,us,0.933,5/17/2023,Jake
DUDU,DUDU-8C,us,0.901,5/19/2023,Jake
DUDU,DUDU-8D,us,0.71,5/17/2023,Jake
DUDU,DUDU-8E,s,1.101,5/21/2023,Jake
DUDU,DUDU-8F,s,0.599,5/23/2023,Jake
DUDU,DUDU-8G,s,0.747,5/23/2023,Jake
DUDU,DUDU-8H,us,0.444,5/24/2023,Jake
DUDU,DUDU-8I,us,0.667,5/20/2023,Jake
DUDU,DUDU-9A,s,0.69,5/19/2023,Jake
DUDU,DUDU-9B,s,0.852,5/21/2023,Jake
DUDU,DUDU-9C,us,0.915,5/22/2023,Jake
DUDU,DUDU-9D,s,0.74,5/24/2023,Jake
DUDU,DUDU-9E,s,0.95,,Jake
DUDU,DUDU-9F,s,0.76,5/18/2023,Jake
ECO,ECO-1A,Cont,4.3764,5/1/2023,Dudu
ECO,ECO-1B,Cont,8.5901,4/29/2023,Dudu
ECO,ECO-2A,Dam,1.8191,5/3/2023,Dudu
ECO,ECO-2B,Und,3.0261,5/1/2023,Dudu
ECO,ECO-3A,Cont,4.8972,4/29/2023,Dudu
ECO,ECO-3B,Cont,4.5853,4/29/2023,Dudu
ECO,ECO-5A,Und,4.4456,4/29/2023,Dudu
ECO,ECO-5B,Dam,4.8275,5/1/2023,Dudu
ECO,ECO-6B,Cont,1.7459,5/3/2023,Dudu
FLAT,FLAT-1A,Cont,2.7408,4/30/2023,Dudu
FLAT,FLAT-1B,Cont,2.4167,5/4/2023,Dudu
FLAT,FLAT-3A,Cont,1.1953,5/4/2023,Dudu
FLAT,FLAT-4A,,0.7419,,
FLAT,FLAT-4B,Dam,2.6487,4/30/2023,Dudu
FLAT,FLAT-5A,Cont,1.5666,5/1/2023,Dudu
FLAT,FLAT-6B,Und,3.4973,4/30/2023,Dudu
HIX,HIX-1C,Dam,1.1704,5/8/2023,Dudu
HIX,HIX-1D,Cont,1.2997,4/30/2023,Dudu
HIX,HIX-1E,Cont,0.9979,4/30/2023,Dudu
HIX,HIX-1F,,0.6789,5/19/2023,?
HIX,HIX-1G,Cont,1.7317,5/1/2023,Dudu
HIX,HIX-3B,,0.8687,,
HIX,HIX-3C,,0.2761,,
HIX,HIX-3E,Cont,1.6384,4/30/2023,Dudu
HIX,HIX-4C,Und,1.4349,4/30/2023,Dudu
HIX,HIX-4D,Dam,0.6452,5/1/2023,Dudu
I1,I1-1A,,2.5717,,
I1,I1-2A,,2.5372,5/4/2023,?
I1,I1-3B,Cont,0.8694,5/4/2023,Dudu
I1,I1-4B,Dam,0.9382,5/1/2023,Dudu
I1,I1-5A,Und,1.7061,4/30/2023,Dudu
I1,I1-5B,Cont,0.7441,5/17/2023,Dudu
I1,I1-6A,Cont,1.8537,4/30/2023,Dudu
I2,I2-1A,Cont,0.6708,5/3/2023,Dudu
I2,I2-1B,Cont,2.4674,5/5/2023,Dudu
I2,I2-2A,Und,3.9304,4/29/2023,Dudu
I2,I2-5A,,2.2439,,
I2,I2-5B,Dam,1.8961,4/29/2023,Dudu
I2,I2-7A,,2.3811,,
I2,I2-7B,Cont,2.2153,4/30/2023,Dudu
I3,I3-2A,,1.2771,,
I3,I3-2C,,3.4845,4/30/2023,?
I3,I3-3B,,1.3346,,
I3,I3-3C,Cont,3.1562,4/30/2023,Dudu
I3,I3-4A,Und,4.6014,4/30/2023,Dudu
I3,I3-4B,Dam,6.1144,4/30/2023,Dudu
I3,I3-5C,Cont,1.9049,4/30/2023,Dudu
I3,I3-6A,,1.6523,,
I3,I3-6C,Cont,2.4865,4/30/2023,Dudu
I3,I3-6D,Cont,4.4978,4/30/2023,Dudu
I4,I4-3A,,3.3184,,
I4,I4-3B,s,3.4659,4/29/2023,Jake
ICH,ICH-1A,Dam,1.5081,4/29/2023,Dudu
ICH,ICH-1B,Und,4.2644,4/30/2023,Dudu
ICH,ICH-3A,Cont,2.6816,4/29/2023,Dudu
ICH,ICH-5A,Cont,2.5749,4/30/2023,Dudu
ICH,ICH-6A,Cont,2.8158,4/29/2023,Dudu
MOR,MOR-1A,us,0.9555,5/5/2023,Jake
MOR,MOR-1B,Dam,1.5619,5/4/2023,Dudu
MOR,MOR-1C,Und,1.614,4/30/2023,Dudu
MOR,MOR-1D,Cont,0.6818,4/30/2023,Dudu
MOR,MOR-2A,Dam,0.7199,5/4/2023,Dudu
MOR,MOR-2B,Und,1.1964,4/30/2023,Dudu
MOR,MOR-2D,,0.8957,,
MOR,MOR-2E,,0.9458,,
MOR,MOR-2F,,0.814,,
MOR,MOR-2G,,1.1357,,
MOR,MOR-2H,,0.313,,
MOR,MOR-4A,s,0.7709,5/4/2023,Jake
MOR,MOR-4B,,1.3797,,
MOR,MOR-4C,Und,1.1624,5/1/2023,Dudu
MOR,MOR-4D,Dam,1.3361,5/3/2023,Dudu
MOR,MOR-4E,Cont,1.6583,4/30/2023,Dudu
MOR,MOR-4F,Cont,0.9519,4/30/2023,Dudu
MOR,MOR-4G,,0.4402,,
MOR,MOR-4H,s,1.5108,5/21/2023,Jake
MOR,MOR-6A,Cont,1.1317,4/29/2023,Dudu
MOR,MOR-6B,,0.6476,,
MOR,MOR-6C,Cont,0.959,4/30/2023,Dudu
MOR,MOR-6D,Cont,1.0561,4/30/2023,Dudu
MOR,MOR-6F,,0.584,,
MOR,MOR-6G,s,1.0256,4/30/2023,Jake
MOR,MOR-8A,s,0.812,5/4/2023,Jake
MOR,MOR-8B,us,0.8495,5/4/2023,Jake
MOR,MOR-8C,,1.0001,,
MOR,MOR-8E,,0.1918,,
MOR,MOR-9A,,0.5824,,
N10,N10-1A,,0.8993,,
N10,N10-3A,,0.5356,,
N10,N10-5A,,0.2009,,
N10,N10-5C,,0.6498,,
N10,N10-6B,,0.5679,,
N1,N1-1A,s,1.0287,5/1/2023,Jake
N1,N1-5A,us,2.2739,4/29/2023,Jake
N1,N1-6A,us,1.2428,5/1/2023,Jake
N2,N2-4A,Und,2.738,4/30/2023,Dudu
N2,N2-5A,Cont,0.6194,5/1/2023,Dudu
N2,N2-5B,Cont,0.7426,5/1/2023,Dudu
N2,N2-5C,Dam,0.433,5/1/2023,Dudu
N2,N2-5D,Dam,1.0255,5/3/2023,Dudu
N2,N2-5E,Und,1.1808,5/1/2023,Dudu
N2,N2-6A,Cont,0.8933,5/1/2023,Dudu
N2,N2-6B,Cont,0.5608,5/1/2023,Dudu
N5,N5-1A,,0.6263,,
N5,N5-1B,,0.4766,,
N5,N5-1C,,0.517,,
N5,N5-1D,s,0.3886,5/1/2023,Jake
N5,N5-2A,,0.6708,5/1/2023,?
N5,N5-2B,s,1.1233,5/18/2023,Jake
N5,N5-2C,,1.4077,5/21/2023,?
N5,N5-3A,s,1.7304,4/29/2023,Jake
N5,N5-3C,,0.5249,,
N5,N5-3D,Und,1.3882,4/28/2023,Dudu
N5,N5-3E,Dam,1.9617,4/29/2023,Dudu
N5,N5-3F,Cont,1.5769,4/30/2023,Dudu
N5,N5-3G,Cont,1.3263,5/1/2023,Dudu
N5,N5-3H,us,1.8033,4/30/2023,Jake
N5,N5-4A,,0.4262,,
N5,N5-4B,,0.5806,,
N5,N5-4C,s,1.5037,5/1/2023,Jake
N5,N5-4D,Cont,1.3465,4/30/2023,Dudu
N5,N5-4E,Und,1.645,4/30/2023,Dudu
N5,N5-4F,Dam,0.867,4/30/2023,Dudu
N5,N5-4G,Cont,1.7733,4/29/2023,Dudu
N5,N5-5A,,0.9007,,
N5,N5-5B,Dam,1.1261,4/29/2023,Dudu
N5,N5-5C,us,0.6417,5/26/2023,Jake
N5,N5-5E,Und,0.6182,4/30/2023,Dudu
N5,N5-5F,Cont,0.8522,5/1/2023,Dudu
N5,N5-6A,Cont,1.0405,4/30/2023,Dudu
N5,N5-6B,,0.8401,,
N5,N5-6C,,0.8668,,
N5,N5-6D,,0.437,,
N7,N7-4A,us,0.8817,5/10/2023,Jake
N7,N7-4F,s,1.1431,5/12/2023,Jake
N7B,N7B-1A,,0.6346,,
N7B,N7B-3D,,0.9519,,
N7B,N7B-4A,Dam,0.8817,4/30/2023,Dudu
N7B,N7B-4B,,1.3266,5/1/2023,?
N7B,N7B-4E,,0.5417,,
N7B,N7B-4F,Und,1.1431,5/1/2023,Dudu
N7B,N7B-4G,,0.5685,,
N7B,N7B-5H,,0.2869,,
N7B,N7B-5I,,0.3041,,
N7B,N7B-5J,,0.6465,,
N7B,N7B-5L,,0.1437,,
N7B,N7B-6A,,0.1079,,
N8,N8-5A,us,1.557,5/1/2023,Jake
PS,PS-1A,Und,2.0498,4/29/2023,Dudu
PS,PS-1B,Cont,2.8891,5/5/2023,Dudu
PS,PS-1C,s,1.3224,4/30/2023,Jake
PS,PS-2A,s,0.9193,5/5/2023,Jake
PS,PS-2B,Dam,2.1484,4/30/2023,Dudu
PS,PS-2C,us,2.4374,5/7/2023,Jake
PS,PS-2D,,0.7354,,
PS,PS-2E,us,1.4259,5/7/2023,Jake
PS,PS-2F,Cont,1.1989,4/30/2023,Dudu
PS,PS-2G,Und,2.0865,5/1/2023,Dudu
PS,PS-2H,,1.7311,,
PS,PS-3D,s,2.3571,5/19/2023,Jake
PS,PS-3E,Dam,3.4067,4/30/2023,Dudu
PS,PS-3F,s,1.3166,4/30/2023,Jake
PS,PS-4A,Und,3.2948,5/3/2023,Dudu
PS,PS-4B,Dam,2.6242,5/1/2023,Dudu
PS,PS-4C,s,1.7994,5/7/2023,Jake
PS,PS-4D,Cont,1.5136,5/3/2023,Dudu
PS,PS-4E,Cont,2.0265,5/3/2023,Dudu
PS,PS-5B,Cont,4.5316,4/29/2023,Dudu
PS,PS-5C,s,1.8662,4/30/2023,Jake
PS,PS-5D,s,1.2508,5/15/2023,Jake
PS,PS-5E,Cont,2.3051,4/30/2023,Dudu
PS,PS-5F,s,2.8699,5/19/2023,Jake
REF,REF-1B,,1.1029,4/30/2023,Jake
REF,REF-1C,Dam,1.4373,4/29/2023,Dudu
REF,REF-1D,,0.7405,,
REF,REF-1E,us,0.6478,5/19/2023,Jake
REF,REF-1F,s,1.0346,5/19/2023,Jake
REF,REF-1G,Cont,0.9678,4/30/2023,Dudu
REF,REF-1H,us,1.4459,4/30/2023,Jake
REF,REF-1J,,0.6415,,
REF,REF-2A,s,0.9287,4/30/2023,Jake
REF,REF-4B,s,1.2372,4/30/2023,Jake
REF,REF-4D,us,1.0087,5/20/2023,Jake
REF,REF-5A,Cont,1.2839,4/28/2023,Dudu
REF,REF-5B,Cont,0.7583,5/1/2023,Dudu
REF,REF-5C,Dam,1.0519,4/30/2023,Dudu
REF,REF-5D,Und,1.0175,4/28/2023,Dudu
REF,REF-5E,,1.064,,
REF,REF-5F,Cont,1.0049,4/29/2023,Dudu
REF,REF-5G,,0.7896,,
REF,REF-5H,,0.6205,,
REF,REF-6A,Cont,1.0066,4/29/2023,Dudu
REF,REF-6B,,1.1074,,
REF,REF-6C,Und,1.1689,4/30/2023,Dudu
REF,REF-6D,Dam,1.7984,5/4/2023,Dudu
REF,REF-6E,s,1.2614,5/1/2023,Jake
REF,REF-6G,,0.8593,4/30/2023,Jake
REF,REF-6H,,0.8291,,
REF,REF-6I,us,1.1642,5/23/2023,Jake
REF,REF-6J,us,0.8989,5/13/2023,Jake
REF,REF-7A,,0.9782,,
REF,REF-7B,Cont,0.8757,4/30/2023,Dudu
REF,REF-7C,us,1.0345,4/30/2023,Jake
REF,REF-7D,,0.5866,,
REF,REF-7E,,0.4272,,
UWM,UWM-2A,,0.4688,,
UWM,UWM-2B,s,0.6646,5/4/2023,Jake
UWM,UWM-2C,,0.1871,,
UWM,UWM-2D,,0.4574,,
UWM,UWM-3A,,0.6262,,
UWM,UWM-3B,,0.4143,5/19/2023,?
UWM,UWM-3C,us,0.9041,5/3/2023,Jake
UWM,UWM-3D,,1.0855,,
UWM,UWM-4A,,0.4289,,
UWM,UWM-4B,s,0.7333,5/20/2023,Jake
