Plant_ID,Leaf_location,Leaf_rep,Sample,Leaf_weight,Experiement,Notes
MOR-1B,B,1,1,18,Dudu,not marked
MOR-1B,B,2,2,20,Dudu,not marked
MOR-1B,T,1,3,20,Dudu,
MOR-1B,T,2,4,20,Dudu,
MOR-1C,B,1,5,21,Dudu,
MOR-1C,B,2,6,21,Dudu,
MOR-1C,T,1,7,20,Dudu,
MOR-1C,T,2,8,20,Dudu,
MOR-1D,B,1,9,20,Dudu,
MOR-1D,B,2,10,20,Dudu,
MOR-1D,T,1,11,20,Dudu,
MOR-1D,T,2,12,20,Dudu,
MOR-2A,B,1,13,20,Dudu,not marked
MOR-2A,B,2,14,20,Dudu,not marked
MOR-2A,T,1,15,20,Dudu,not marked
MOR-2A,T,2,16,21,Dudu,not marked
MOR-2B,B,1,17,20,Dudu,
MOR-2B,B,2,18,20,Dudu,
MOR-2B,T,1,19,20,Dudu,
MOR-2B,T,2,20,21,Dudu,
MOR-4C,B,1,21,20,Dudu,
MOR-4C,B,2,22,21,Dudu,
MOR-4C,T,1,23,20,Dudu,
MOR-4C,T,2,24,20,Dudu,
MOR-4D,B,1,25,21,Dudu,
MOR-4D,B,2,26,20,Dudu,
MOR-4D,T,1,27,20,Dudu,
MOR-4D,T,2,28,20,Dudu,
MOR-4E,B,1,29,20,Dudu,
MOR-4E,B,2,30,20,Dudu,
MOR-4E,T,1,31,21,Dudu,
MOR-4E,T,2,32,21,Dudu,
MOR-4F,B,1,33,20,Dudu,
MOR-4F,B,2,34,20,Dudu,
MOR-4F,T,1,35,21,Dudu,
MOR-4F,T,2,36,20,Dudu,
MOR-6A,B,1,37,20,Dudu,
MOR-6A,B,2,38,20,Dudu,
MOR-6A,T,1,39,20,Dudu,
MOR-6A,T,2,40,21,Dudu,
MOR-6C,B,1,41,20,Dudu,
MOR-6C,B,2,42,20,Dudu,
MOR-6C,T,1,43,20,Dudu,
MOR-6C,T,2,44,20,Dudu,
MOR-6D,B,1,45,20,Dudu,
MOR-6D,B,2,46,21,Dudu,
MOR-6D,T,1,47,20,Dudu,
MOR-6D,T,2,48,20,Dudu,
I2-1A,B,1,49,20,Dudu,
I2-1A,B,2,50,20,Dudu,
I2-1A,T,1,51,20,Dudu,
I2-1A,T,2,52,20,Dudu,
I2-1B,B,1,53,23,Dudu,
I2-1B,B,2,54,21,Dudu,
I2-1B,T,1,55,20,Dudu,
I2-1B,T,2,56,21,Dudu,
I2-2A,B,1,57,18,Dudu,
I2-2A,B,2,58,22,Dudu,
I2-2A,T,1,59,19,Dudu,
I2-2A,T,2,60,21,Dudu,
I2-7B,B,1,61,20,Dudu,
I2-7B,B,2,62,20,Dudu,
I2-7B,T,1,63,19,Dudu,
I2-7B,T,2,64,21,Dudu,
I3-2C,B,1,65,19,Dudu,
I3-2C,B,2,66,19,Dudu,
I3-2C,T,1,67,20,Dudu,
I3-2C,T,2,68,21,Dudu,
I3-3C,B,1,69,23,Dudu,
I3-3C,B,2,70,18,Dudu,
I3-3C,T,1,71,19,Dudu,
I3-3C,T,2,72,21,Dudu,
I3-4A,B,1,73,22,Dudu,
I3-4A,B,2,74,20,Dudu,
I3-4A,T,1,75,20,Dudu,
I3-4A,T,2,76,21,Dudu,
I3-4B,B,1,77,21,Dudu,
I3-4B,B,2,78,21,Dudu,
I3-4B,T,1,79,20,Dudu,
I3-4B,T,2,80,23,Dudu,
I3-5C,B,1,81,20,Dudu,
I3-5C,B,2,82,19,Dudu,
I3-5C,T,1,83,21,Dudu,
I3-5C,T,2,84,21,Dudu,
I3-6C,B,1,85,18,Dudu,
I3-6C,B,2,86,18,Dudu,
I3-6C,T,1,87,20,Dudu,
I3-6C,T,2,88,22,Dudu,
I3-6D,B,1,89,22,Dudu,
I3-6D,B,2,90,18,Dudu,
I3-6D,T,1,91,17,Dudu,
I3-6D,T,2,92,19,Dudu,
N5-3D,B,1,93,21,Dudu,
N5-3D,B,2,94,19,Dudu,
N5-3D,T,1,95,19,Dudu,
N5-3D,T,2,96,21,Dudu,
N5-3F,B,1,97,20,Dudu,
N5-3F,B,2,98,21,Dudu,
N5-3F,T,1,99,19,Dudu,
N5-3F,T,2,100,19,Dudu,
N5-3G,B,1,101,18,Dudu,
N5-3G,B,2,102,21,Dudu,
N5-3G,T,1,103,21,Dudu,
N5-3G,T,2,104,20,Dudu,
N5-4D,B,1,105,19,Dudu,
N5-4D,B,2,106,22,Dudu,
N5-4D,T,1,107,20,Dudu,
N5-4D,T,2,108,20,Dudu,
N5-4E,B,1,109,29,Dudu,
N5-4E,B,2,110,22,Dudu,
N5-4E,T,1,111,21,Dudu,
N5-4E,T,2,112,20,Dudu,
N5-4F,T,1,113,20,Dudu,
N5-4F,T,2,114,18,Dudu,
N5-4G,B,1,115,22,Dudu,
N5-4G,B,2,116,22,Dudu,
N5-4G,T,1,117,19,Dudu,
N5-4G,T,2,118,20,Dudu,
N5-5B,B,1,119,21,Dudu,
N5-5B,B,2,120,17,Dudu,
N5-5B,T,1,121,19,Dudu,
N5-5B,T,2,122,20,Dudu,
N5-5E,B,1,123,21,Dudu,
N5-5E,B,2,124,19,Dudu,
N5-5E,T,1,125,19,Dudu,
N5-5E,T,2,126,21,Dudu,
N5-5F,B,1,127,20,Dudu,
N5-5F,B,2,128,20,Dudu,
N5-5F,T,1,129,21,Dudu,
N5-5F,T,2,130,20,Dudu,
N5-6A,B,1,131,19,Dudu,
N5-6A,B,2,132,19,Dudu,
N5-6A,T,1,133,21,Dudu,
N5-6A,T,2,134,21,Dudu,
FLAT-1A,B,1,135,18,Dudu,
FLAT-1A,B,2,136,21,Dudu,
FLAT-1A,T,1,137,21,Dudu,
FLAT-1A,T,2,138,20,Dudu,
FLAT-1B,B,1,139,16,Dudu,
FLAT-1B,B,2,140,15,Dudu,
FLAT-1B,T,1,141,17,Dudu,
FLAT-1B,T,2,142,18,Dudu,
FLAT-3A,B,1,143,21,Dudu,
FLAT-3A,B,2,144,18,Dudu,
FLAT-3A,T,1,145,19,Dudu,
FLAT-3A,T,2,146,22,Dudu,
FLAT-5A,B,1,147,23,Dudu,
FLAT-5A,B,2,148,22,Dudu,
FLAT-5A,T,1,149,21,Dudu,
FLAT-5A,T,2,150,21,Dudu,
FLAT-6B,B,1,151,22,Dudu,
FLAT-6B,B,2,152,18,Dudu,
FLAT-6B,T,1,153,19,Dudu,
FLAT-6B,T,2,154,22,Dudu,
ICH-1A,B,1,155,22,Dudu,
ICH-1A,B,2,156,21,Dudu,
ICH-1A,T,1,157,20,Dudu,
ICH-1A,T,2,158,22,Dudu,
ICH-1B,B,1,159,10,Dudu,
ICH-1B,B,2,160,20,Dudu,
ICH-1B,T,1,161,21,Dudu,
ICH-1B,T,2,162,19,Dudu,
ICH-3A,B,1,163,19,Dudu,
ICH-3A,T,2,164,21,Dudu,
ICH-5A,B,1,165,19,Dudu,
ICH-5A,B,2,166,18,Dudu,
ICH-5A,T,1,167,22,Dudu,
ICH-5A,T,2,168,22,Dudu,
ICH-6A,B,1,169,20,Dudu,
ICH-6A,B,2,170,20,Dudu,
ICH-6A,T,1,171,21,Dudu,
ICH-6A,T,2,172,20,Dudu,
HIX-1C,B,1,173,22,Dudu,
HIX-1C,B,2,174,21,Dudu,
HIX-1C,T,1,175,20,Dudu,
HIX-1C,T,2,176,21,Dudu,
HIX-1D,B,1,177,21,Dudu,
HIX-1D,B,2,178,20,Dudu,
HIX-1D,T,1,179,19,Dudu,
HIX-1D,T,2,180,22,Dudu,
HIX-1E,B,1,181,20,Dudu,
HIX-1E,B,2,182,20,Dudu,
HIX-1E,T,1,183,21,Dudu,
HIX-1E,T,2,184,21,Dudu,
HIX-1G,B,1,185,21,Dudu,
HIX-1G,B,2,186,19,Dudu,
HIX-1G,T,1,187,19,Dudu,
HIX-1G,T,2,188,19,Dudu,
HIX-3E,B,1,189,22,Dudu,
HIX-3E,B,2,190,19,Dudu,
HIX-3E,T,1,191,19,Dudu,
HIX-3E,T,2,192,21,Dudu,
HIX-4C,B,1,193,21,Dudu,
HIX-4C,B,2,194,22,Dudu,
HIX-4C,T,1,195,22,Dudu,
HIX-4C,T,2,196,20,Dudu,
HIX-4D,B,1,197,21,Dudu,
HIX-4D,B,2,198,19,Dudu,
HIX-4D,T,1,199,21,Dudu,
HIX-4D,T,2,200,20,Dudu,
DUDU-1A,B,1,201,21,Dudu,
DUDU-1A,B,2,202,23,Dudu,
DUDU-1A,T,1,203,23,Dudu,
DUDU-1A,T,2,204,19,Dudu,
DUDU-1C,B,1,205,23,Dudu,
DUDU-1C,B,2,206,23,Dudu,
DUDU-1C,T,1,207,22,Dudu,
DUDU-1C,T,2,208,21,Dudu,
DUDU-3A,B,1,209,21,Dudu,
DUDU-3A,B,2,210,21,Dudu,
DUDU-3A,T,1,211,29,Dudu,
DUDU-3A,T,2,212,20,Dudu,
DUDU-3C,B,1,213,20,Dudu,
DUDU-3C,B,2,214,19,Dudu,
DUDU-3C,T,1,215,20,Dudu,
DUDU-3C,T,2,216,20,Dudu,
DUDU-3D,B,1,217,18,Dudu,
DUDU-3D,T,2,218,19,Dudu,
DUDU-5A,B,1,219,19,Dudu,
DUDU-5A,B,2,220,20,Dudu,
DUDU-5A,T,1,221,19,Dudu,
DUDU-5A,T,2,222,21,Dudu,
DUDU-5B,B,1,223,19,Dudu,
DUDU-5B,B,2,224,20,Dudu,
DUDU-5B,T,1,225,21,Dudu,
DUDU-5B,T,2,226,20,Dudu,
DUDU-7A,B,1,227,22,Dudu,
DUDU-7A,B,2,228,20,Dudu,
DUDU-7A,T,1,229,22,Dudu,
DUDU-7A,T,2,230,21,Dudu,
DUDU-7B,B,1,231,22,Dudu,
DUDU-7B,B,2,232,19,Dudu,
DUDU-7B,T,1,233,21,Dudu,
DUDU-7B,T,2,234,23,Dudu,
DUDU-7C,B,1,235,21,Dudu,
DUDU-7C,B,2,236,17,Dudu,
DUDU-7C,T,1,237,20,Dudu,
DUDU-7C,T,2,238,20,Dudu,
DUDU-7D,B,1,239,19,Dudu,
DUDU-7D,B,2,240,22,Dudu,
DUDU-7D,T,1,241,19,Dudu,
DUDU-7D,T,2,242,21,Dudu,
DUDU-7E,B,1,243,21,Dudu,
DUDU-7E,B,2,244,22,Dudu,
DUDU-7E,T,1,245,20,Dudu,
DUDU-7E,T,2,246,22,Dudu,
PS-1A,B,1,247,19,Dudu,
PS-1A,B,2,248,20,Dudu,
PS-1A,T,1,249,20,Dudu,
PS-1A,T,2,250,23,Dudu,
PS-1B,B,1,251,22,Dudu,
PS-1B,B,2,252,20,Dudu,
PS-1B,T,1,253,22,Dudu,
PS-1B,T,2,254,18,Dudu,
PS-2B,B,1,255,20,Dudu,
PS-2B,B,2,256,19,Dudu,
PS-2B,T,1,257,21,Dudu,
PS-2B,T,2,258,22,Dudu,
PS-2F,B,1,259,20,Dudu,
PS-2F,B,2,260,19,Dudu,
PS-2F,T,1,261,19,Dudu,
PS-2F,T,2,262,20,Dudu,
PS-2G,B,1,263,20,Dudu,
PS-2G,B,2,264,22,Dudu,
PS-2G,T,1,265,20,Dudu,
PS-2G,T,2,266,19,Dudu,
PS-3E,B,1,267,18,Dudu,
PS-3E,B,2,268,20,Dudu,
PS-3E,T,1,269,19,Dudu,
PS-3E,T,2,270,21,Dudu,
PS-4A,B,1,271,21,Dudu,
PS-4A,B,2,272,20,Dudu,
PS-4A,T,1,273,21,Dudu,
PS-4A,T,2,274,22,Dudu,
PS-4B,B,1,275,19,Dudu,
PS-4B,B,2,276,20,Dudu,
PS-4B,T,1,277,23,Dudu,
PS-4B,T,2,278,20,Dudu,
PS-4D,B,1,279,20,Dudu,
PS-4D,B,2,280,20,Dudu,
PS-4D,T,1,281,20,Dudu,
PS-4D,T,2,282,20,Dudu,
PS-4E,B,1,283,19,Dudu,
PS-4E,B,2,284,19,Dudu,
PS-4E,T,1,285,22,Dudu,
PS-4E,T,2,286,20,Dudu,
PS-5B,B,1,287,21,Dudu,
PS-5B,B,2,288,21,Dudu,
PS-5B,T,1,289,19,Dudu,
PS-5B,T,2,290,20,Dudu,
PS-5E,B,1,291,19,Dudu,
PS-5E,B,2,292,20,Dudu,
PS-5E,T,1,293,21,Dudu,
PS-5E,T,2,294,22,Dudu,
CAH-5A,B,1,295,20,Dudu,
CAH-5A,B,2,296,21,Dudu,
CAH-5A,T,1,297,22,Dudu,
CAH-5A,T,2,298,20,Dudu,
CAH-5B,B,1,299,20,Dudu,
CAH-5B,B,2,300,21,Dudu,
CAH-5B,T,1,301,22,Dudu,
CAH-5B,T,2,302,20,Dudu,
CAH-5C,B,1,303,21,Dudu,
CAH-5C,B,2,304,21,Dudu,
CAH-5C,T,1,305,20,Dudu,
CAH-5C,T,2,306,20,Dudu,
CAH-8A,B,1,307,22,Dudu,
CAH-8A,B,2,308,20,Dudu,
CAH-8A,T,1,309,21,Dudu,
CAH-8A,T,2,310,20,Dudu,
CAH-8B,B,1,311,19,Dudu,
CAH-8B,B,2,312,19,Dudu,
CAH-8B,T,1,313,22,Dudu,
CAH-8B,T,2,314,21,Dudu,
CAH-8C,B,1,315,19,Dudu,
CAH-8C,B,2,316,19,Dudu,
CAH-8C,T,1,317,20,Dudu,
CAH-8C,T,2,318,20,Dudu,
CAH-8E,B,1,319,20,Dudu,
CAH-8E,B,2,320,19,Dudu,
CAH-8E,T,1,321,22,Dudu,
CAH-8E,T,2,322,21,Dudu,
CAH-9A,B,1,323,21,Dudu,
CAH-9A,B,2,324,22,Dudu,
CAH-9A,T,1,325,22,Dudu,
CAH-9A,T,2,326,20,Dudu,
CAH-12B,B,1,327,20,Dudu,
CAH-12B,B,2,328,19,Dudu,
CAH-12B,T,1,329,20,Dudu,
CAH-12B,T,2,330,21,Dudu,
CAH-12C,B,1,331,19,Dudu,
CAH-12C,B,2,332,20,Dudu,
CAH-12C,T,1,333,21,Dudu,
CAH-12C,T,2,334,20,Dudu,
CAH-14A,B,1,335,20,Dudu,
CAH-14A,B,2,336,21,Dudu,
CAH-14A,T,1,337,21,Dudu,
CAH-14A,T,2,338,21,Dudu,
CAH-14B,B,1,339,21,Dudu,
CAH-14B,B,2,340,22,Dudu,
CAH-14B,T,1,341,20,Dudu,
CAH-14B,T,2,342,22,Dudu,
ARB-7A,B,1,343,18,Dudu,
ARB-7A,B,2,344,19,Dudu,
ARB-7A,T,1,345,20,Dudu,
ARB-7A,T,2,346,20,Dudu,
ARB-7B,B,1,347,20,Dudu,
ARB-7B,B,2,348,21,Dudu,
ARB-7B,T,1,349,19,Dudu,
ARB-7B,T,2,350,22,Dudu,
ARB-7C,B,1,351,18,Dudu,
ARB-7C,B,2,352,20,Dudu,
ARB-7C,T,1,353,22,Dudu,
ARB-7C,T,2,354,19,Dudu,
ARB-7D,B,1,355,22,Dudu,
ARB-7D,B,2,356,20,Dudu,
ARB-7D,T,1,357,20,Dudu,
ARB-7D,T,2,358,20,Dudu,
ARB-7E,B,1,359,20,Dudu,
ARB-7E,B,2,360,22,Dudu,
ARB-7E,T,1,361,20,Dudu,
ARB-7E,T,2,362,21,Dudu,
ARB-7F,B,1,363,20,Dudu,
ARB-7F,B,2,364,19,Dudu,
ARB-7F,T,1,365,22,Dudu,
ARB-7F,T,2,366,19,Dudu,
ARB-8A,B,1,367,19,Dudu,
ARB-8A,B,2,368,19,Dudu,
ARB-8A,T,1,369,22,Dudu,
ARB-8A,T,2,370,21,Dudu,
ARB-8B,B,1,371,22,Dudu,
ARB-8B,B,2,372,20,Dudu,
ARB-8B,T,1,373,22,Dudu,
ARB-8B,T,2,374,22,Dudu,
ARB-8C,B,1,375,19,Dudu,
ARB-8C,B,2,376,22,Dudu,
ARB-8C,T,1,377,21,Dudu,
ARB-8C,T,2,378,21,Dudu,
ARB-12A,B,1,379,20,Dudu,
ARB-12A,B,2,380,21,Dudu,
ARB-12A,T,1,381,22,Dudu,
ARB-12A,T,2,382,22,Dudu,
ARB-15B,B,1,383,21,Dudu,
ARB-15B,B,2,384,19,Dudu,
ARB-15B,T,1,385,20,Dudu,
ARB-15B,T,2,386,19,Dudu,
ARB-15C,B,1,387,22,Dudu,
ARB-15C,B,2,388,20,Dudu,
ARB-15C,T,1,389,19,Dudu,
ARB-15C,T,2,390,22,Dudu,
N2-4A,B,1,391,20,Dudu,
N2-4A,B,2,392,22,Dudu,
N2-4A,T,1,393,21,Dudu,
N2-4A,T,2,394,20,Dudu,
N2-5A,B,1,395,20,Dudu,
N2-5A,B,2,396,19,Dudu,
N2-5A,T,1,397,20,Dudu,
N2-5A,T,2,398,19,Dudu,
N2-5B,B,1,399,21,Dudu,
N2-5B,B,2,400,22,Dudu,
N2-5B,T,1,401,21,Dudu,
N2-5B,T,2,402,20,Dudu,
N2-5C,B,1,403,21,Dudu,
N2-5C,B,2,404,21,Dudu,
N2-5C,T,1,405,21,Dudu,
N2-5C,T,2,406,22,Dudu,
N2-5D,B,1,407,20,Dudu,
N2-5D,B,2,408,22,Dudu,
N2-5D,T,1,409,20,Dudu,
N2-5D,T,2,410,20,Dudu,
N2-5E,B,1,411,19,Dudu,
N2-5E,B,2,412,19,Dudu,
N2-5E,T,1,413,20,Dudu,
N2-5E,T,2,414,20,Dudu,
N2-6A,B,1,415,21,Dudu,
N2-6A,B,2,416,20,Dudu,
N2-6A,T,1,417,19,Dudu,
N2-6A,T,2,418,20,Dudu,
N2-6B,B,1,419,19,Dudu,
N2-6B,B,2,420,21,Dudu,
N2-6B,T,1,421,20,Dudu,
N2-6B,T,2,422,21,Dudu,
REF-1B,B,1,423,20,Dudu,
REF-1B,B,2,424,20,Dudu,
REF-1B,T,1,425,20,Dudu,
REF-1B,T,2,426,20,Dudu,
REF-1C,B,1,427,20,Dudu,
REF-1C,B,2,428,20,Dudu,
REF-1C,T,1,429,20,Dudu,
REF-1C,T,2,430,20,Dudu,
REF-1G,B,1,431,21,Dudu,
REF-1G,B,2,432,21,Dudu,
REF-1G,T,1,433,20,Dudu,
REF-1G,T,2,434,20,Dudu,
REF-5A,B,1,435,20,Dudu,
REF-5A,B,2,436,20,Dudu,
REF-5A,T,1,437,21,Dudu,
REF-5A,T,2,438,20,Dudu,
REF-5B,B,1,439,20,Dudu,
REF-5B,B,2,440,21,Dudu,
REF-5B,T,1,441,20,Dudu,
REF-5B,T,2,442,20,Dudu,
REF-5C,B,1,443,20,Dudu,
REF-5C,B,2,444,20,Dudu,
REF-5C,T,1,445,21,Dudu,
REF-5C,T,2,446,20,Dudu,
REF-5D,B,1,447,20,Dudu,
REF-5D,B,2,448,20,Dudu,
REF-5D,T,1,449,20,Dudu,
REF-5D,T,2,450,20,Dudu,
REF-5F,B,1,451,20,Dudu,
REF-5F,B,2,452,20,Dudu,
REF-5F,T,1,453,20,Dudu,
REF-5F,T,2,454,20,Dudu,
REF-6A,B,1,455,20,Dudu,
REF-6A,B,2,456,20,Dudu,
REF-6A,T,1,457,20,Dudu,
REF-6A,T,2,458,20,Dudu,
REF-6C,B,1,459,20,Dudu,
REF-6C,B,2,460,20,Dudu,
REF-6C,T,1,461,20,Dudu,
REF-6C,T,2,462,20,Dudu,
REF-6D,B,1,463,20,Dudu,
REF-6D,B,2,464,20,Dudu,
REF-6D,T,1,465,21,Dudu,
REF-6D,T,2,466,20,Dudu,
REF-7B,B,1,467,20,Dudu,
REF-7B,B,2,468,20,Dudu,
REF-7B,T,1,469,20,Dudu,
REF-7B,T,2,470,20,Dudu,
I1-3B,B,1,471,20,Dudu,
I1-3B,B,2,472,20,Dudu,
I1-3B,T,1,473,20,Dudu,
I1-3B,T,2,474,21,Dudu,
I1-4B,B,1,475,20,Dudu,
I1-4B,B,2,476,21,Dudu,
I1-4B,T,1,477,20,Dudu,
I1-4B,T,2,478,20,Dudu,
I1-5A,B,1,479,20,Dudu,
I1-5A,B,2,480,20,Dudu,
I1-5A,T,1,481,20,Dudu,
I1-5A,T,2,482,20,Dudu,
I1-5B,B,1,483,20,Dudu,
I1-5B,B,2,484,21,Dudu,
I1-5B,T,1,485,20,Dudu,
I1-5B,T,2,486,20,Dudu,
I1-6A,B,1,487,20,Dudu,
I1-6A,B,2,488,21,Dudu,
I1-6A,T,1,489,20,Dudu,
I1-6A,T,2,490,20,Dudu,
BR-1A,B,1,491,20,Dudu,
BR-1A,B,2,492,20,Dudu,
BR-1A,T,1,493,20,Dudu,
BR-1A,T,2,494,20,Dudu,
BR-1E,B,1,495,20,Dudu,
BR-1E,B,2,496,20,Dudu,
BR-1E,T,1,497,21,Dudu,
BR-1E,T,2,498,20,Dudu,
BR-1H,B,1,499,20,Dudu,
BR-1H,B,2,500,17,Dudu,not enough leaf
BR-1H,T,1,501,20,Dudu,
BR-1H,T,2,502,20,Dudu,
BR-1J,B,1,503,20,Dudu,
BR-1J,B,2,504,20,Dudu,
BR-1J,T,1,505,20,Dudu,
BR-1J,T,2,506,20,Dudu,
REF-1E,,,507,20,Jake,
REF-1F,,,508,20,Jake,
REF-1H,,,509,20,Jake,
REF-2A,,,510,20,Jake,
REF-4B,,,511,20,Jake,
REF-4D,,,512,20,Jake,
REF-6E,,,513,20,Jake,
REF-6I,,,514,20,Jake,
REF-6J,,,515,20,Jake,
REF-7C,,,516,20,Jake,
DUDU-6A,,,517,20,Jake,
DUDU-6B,,,518,20,Jake,
DUDU-6C,,,519,20,Jake,
DUDU-6D,,,520,20,Jake,
DUDU-6E,,,521,20,Jake,
DUDU-7F,,,522,20,Jake,
DUDU-7G,,,523,20,Jake,
DUDU-8A,,,524,20,Jake,
DUDU-8B,,,525,20,Jake,
DUDU-8C,,,526,20,Jake,
DUDU-8D,,,527,20,Jake,
DUDU-8F,,,528,20,Jake,
DUDU-8G,,,529,0,Jake,
DUDU-8H,,,530,0,Jake,
DUDU-8I,,,531,20,Jake,
DUDU-9A,,,532,20,Jake,
DUDU-9B,,,533,0,Jake,
DUDU-9C,,,534,20,Jake,
DUDU-9D,,,535,20,Jake,
DUDU-9E,,,536,20,Jake,
DUDU-9F,,,537,20,Jake,
DUDU-10A,,,538,20,Jake,
DUDU-10L,,,539,20,Jake,
N5-4C,,,540,20,Jake,
I4-3B,,,541,20,Jake,
ECO-3A,,,542,20,Jake,
ECO-1A,,,543,20,Jake,
PS-5C,,,544,20,Jake,
PS-2A,,,545,20,Jake,
PS-5D,,,546,20,Jake,
PS-1C,,,547,20,Jake,
DUDU-6C,,,548,20,Jake,
DUDU-6B,,,549,20,Jake,
DUDU-8B,,,550,20,Jake,
DUDU-7F,,,551,20,Jake,
DUDU-9F,,,552,20,Jake,
DUDU-8A,,,553,20,Jake,
DUDU-9A,,,554,20,Jake,
MOR-1A,,,555,20,Jake,
MOR-4A,,,556,20,Jake,
NMOR-4H,,,557,20,Jake,
MOR-6G,,,558,20,Jake,
MOR-8A,,,559,20,Jake,
MOR-8B,,,560,20,Jake,
CH-11B,,,561,19,Jake,
I4-3B,,,562,19,Jake,
UWM-2B,,,563,21,Jake,
UWM-3C,,,564,29,Jake,
UWM-4B,,,565,29,Jake,
PS-1C,,,566,21,Jake,
PS-2A,,,567,20,Jake,
PS-2C,,,568,20,Jake,
PS-2E,,,569,21,Jake,
PS-3D,,,570,21,Jake,
PS-3F,,,571,20,Jake,
PS-4C,,,572,20,Jake,
PS-5C,,,573,19,Jake,
PS-5D,,,574,21,Jake,
PS-5F,,,575,21,Jake,
N1-1,,,576,21,Jake,
N1-5A,,,577,20,Jake,
N1-6A,,,578,20,Jake,
N5-1D,,,579,20,Jake,
N8-5A,,,580,20,Jake,
N7-4F,,,581,20,Jake,
N7-4A,,,582,20,Jake,
N5-5C,,,583,21,Jake,
N5-4C,,,584,20,Jake,
N5-3H,,,585,20,Jake,
N5-3A,,,586,20,Jake,
N5-2B,,,587,21,Jake,
ECO-1A,,,588,20,Jake,
ECO-1B,,,589,20,Jake,
ECO-2A,,,590,20,Jake,
ECO-2B,,,591,20,Jake,
ECO-3A,,,592,20,Jake,
ECO-3B,,,593,20,Jake,
ECO-5A,,,594,20,Jake,
ECO-5B,,,595,20,Jake,
ECO-6B,,,596,20,Jake,
SUW-1,,,597,50,Field,
SUW-2,,,598,50,Field,
SUW-3,,,599,50,Field,
SUW-4,,,600,50,Field,
SUW-5,,,601,50,Field,
SUW-6,,,602,50,Field,
SUW-7,,,603,50,Field,
SUW-8,,,604,50,Field,
SUW-9,,,605,50,Field,
SUW-10,,,606,50,Field,
SUW-11,,,607,50,Field,
SUW-12,,,608,50,Field,
SUW-13,,,609,50,Field,
SUW-14,,,610,50,Field,
SUW-15,,,611,50,Field,
SUW-16,,,612,50,Field,
SUW-17,,,613,50,Field,
SUW-18,,,614,50,Field,
SUW-19,,,615,50,Field,
SUW-20,,,616,50,Field,
COO-1,,,617,50,Field,
COO-2,,,618,50,Field,
COO-3,,,619,50,Field,
COO-4,,,620,50,Field,
COO-5,,,621,50,Field,
COO-6,,,622,50,Field,
COO-7,,,623,50,Field,
COO-8,,,624,50,Field,
COO-9,,,625,50,Field,
COO-10,,,626,50,Field,
COO-11,,,627,50,Field,
COO-12,,,628,50,Field,
COO-13,,,629,50,Field,
COO-14,,,630,50,Field,
COO-15,,,631,50,Field,
COO-16,,,632,50,Field,
COO-17,,,633,50,Field,
COO-18,,,634,50,Field,
COO-19,,,635,50,Field,
COO-20,,,636,50,Field,
COO-21,,,637,50,Field,
COO-22,,,638,50,Field,
COO-23,,,639,50,Field,
COO-24,,,640,50,Field,
COO-25,,,641,50,Field,
COO-26,,,642,50,Field,
COO-27,,,643,50,Field,
COO-28,,,644,50,Field,
COO-29,,,645,50,Field,
COO-30,,,646,50,Field,
KAN-1,,,647,50,Field,
KAN-2,,,648,50,Field,
KAN-3,,,649,50,Field,
KAN-4,,,650,50,Field,
KAN-5,,,651,50,Field,
KAN-6,,,652,50,Field,
KAN-7,,,653,50,Field,
KAN-8,,,654,50,Field,
KAN-9,,,655,50,Field,
KAN-10,,,656,50,Field,
KAN-11,,,657,50,Field,
KAN-12,,,658,50,Field,
KAN-13,,,659,50,Field,
KAN-14,,,660,50,Field,
KAN-15,,,661,50,Field,
KAN-16,,,662,32,Field,
KAN-17,,,663,50,Field,
KAN-18,,,664,28,Field,
KAN-19,,,665,50,Field,
KAN-20,,,666,50,Field,
KAN-21,,,667,50,Field,
KAN-22,,,668,50,Field,
KAN-23,,,669,50,Field,
KAN-24,,,670,50,Field,
KAN-25,,,671,50,Field,
KAN-26,,,672,50,Field,
KAN-27,,,673,50,Field,
KAN-28,,,674,50,Field,
KAN-29,,,675,50,Field,
KAN-30,,,676,50,Field,
REF-1,,,677,50,Field,
REF-2,,,678,50,Field,
REF-3,,,679,50,Field,
REF-4,,,680,50,Field,
REF-5,,,681,50,Field,
REF-6,,,682,50,Field,
REF-7,,,683,50,Field,
REF-8,,,684,50,Field,
REF-9,,,685,50,Field,
REF-10,,,686,50,Field,
REF-11,,,687,50,Field,
REF-12,,,688,50,Field,
REF-13,,,689,50,Field,
REF-14,,,690,50,Field,
REF-15,,,691,50,Field,
REF-16,,,692,50,Field,
REF-17,,,693,50,Field,
REF-18,,,694,50,Field,
REF-19,,,695,50,Field,
REF-20,,,696,50,Field,
REF-21,,,697,50,Field,
REF-22,,,698,49,Field,
REF-23,,,699,50,Field,
REF-24,,,700,50,Field,
REF-25,,,701,50,Field,
REF-26,,,702,50,Field,
REF-27,,,703,50,Field,
REF-28,,,704,50,Field,
REF-29,,,705,50,Field,
REF-30,,,706,50,Field,
BEC-1,,,708,50,Field,
BEC-2,,,709,50,Field,
BEC-3,,,710,50,Field,
BEC-4,,,711,50,Field,
BEC-5,,,712,50,Field,
BEC-6,,,713,50,Field,
BEC-7,,,714,50,Field,
BEC-8,,,715,50,Field,
BEC-9,,,716,50,Field,
BEC-10,,,717,50,Field,
BEC-11,,,718,50,Field,
BEC-12,,,719,50,Field,
BEC-13,,,720,50,Field,
BEC-14,,,721,50,Field,
BEC-15,,,722,50,Field,
BEC-16,,,723,50,Field,
BEC-17,,,724,50,Field,
BEC-18,,,725,50,Field,
BEC-19,,,726,50,Field,
BEC-20,,,727,50,Field,
BEC-21,,,728,50,Field,
BEC-22,,,729,50,Field,
BEC-23,,,730,50,Field,
BEC-24,,,731,50,Field,
BEC-25,,,732,50,Field,
BEC-26,,,733,50,Field,
BEC-27,,,734,50,Field,
BEC-28,,,735,50,Field,
BEC-29,,,736,50,Field,
BEC-30,,,737,50,Field,
DUDU-1,,,738,50,Field,
DUDU-2,,,739,50,Field,
DUDU-3,,,740,50,Field,
DUDU-4,,,741,50,Field,
DUDU-5,,,742,50,Field,
DUDU-6,,,743,50,Field,
DUDU-7,,,744,50,Field,
DUDU-8,,,745,50,Field,
DUDU-9,,,746,50,Field,
DUDU-10,,,747,50,Field,
DUDU-11,,,748,50,Field,
DUDU-12,,,749,50,Field,
DUDU-13,,,750,50,Field,
DUDU-14,,,751,50,Field,
DUDU-15,,,752,50,Field,
DUDU-24,,,753,50,Field,
DUDU-16,,,754,50,Field,
DUDU-17,,,755,50,Field,
DUDU-18,,,756,50,Field,
DUDU-20,,,757,50,Field,
DUDU-19,,,758,50,Field,
DUDU-21,,,759,50,Field,
DUDU-22,,,760,50,Field,
DUDU-23,,,761,50,Field,
PLA-1,,,762,50,Field,
PLA-2,,,763,50,Field,
PLA-3,,,764,50,Field,
PLA-4,,,765,50,Field,
PLA-5,,,766,50,Field,
PLA-6,,,767,50,Field,
PLA-7,,,768,50,Field,
PLA-8,,,769,50,Field,
PLA-9,,,770,50,Field,
PLA-10,,,771,50,Field,
PLA-11,,,772,50,Field,
PLA-12,,,773,50,Field,
PLA-13,,,774,50,Field,
PLA-14,,,775,50,Field,
PLA-15,,,776,50,Field,
PLA-16,,,777,50,Field,
PLA-17,,,778,50,Field,
PLA-18,,,779,50,Field,
PLA-19,,,780,50,Field,
PLA-20,,,781,50,Field,
PLA-21,,,782,50,Field,
PLA-22,,,783,50,Field,
PLA-23,,,784,50,Field,
PLA-24,,,785,50,Field,
PLA-25,,,786,50,Field,
PLA-26,,,787,50,Field,
PLA-27,,,788,50,Field,
PLA-28,,,789,50,Field,
PLA-29,,,790,50,Field,
PLA-30,,,791,50,Field,
TAL-1,,,792,50,Field,
TAL-2,,,793,50,Field,
TAL-3,,,794,50,Field,
TAL-4,,,795,50,Field,
TAL-5,,,796,50,Field,
TAL-6,,,797,50,Field,
TAL-7,,,798,50,Field,
TAL-8,,,799,50,Field,
TAL-9,,,800,50,Field,
TAL-10,,,801,50,Field,
TAL-11,,,802,50,Field,
TAL-12,,,803,50,Field,
TAL-13,,,804,50,Field,
TAL-14,,,805,50,Field,
TAL-15,,,806,50,Field,
TAL-16,,,807,50,Field,
TAL-17,,,808,50,Field,
TAL-19,,,810,50,Field,
TAL-20,,,811,50,Field,
TAL-21,,,812,50,Field,
TAL-22,,,813,50,Field,
TAL-23,,,814,50,Field,
GRE-1,,,815,50,Field,
GRE-2,,,816,50,Field,
GRE-3,,,817,50,Field,
GRE-4,,,818,50,Field,
GRE-5,,,819,50,Field,
GRE-6,,,820,50,Field,
GRE-7,,,821,50,Field,
GRE-8,,,822,50,Field,
GRE-9,,,823,50,Field,
GRE-10,,,824,50,Field,
GRE-11,,,825,50,Field,
GRE-12,,,826,50,Field,
GRE-13,,,827,50,Field,
GRE-14,,,828,50,Field,
GRE-15,,,829,50,Field,
GRE-16,,,830,50,Field,
GRE-17,,,831,50,Field,
GRE-18,,,832,50,Field,
GRE-19,,,833,50,Field,
GRE-20,,,834,50,Field,
GRE-21,,,835,50,Field,
GRE-22,,,836,50,Field,
GRE-23,,,837,50,Field,
GRE-24,,,838,50,Field,
GRE-25,,,839,50,Field,
GRE-26,,,840,50,Field,
GRE-27,,,841,50,Field,
GRE-28,,,842,50,Field,
GRE-29,,,843,50,Field,
GRE-30,,,844,50,Field,
QUI-1,,,961,50,Field,
QUI-2,,,962,50,Field,
QUI-3,,,963,50,Field,
QUI-4,,,964,50,Field,
QUI-5,,,965,50,Field,
QUI-6,,,966,50,Field,
QUI-7,,,967,50,Field,
QUI-8,,,968,50,Field,
QUI-9,,,969,50,Field,
QUI-10,,,970,50,Field,
QUI-11,,,971,50,Field,
QUI-12,,,972,50,Field,
QUI-13,,,973,50,Field,
QUI-14,,,974,50,Field,
QUI-15,,,975,50,Field,
QUI-16,,,976,50,Field,
QUI-17,,,977,50,Field,
QUI-18,,,978,50,Field,
QUI-19,,,979,50,Field,
QUI-20,,,980,50,Field,
QUI-21,,,981,50,Field,
QUI-22,,,982,50,Field,
QUI-23,,,983,50,Field,
QUI-24,,,984,50,Field,
QUI-25,,,985,50,Field,
QUI-26,,,986,50,Field,
QUI-27,,,987,50,Field,
QUI-28,,,988,50,Field,
QUI-29,,,989,50,Field,
QUI-30,,,990,50,Field,
OAK-1,,,931,50,Field,
OAK-2,,,932,50,Field,
OAK-3,,,933,50,Field,
OAK-4,,,934,50,Field,
OAK-5,,,935,50,Field,
OAK-6,,,936,50,Field,
OAK-7,,,937,50,Field,
OAK-8,,,938,50,Field,
OAK-9,,,939,50,Field,
OAK-10,,,940,50,Field,
OAK-11,,,941,50,Field,
OAK-12,,,942,50,Field,
OAK-13,,,943,50,Field,
OAK-14,,,944,50,Field,
OAK-15,,,945,50,Field,
OAK-16,,,946,50,Field,
OAK-17,,,947,50,Field,
OAK-18,,,948,50,Field,
OAK-19,,,949,50,Field,
OAK-20,,,950,50,Field,
OAK-21,,,951,50,Field,
OAK-22,,,952,50,Field,
OAK-23,,,953,50,Field,
OAK-24,,,954,50,Field,
OAK-25,,,955,50,Field,
OAK-26,,,956,50,Field,
OAK-27,,,957,50,Field,
OAK-28,,,958,50,Field,
OAK-29,,,959,50,Field,
OAK-30,,,960,50,Field,
SHE-1,,,901,50,Field,
SHE-2,,,902,50,Field,
SHE-3,,,903,50,Field,
SHE-4,,,904,50,Field,
SHE-5,,,905,50,Field,
SHE-6,,,906,50,Field,
SHE-7,,,907,50,Field,
SHE-8,,,908,50,Field,
SHE-9,,,909,50,Field,
SHE-10,,,910,50,Field,
SHE-11,,,911,50,Field,
SHE-12,,,912,50,Field,
SHE-13,,,913,50,Field,
SHE-14,,,914,50,Field,
SHE-15,,,915,50,Field,
SHE-16,,,916,50,Field,
SHE-17,,,917,50,Field,
SHE-18,,,918,50,Field,
SHE-19,,,919,50,Field,
SHE-20,,,920,50,Field,
SHE-21,,,921,50,Field,
SHE-22,,,922,50,Field,
SHE-23,,,923,50,Field,
SHE-24,,,924,50,Field,
SHE-25,,,925,50,Field,
SHE-26,,,926,50,Field,
SHE-27,,,927,50,Field,
SHE-28,,,928,50,Field,
SHE-29,,,929,50,Field,
SHE-30,,,930,50,Field,
N5-4C,Stamen,,1.1,15.8,Jake,
N5-4C,Corolla,,1.2,10.3,Jake,
ECO-1A,Stamen,,2.1,10.3,Jake,
ECO-1A,Corolla,,2.2,5.3,Jake,
PS-5D,Stamen,,3.1,16.9,Jake,
PS-5D,Corolla,,3.2,15.9,Jake,
ECO-3A,Stamen,,4.1,14.9,Jake,
ECO-3A,Corolla,,4.2,5.9,Jake,
DUDU-8B,Stamen,,5.1,9.5,Jake,
DUDU-8B,Corolla,,5.2,5.3,Jake,
DUDU-7F,Stamen,,6.1,5.4,Jake,
DUDU-7F,Corolla,,6.2,2.8,Jake,
DUDU-9A,Stamen,,7.1,11.5,Jake,
DUDU-9A,Corolla,,7.2,2.9,Jake,
PS-2A,Stamen,,8.1,5.7,Jake,
PS-2A,Corolla,,8.2,3.6,Jake,
DUDU-8A,Stamen,,9.1,10,Jake,
DUDU-8A,Corolla,,9.2,3.8,Jake,
I4-3B,Stamen,,10.1,30.2,Jake,
I4-3B,Corolla,,10.2,10.5,Jake,
DUDU-9F,Stamen,,11.1,7.8,Jake,
DUDU-9F,Corolla,,11.2,4.9,Jake,
PS-1C,Stamen,,12.1,6,Jake,
PS-1C,Corolla,,12.2,26,Jake,
PS-5D,Stamen,,13.1,17.8,Jake,
PS-5D,Corolla,,13.2,7,Jake,
DUDU-6B,Stamen,,14.1,17.6,Jake,
DUDU-6B,Corolla,,14.2,7.4,Jake,
DUDU-6C,Stamen,,15.1,19.3,Jake,
DUDU-6C,Corolla,,15.2,7,Jake,
DUDU-5C,Stamen,,16.1,10.1,Jake,
DUDU-5C,Corolla,,16.2,4.9,Jake,
