Well,Sample,Abs,Plate,Rep
E01,1,0.334,2,1
F01,1,0.3454,2,2
G01,1,0.3222,2,3
H01,1,0.3429,2,4
A05,3,0.4719,2,1
B04,3,0.4468,2,2
C04,3,0.4177,2,3
D04,3,0.4331,2,4
A09,5,0.4238,2,1
B09,5,0.4192,2,2
C09,5,0.4229,2,3
D09,5,0.4143,2,4
E12,8,0.441,2,1
F12,8,0.4329,2,2
G12,8,0.7495,2,3
H12,8,0.6565,2,4
A03,10,0.6777,2,1
A09,10,0.5777,2,3
B03,10,0.6879,2,2
B09,10,0.595,2,4
E01,11,0.4233,2,1
F01,11,0.4089,2,2
G01,11,0.4176,2,3
H01,11,0.4849,2,4
E02,13,0.3476,2,1
F02,13,0.2587,2,2
G02,13,0.3563,2,3
H02,13,0.3698,2,4
E06,16,0.4005,2,1
F06,16,0.378,2,2
G06,16,0.3663,2,3
H06,16,0.3729,2,4
A05,17,0.4674,2,1
B05,17,0.4357,2,2
C05,17,0.3699,2,3
D05,17,0.452,2,4
F06,19,0.4192,2,2
A04,19,0.6292,1,1
B04,19,0.5708,1,2
C04,19,0.5838,1,3
D04,19,0.5749,1,4
A06,21,0.5295,2,1
B06,21,0.5014,2,2
C06,21,0.5054,2,3
D06,21,0.5261,2,4
E07,23,0.7509,2,1
F07,23,0.8492,2,2
G05,23,0.7315,2,3
H05,23,0.8404,2,4
A06,25,0.3831,2,1
B06,25,0.372,2,2
C06,25,0.3631,2,3
D06,25,0.3506,2,4
E09,28,0.3721,2,1
F09,28,0.3549,2,2
G09,28,0.3613,2,3
H09,28,0.3736,2,4
E08,29,0.6774,2,1
F08,29,0.6576,2,2
G07,29,0.4775,2,3
H07,29,0.4987,2,4
G08,31,0.4644,2,3
H08,31,0.523,2,4
E03,31,0.5281,1,1
F03,31,0.5397,1,2
E08,33,0.5075,2,1
F08,33,0.4745,2,2
G08,33,0.4769,2,3
H08,33,0.5056,2,4
A08,35,0.5867,2,1
B07,35,0.542,2,2
C05,35,0.4656,2,3
D05,35,0.5811,2,4
E09,37,0.716,2,1
F09,37,0.5768,2,2
G10,37,0.5306,2,3
H10,37,0.5286,2,4
A07,39,0.5659,2,1
B07,39,0.619,2,2
C07,39,0.6152,2,3
D07,39,0.642,2,4
E10,41,0.4543,2,1
F10,41,0.4368,2,2
G10,41,0.4304,2,3
H10,41,0.4056,2,4
A08,43,0.4852,2,1
B08,43,0.5098,2,2
C08,43,0.4157,2,3
D08,43,0.4804,2,4
E06,45,0.7228,1,1
F06,45,0.7522,1,2
G06,45,0.6205,1,3
H06,45,0.6001,1,4
A09,47,0.5116,2,1
B09,47,0.5199,2,2
C09,47,0.5354,2,3
D09,47,0.5348,2,4
A10,49,0.3933,2,1
B10,49,0.3725,2,2
C10,49,0.3784,2,3
D10,49,0.3656,2,4
E08,51,0.61,1,1
F08,51,0.4615,1,2
G08,51,0.605,1,3
H08,51,0.5841,1,4
A10,53,0.4205,2,1
B10,53,0.4122,2,2
C10,53,0.3979,2,3
D10,53,0.3939,2,4
A09,55,0.541,2,1
B08,55,0.4714,2,2
C07,55,0.514,2,3
D07,55,0.5142,2,4
A10,57,0.414,2,1
B09,57,0.4234,2,2
C08,57,0.3519,2,3
D08,57,0.4136,2,4
E11,59,0.5803,2,1
F11,59,0.5499,2,2
G11,59,0.5062,2,3
H11,59,0.5598,2,4
A01,61,,2,1
B01,61,,2,2
C09,61,0.5222,2,3
D09,61,0.5494,2,4
A11,63,0.533,2,1
B11,63,0.5169,2,2
C11,63,0.3822,2,3
D11,63,0.4508,2,4
A10,65,0.4932,2,1
B10,65,0.5118,2,2
C10,65,0.5091,2,3
D10,65,0.5025,2,4
E09,67,0.5581,2,1
F09,67,0.5721,2,2
G09,67,0.5327,2,3
H09,67,0.5857,2,4
A03,69,0.5774,2,1
B10,69,0.557,2,2
C10,69,0.4711,2,3
D10,69,0.5181,2,4
A11,71,0.4722,2,1
B11,71,0.4716,2,2
C11,71,0.3449,2,3
D11,71,0.4473,2,4
A11,73,0.5829,1,1
B11,73,0.5889,1,2
C11,73,0.5465,1,3
D11,73,0.5868,1,4
E09,75,0.6268,1,1
F09,75,0.6215,1,2
G09,75,0.5452,1,3
H09,75,0.5266,1,4
E10,77,0.6202,2,1
F10,77,0.6026,2,2
G10,77,0.5992,2,3
H10,77,0.5798,2,4
E10,79,0.6275,1,1
F10,79,0.5837,1,2
G10,79,0.4909,1,3
H10,79,0.4873,1,4
E11,81,0.5346,2,1
F11,81,0.4507,2,2
G11,81,0.5577,2,3
H11,81,0.5842,2,4
A11,83,0.573,2,1
B11,83,0.6305,2,2
C11,83,0.4332,2,3
D11,83,0.5737,2,4
E11,85,0.7181,2,1
F11,85,0.6304,2,2
G11,85,0.6859,2,3
H11,85,0.7237,2,4
E11,87,0.6499,1,1
F11,87,0.5087,1,2
G11,87,0.5319,1,3
H11,87,0.5238,1,4
A09,89,0.6828,1,1
B09,89,0.6814,1,2
C09,89,0.6933,1,3
D09,89,0.7351,1,4
E10,91,0.4909,2,1
F10,91,0.4686,2,2
G10,91,0.4234,2,3
H10,91,0.4161,2,4
A10,93,0.8783,1,1
B10,93,0.8642,1,2
C10,93,0.8555,1,3
D10,93,0.7787,1,4
A11,95,0.6793,1,1
B11,95,0.6773,1,2
C11,95,0.6401,1,3
D11,95,0.6735,1,4
E11,97,0.5104,2,1
F11,97,0.4273,2,2
G11,97,0.5058,2,3
H11,97,0.5361,2,4
A11,99,0.5019,2,1
B11,99,0.5297,2,2
C11,99,0.401,2,3
D11,99,0.52,2,4
A01,101,0.507,2,1
B01,101,0.5483,2,2
C01,101,0.5076,2,3
D01,101,0.5475,2,4
A01,103,0.6149,1,1
B01,103,0.6467,1,2
C01,103,0.5689,1,3
D01,103,0.5876,1,4
A01,105,0.4949,2,1
B01,105,0.5279,2,2
C01,105,0.4905,2,3
D01,105,0.5361,2,4
A02,107,0.4924,2,1
B02,107,0.5261,2,2
C02,107,0.4159,2,3
D02,107,0.5107,2,4
E01,109,0.5791,2,1
F01,109,0.6202,2,2
G01,109,0.6089,2,3
H01,109,0.6657,2,4
A01,111,0.5568,1,1
B01,111,0.5844,1,2
C01,111,0.5424,1,3
D01,111,0.5637,1,4
E01,113,0.4806,2,1
F01,113,0.511,2,2
G01,113,0.4823,2,3
H01,113,0.5064,2,4
A01,115,0.8844,2,1
B01,115,0.9924,2,2
C01,115,1.0126,2,3
D01,115,1.0089,2,4
A02,117,0.4881,2,1
B02,117,0.5033,2,2
C02,117,0.4089,2,3
D02,117,0.4778,2,4
E02,119,0.5709,2,1
F02,119,0.5076,2,2
G02,119,0.5536,2,3
H02,119,0.5638,2,4
E03,121,0.6076,2,1
F03,121,0.6258,2,2
G03,121,0.5622,2,3
H03,121,0.563,2,4
A02,123,0.4678,2,1
B02,123,0.4661,2,2
C02,123,0.4157,2,3
D02,123,0.4723,2,4
A03,125,0.7335,2,1
B03,125,0.7688,2,2
C03,125,0.7449,2,3
D03,125,0.7018,2,4
E02,127,0.5639,2,1
F02,127,0.4708,2,2
G02,127,0.5574,2,3
H02,127,0.5638,2,4
E02,129,0.5484,2,1
F02,129,0.4749,2,2
G02,129,0.5241,2,3
H02,129,0.5015,2,4
E01,131,0.5188,1,1
F01,131,0.5652,1,2
G01,131,0.5629,1,3
H01,131,0.55,1,4
A03,133,0.5549,2,1
B03,133,0.5668,2,2
C03,133,0.5593,2,3
D03,133,0.5557,2,4
E04,135,0.5231,2,1
F04,135,0.5042,2,2
G04,135,0.538,2,3
H04,135,0.5161,2,4
A03,137,0.6908,2,1
B03,137,0.7341,2,2
C03,137,0.7166,2,3
D03,137,0.668,2,4
A04,139,0.5434,2,1
B04,139,0.5891,2,2
C04,139,0.572,2,3
D04,139,0.537,2,4
A02,141,0.5945,1,1
B02,141,0.5389,1,2
C02,141,0.3491,1,3
D02,141,0.5086,1,4
E03,143,0.6435,2,1
F03,143,0.6418,2,2
G03,143,0.6035,2,3
H03,143,0.6196,2,4
E05,145,0.6235,2,1
F05,145,0.5728,2,2
G05,145,0.6023,2,3
H05,145,0.545,2,4
E06,147,0.5657,2,1
F06,147,0.5333,2,2
G06,147,0.5467,2,3
H06,147,0.5475,2,4
E03,149,0.6156,2,1
F03,149,0.6782,2,2
G03,149,0.6605,2,3
H03,149,0.6516,2,4
A04,151,0.4988,2,1
B04,151,0.5292,2,2
C04,151,0.5149,2,3
D04,151,0.5222,2,4
E07,153,0.5839,2,1
F07,153,0.6262,2,2
G07,153,0.5769,2,3
H07,153,0.5748,2,4
A02,155,0.4976,1,1
B02,155,0.5079,1,2
C02,155,0.3485,1,3
D02,155,0.4902,1,4
E04,157,0.934,2,1
F04,157,0.9059,2,2
G04,157,0.9164,2,3
H04,157,0.9197,2,4
E05,159,0.6498,2,1
F05,159,0.6207,2,2
G05,159,0.6362,2,3
H05,159,0.6385,2,4
A04,160,0.6703,2,1
B04,160,0.6794,2,2
C04,160,0.6383,2,3
D04,160,0.6669,2,4
A03,161,0.8071,1,1
B03,161,0.8196,1,2
C03,161,0.8144,1,3
D03,161,0.7474,1,4
A05,163,0.8957,2,1
B05,163,0.858,2,2
C05,163,0.8164,2,3
D05,163,0.9218,2,4
E07,164,0.703,2,1
F07,164,0.6803,2,2
G07,164,0.7291,2,3
H07,164,0.7186,2,4
C01,165,0.4138,2,3
D01,165,0.4199,2,4
E03,165,0.4374,2,1
F03,165,0.4302,2,2
E01,167,0.5281,2,1
F01,167,0.5284,2,2
G01,167,0.4292,2,3
H01,167,0.5106,2,4
E04,169,0.432,2,1
F04,169,0.4266,2,2
G04,169,0.4192,2,3
H04,169,0.4282,2,4
E02,171,0.514,1,1
F02,171,0.4779,1,2
G02,171,0.4711,1,3
H02,171,0.4559,1,4
E02,173,0.4295,2,1
F02,173,0.3274,2,2
G02,173,0.4379,2,3
H02,173,0.4222,2,4
E05,175,0.4384,2,1
F05,175,0.401,2,2
G05,175,0.3821,2,3
H05,175,0.3965,2,4
E03,177,0.4033,2,1
F03,177,0.3961,2,2
G03,177,0.4207,2,3
H03,177,0.4185,2,4
E04,179,0.4101,2,1
F04,179,0.3891,2,2
G03,179,0.3714,2,3
H03,179,0.3938,2,4
A03,181,0.4618,1,1
B03,181,0.4239,1,2
C03,181,0.4002,1,3
D03,181,0.4005,1,4
E04,183,0.4271,2,1
F04,183,0.4268,2,2
G04,183,0.4074,2,3
H04,183,0.4111,2,4
A05,185,0.4965,2,1
B05,185,0.4892,2,2
C05,185,0.348,2,3
D05,185,0.43,2,4
A06,187,0.4498,2,1
B06,187,0.4085,2,2
C06,187,0.4113,2,3
D06,187,0.3991,2,4
A07,189,0.5054,2,1
B07,189,0.5091,2,2
C07,189,0.499,2,3
D07,189,0.4733,2,4
E05,191,0.5152,2,1
F05,191,0.5098,2,2
G04,191,0.4453,2,3
H04,191,0.4262,2,4
A01,193,0.41,2,1
B01,193,0.406,2,2
C01,193,0.3801,2,3
D01,193,0.3904,2,4
E05,195,0.5023,2,1
F05,195,0.4771,2,2
G05,195,0.473,2,3
H05,195,0.4875,2,4
A02,197,0.4047,2,1
B02,197,0.395,2,2
C02,197,0.3121,2,3
D02,197,0.3733,2,4
E06,199,0.429,2,1
G06,199,0.3766,2,3
H06,199,0.3993,2,4
A08,201,0.4612,2,1
B08,201,0.4538,2,2
C08,201,0.3807,2,3
D08,201,0.4579,2,4
E08,203,0.4556,2,1
F08,203,0.4487,2,2
G08,203,0.4145,2,3
H08,203,0.456,2,4
E09,205,0.5058,2,1
F09,205,0.5315,2,2
G09,205,0.5253,2,3
H09,205,0.4833,2,4
A07,207,0.4958,2,1
B02,207,0.4545,2,2
C02,207,0.363,2,3
D02,207,0.4427,2,4
A03,209,0.4604,2,1
B03,209,0.4918,2,2
C03,209,0.436,2,3
D03,209,0.4311,2,4
E07,211,0.4355,2,1
F07,211,0.4662,2,2
G07,211,0.3863,2,3
H07,211,0.3909,2,4
A04,213,0.4127,2,1
B04,213,0.4338,2,2
C04,213,0.3985,2,3
D04,213,0.3849,2,4
C03,215,0.3702,2,3
D03,215,0.3817,2,4
E06,215,0.39,2,1
F06,215,0.3931,2,2
A07,217,0.4896,2,1
B07,217,0.5027,2,2
C07,217,0.4867,2,3
D07,217,0.4774,2,4
E08,218,0.4986,2,1
F08,218,0.4626,2,2
G08,218,0.4708,2,3
H08,218,0.4733,2,4
A05,219,0.4995,1,1
B05,219,0.47,1,2
C05,219,0.418,1,3
D05,219,0.4655,1,4
A08,221,0.3933,2,1
B08,221,0.4173,2,2
C08,221,0.3198,2,3
D08,221,0.3941,2,4
A09,223,0.7064,2,1
B09,223,0.6861,2,2
C09,223,0.6794,2,3
D09,223,0.6965,2,4
E06,225,0.4709,2,1
F06,225,0.4722,2,2
G06,225,0.458,2,3
H06,225,0.4466,2,4
C01,227,0.3318,2,1
D01,227,0.3489,2,2
G01,227,0.3117,2,3
H01,227,0.3479,2,4
E01,229,0.6742,1,1
F01,229,0.6204,1,2
G01,229,0.4942,1,3
H01,229,0.4849,1,4
A05,231,0.4339,2,1
B05,231,0.4049,2,2
C05,231,0.2884,2,3
D05,231,0.3655,2,4
E07,233,0.4073,2,1
F07,233,0.437,2,2
G07,233,0.4128,2,3
H07,233,0.3894,2,4
E01,235,0.416,1,1
F01,235,0.4354,1,2
G01,235,0.3884,1,3
H01,235,0.3784,1,4
A01,237,0.3121,2,1
B01,237,0.3089,2,2
G02,237,0.3186,2,3
H02,237,0.3341,2,4
A06,239,0.4879,1,1
B06,239,0.4609,1,2
C06,239,0.485,1,3
D06,239,0.4776,1,4
A07,241,0.3945,1,1
B07,241,0.3729,1,2
C07,241,0.3707,1,3
D07,241,0.3673,1,4
E02,243,0.3784,1,1
F02,243,0.3564,1,2
G02,243,0.3557,1,3
H02,243,0.3531,1,4
A08,245,0.3904,1,1
B08,245,0.3678,1,2
C08,245,0.2567,1,3
D08,245,0.3744,1,4
A01,247,0.4332,1,1
B01,247,0.4203,1,2
C01,247,0.4034,1,3
D01,247,0.4209,1,4
E03,249,0.3668,1,1
F03,249,0.3726,1,2
G03,249,0.3748,1,3
H03,249,0.3894,1,4
C02,251,0.2908,2,1
D02,251,0.3441,2,2
G03,251,0.3205,2,3
H03,251,0.3428,2,4
A02,253,0.3665,2,1
B03,253,0.354,2,2
G06,253,0.3374,2,3
H06,253,0.3498,2,4
A02,255,0.4071,2,1
B02,255,0.3621,2,2
G04,255,0.3255,2,3
H04,255,0.3309,2,4
E02,257,0.3755,1,1
F02,257,0.3525,1,2
G02,257,0.3565,1,3
H02,257,0.3443,1,4
A03,259,0.4352,2,1
B03,259,0.3679,2,2
G05,259,0.3182,2,3
H05,259,0.3302,2,4
E03,261,0.3642,1,1
F03,261,0.3601,1,2
G03,261,0.364,1,3
H03,261,0.3764,1,4
C03,263,0.3569,2,1
D03,263,0.361,2,2
E01,263,0.3269,2,3
F01,263,0.3268,2,4
C04,265,0.3501,2,1
D04,265,0.3326,2,2
E02,265,0.3128,2,3
F02,265,0.2181,2,4
A04,267,0.4013,2,1
B04,267,0.3555,2,2
E03,267,0.3142,2,3
F03,267,0.3204,2,4
C05,269,0.2619,2,1
D05,269,0.3404,2,2
G06,269,0.3168,2,3
H06,269,0.3241,2,4
A05,271,0.3683,2,1
B05,271,0.3199,2,2
E04,271,0.3303,2,3
F04,271,0.3079,2,4
A08,273,0.33,2,1
B01,273,0.3103,2,2
C01,273,0.3057,2,3
D01,273,0.3084,2,4
E04,275,0.3938,1,1
F04,275,0.3822,1,2
G04,275,0.4061,1,3
H04,275,0.3939,1,4
A07,277,0.3316,2,1
B02,277,0.3164,2,2
C02,277,0.2542,2,3
D02,277,0.3234,2,4
A05,279,0.3519,2,1
B03,279,0.3493,2,2
C03,279,0.3459,2,3
D03,279,0.348,2,4
A02,281,0.4741,1,1
B02,281,0.4595,1,2
C02,281,0.3922,1,3
D02,281,0.4732,1,4
A06,283,0.3421,2,1
B06,283,0.355,2,2
G07,283,0.3243,2,3
H07,283,0.3209,2,4
E04,285,0.3794,1,1
F04,285,0.3728,1,2
G04,285,0.3757,1,3
H04,285,0.3662,1,4
A09,287,0.3228,2,1
B04,287,0.3497,2,2
C04,287,0.3094,2,3
D04,287,0.3169,2,4
A07,289,0.3328,2,1
B07,289,0.3697,2,2
E05,289,0.3475,2,3
F05,289,0.302,2,4
C06,291,0.3448,2,1
D06,291,0.3429,2,2
E06,291,0.3358,2,3
F06,291,0.321,2,4
A08,293,0.3425,2,1
B08,293,0.3882,2,2
E07,293,0.3001,2,3
F07,293,0.332,2,4
A06,295,0.3618,2,1
B05,295,0.3588,2,2
C05,295,0.2429,2,3
D05,295,0.3366,2,4
A09,297,0.7324,1,1
B09,297,0.6479,1,2
C09,297,0.613,1,3
D09,297,0.6408,1,4
A03,299,0.4953,1,1
B03,299,0.4701,1,2
C03,299,0.4232,1,3
D03,299,0.4545,1,4
E10,301,0.4978,2,1
F10,301,0.5014,2,2
G10,301,0.4717,2,3
H10,301,0.4825,2,4
A10,303,0.4623,2,1
B10,303,0.4736,2,2
C10,303,0.463,2,3
D10,303,0.4519,2,4
C07,305,0.357,2,1
D07,305,0.3408,2,2
E08,305,0.3258,2,3
F08,305,0.3073,2,4
A09,307,0.3354,2,1
B09,307,0.3566,2,2
G08,307,0.3166,2,3
H08,307,0.3511,2,4
C08,309,0.2815,2,1
D08,309,0.3421,2,2
E09,309,0.3157,2,3
F09,309,0.3118,2,4
A12,311,0.3465,2,1
B06,311,0.3338,2,2
C06,311,0.3254,2,3
D06,311,0.3122,2,4
C09,313,0.3345,2,1
D09,313,0.3426,2,2
G09,313,0.2961,2,3
H09,313,0.3248,2,4
A10,315,0.3329,2,1
B10,315,0.3168,2,2
G10,315,0.3154,2,3
H10,315,0.3105,2,4
A04,317,0.3269,2,1
B07,317,0.3286,2,2
C07,317,0.3249,2,3
D07,317,0.3091,2,4
C10,319,0.3415,2,1
D10,319,0.3448,2,2
E10,319,0.3284,2,3
F10,319,0.3202,2,4
A10,321,0.3402,2,1
B08,321,0.3421,2,2
C08,321,0.2514,2,3
D08,321,0.3173,2,4
A06,323,0.3508,2,1
B05,323,0.3476,2,2
G03,323,0.3729,1,3
H03,323,0.3788,1,4
A11,325,0.351,2,1
B09,325,0.3478,2,2
C09,325,0.3638,2,3
D09,325,0.3669,2,4
A04,327,0.3699,2,1
B06,327,0.3607,2,2
A06,329,0.5492,2,1
B06,329,0.4841,2,2
C06,329,0.4544,2,3
D06,329,0.4578,2,4
E08,331,0.3961,2,1
F08,331,0.4032,2,2
G08,331,0.3883,2,3
H08,331,0.4189,2,4
A11,333,0.5274,2,1
B11,333,0.4912,2,2
C11,333,0.3916,2,3
D11,333,0.5041,2,4
E05,335,0.4504,1,1
F05,335,0.4477,1,2
G05,335,0.4357,1,3
H05,335,0.4398,1,4
E09,337,0.5678,2,1
F09,337,0.5536,2,2
G09,337,0.5248,2,3
H09,337,0.5472,2,4
E05,339,0.4328,1,1
F05,339,0.414,1,2
G05,339,0.4399,1,3
H05,339,0.4454,1,4
G09,341,0.3898,2,3
H09,341,0.4509,2,4
C11,343,0.2517,2,1
D11,343,0.35,2,2
E11,343,0.3223,2,3
F11,343,0.2421,2,4
A04,345,0.4719,1,1
B04,345,0.4667,1,2
C04,345,0.468,1,3
D04,345,0.4547,1,4
E06,347,0.4529,1,1
F06,347,0.4618,1,2
G06,347,0.4344,1,3
H06,347,0.4162,1,4
A02,349,0.3239,2,1
B10,349,0.3401,2,2
C10,349,0.314,2,3
D10,349,0.314,2,4
A04,351,0.5524,1,1
B04,351,0.5306,1,2
C04,351,0.5101,1,3
D04,351,0.5337,1,4
A05,353,0.5186,1,1
B05,353,0.5662,1,2
C05,353,0.4493,1,3
D05,353,0.5023,1,4
A06,355,0.4514,1,1
B06,355,0.4476,1,2
C06,355,0.4406,1,3
D06,355,0.4473,1,4
A03,357,0.3377,2,1
B11,357,0.3418,2,2
C11,357,0.233,2,3
D11,357,0.3243,2,4
C02,360,0.286,2,1
D02,360,0.35,2,2
E02,360,0.362,2,3
F02,360,0.2502,2,4
A11,361,0.3694,2,1
B11,361,0.3546,2,2
G11,361,0.3116,2,3
H11,361,0.3304,2,4
E07,363,0.4382,1,1
F07,363,0.4416,1,2
G07,363,0.4443,1,3
H07,363,0.4433,1,4
E06,367,0.5639,1,1
F06,367,0.5838,1,2
G06,367,0.5876,1,3
H06,367,0.5896,1,4
E08,369,0.5574,1,1
F08,369,0.4515,1,2
G08,369,0.5884,1,3
H08,369,0.5766,1,4
E07,371,0.5524,1,1
F07,371,0.8884,1,2
G07,371,0.6849,1,3
H07,371,0.5618,1,4
A05,373,0.5168,1,1
B05,373,0.5111,1,2
C05,373,0.4492,1,3
D05,373,0.508,1,4
E08,375,0.4663,1,1
F08,375,0.4618,1,2
G08,375,0.5924,1,3
H08,375,0.494,1,4
A06,377,0.5194,1,1
B06,377,0.5257,1,2
C06,377,0.482,1,3
D06,377,0.4889,1,4
A01,380,0.3359,2,3
B01,380,0.3679,2,4
C01,380,0.3725,2,1
D01,380,0.3897,2,2
A10,383,0.4636,1,1
B10,383,0.4532,1,2
C10,383,0.4605,1,3
D10,383,0.463,1,4
A07,385,0.5146,1,1
B07,385,0.5147,1,2
C07,385,0.5166,1,3
D07,385,0.513,1,4
E09,387,0.4676,1,1
F09,387,0.4715,1,2
G09,387,0.4648,1,3
H09,387,0.4718,1,4
E10,389,0.4039,1,1
F10,389,0.4153,1,2
G10,389,0.4161,1,3
H10,389,0.4088,1,4
A08,391,0.6513,1,1
B08,391,0.6418,1,2
C08,391,0.5349,1,3
D08,391,0.6565,1,4
A07,393,0.4717,1,1
B07,393,0.4672,1,2
C07,393,0.4583,1,3
D07,393,0.4604,1,4
E01,396,0.3457,2,1
F01,396,0.3387,2,2
G01,396,0.316,2,3
H01,396,0.3647,2,4
E02,400,0.3281,2,1
F02,400,0.2349,2,2
G02,400,0.3381,2,3
H02,400,0.3526,2,4
E11,401,0.4643,1,1
F11,401,0.3641,1,2
G11,401,0.4769,1,3
H11,401,0.475,1,4
A08,403,0.5938,1,1
B08,403,0.5984,1,2
C08,403,0.4677,1,3
D08,403,0.5959,1,4
E09,405,0.5628,1,1
F09,405,0.5891,1,2
G09,405,0.5851,1,3
H09,405,0.5562,1,4
E10,407,0.5741,1,1
F10,407,0.5669,1,2
G10,407,0.5611,1,3
H10,407,0.5316,1,4
A09,409,0.5972,1,1
B09,409,0.6102,1,2
C09,409,0.55,1,3
D09,409,0.5811,1,4
A02,412,0.3384,2,3
B02,412,0.3362,2,4
C02,412,0.2926,2,1
D02,412,0.351,2,2
C10,414,0.3587,2,1
D10,414,0.3404,2,2
E10,414,0.3749,2,3
F10,414,0.343,2,4
E03,416,0.324,2,1
F03,416,0.3276,2,2
G03,416,0.3335,2,3
H03,416,0.3387,2,4
A03,420,0.5672,2,3
B03,420,0.5572,2,4
C03,420,0.6023,2,1
D03,420,0.6008,2,2
A07,421,0.4961,2,1
B07,421,0.5174,2,2
C07,421,0.528,2,3
D07,421,0.4471,2,4
E04,423,0.5829,1,1
F04,423,0.5737,1,2
G04,423,0.5517,1,3
H04,423,0.5505,1,4
A10,425,0.5141,1,1
B10,425,0.4974,1,2
C10,425,0.5076,1,3
D10,425,0.4835,1,4
A04,428,0.3466,2,1
A10,428,0.3404,2,3
B04,428,0.3798,2,2
B10,428,0.3326,2,4
A04,430,0.3369,2,3
B04,430,0.3543,2,4
C04,430,0.3439,2,1
D04,430,0.345,2,2
C07,432,0.3793,2,1
D07,432,0.35,2,2
E07,432,0.3553,2,3
F07,432,0.3629,2,4
C03,434,0.3916,2,1
D03,434,0.3762,2,2
E03,434,0.6156,2,3
F03,434,0.5852,2,4
E04,436,0.4151,2,1
F04,436,0.4055,2,2
G04,436,0.5138,2,3
H04,436,0.5164,2,4
E05,437,0.4849,1,1
F05,437,0.4811,1,2
G05,437,0.4268,1,3
H05,437,0.432,1,4
A08,439,0.6633,2,1
B08,439,0.6715,2,2
C08,439,0.5381,2,3
D08,439,0.6055,2,4
E05,442,0.5705,2,1
F05,442,0.5363,2,2
G05,442,0.5829,2,3
H05,442,0.5881,2,4
A05,444,0.3673,2,3
B05,444,0.3242,2,4
C05,444,0.2495,2,1
D05,444,0.3357,2,2
C12,446,0.3566,2,1
D12,446,0.3443,2,2
E12,446,0.3552,2,3
F12,446,0.3427,2,4
A02,448,0.5137,2,1
A08,448,0.4218,2,3
B02,448,0.5337,2,2
B08,448,0.419,2,4
A06,450,0.4452,2,3
B06,450,0.4511,2,4
C06,450,0.4672,2,1
D06,450,0.4617,2,2
C01,452,0.387,2,1
D01,452,0.3849,2,2
E01,452,0.6568,2,3
F01,452,0.625,2,4
E06,454,0.4187,2,1
F06,454,0.3954,2,2
G06,454,0.4598,2,3
H06,454,0.4703,2,4
C11,456,0.2618,2,1
D11,456,0.3542,2,2
E11,456,0.3407,2,3
F11,456,0.241,2,4
E11,457,0.5159,1,1
F11,457,0.3779,1,2
G11,457,0.4606,1,3
H11,457,0.4413,1,4
E07,460,0.3163,2,1
F07,460,0.3405,2,2
G07,460,0.334,2,3
H07,460,0.3237,2,4
A09,461,0.4914,2,1
B09,461,0.4848,2,2
C09,461,0.4389,2,3
D09,461,0.4401,2,4
A06,464,0.3517,2,1
A12,464,0.4036,2,3
B06,464,0.3702,2,2
B12,464,0.3832,2,4
A07,466,0.4284,2,3
B07,466,0.4333,2,4
C07,466,0.4657,2,1
D07,466,0.4551,2,2
A08,468,0.3969,2,3
B08,468,0.4099,2,4
C08,468,0.4293,2,1
D08,468,0.5085,2,2
C05,470,0.337,2,1
D05,470,0.4118,2,2
E05,470,0.6537,2,3
F05,470,0.6021,2,4
C06,471,0.4488,2,3
D06,471,0.4606,2,4
E10,471,0.5232,2,1
F10,471,0.4959,2,2
A11,473,0.6752,1,1
B11,473,0.6569,1,2
C11,473,0.6323,1,3
D11,473,0.6467,1,4
A09,476,0.3356,2,3
B09,476,0.3335,2,4
C09,476,0.3388,2,1
D09,476,0.3378,2,2
C04,478,0.3704,2,1
D04,478,0.3726,2,2
E04,478,0.3548,2,3
F04,478,0.3299,2,4
A05,480,0.3688,2,1
A11,480,0.3595,2,3
B05,480,0.3561,2,2
B11,480,0.3587,2,4
C09,481,0.364,2,1
D09,481,0.3551,2,2
E09,481,0.3727,2,3
F09,481,0.3322,2,4
A10,482,0.3378,2,3
B10,482,0.3318,2,4
C10,482,0.3375,2,1
D10,482,0.3286,2,2
A11,484,0.8545,2,3
B11,484,0.8144,2,4
C11,484,0.7458,2,1
D11,484,0.8466,2,2
E11,485,0.6188,2,1
F11,485,0.4854,2,2
G11,485,0.5623,2,3
H11,485,0.5953,2,4
E07,487,0.5599,1,1
F07,487,0.5649,1,2
G07,487,0.5271,1,3
H07,487,0.5322,1,4
E08,490,0.3254,2,1
F08,490,0.3164,2,2
G08,490,0.35,2,3
H08,490,0.3745,2,4
E09,492,0.3381,2,1
F09,492,0.3155,2,2
G09,492,0.3352,2,3
H09,492,0.3513,2,4
E10,494,0.3309,2,1
F10,494,0.3078,2,2
G10,494,0.325,2,3
H10,494,0.3086,2,4
A12,496,0.3823,2,3
B12,496,0.3594,2,4
C12,496,0.3566,2,1
D12,496,0.3435,2,2
E11,500,0.4052,2,1
F11,500,0.257,2,2
G11,500,0.3507,2,3
H11,500,0.3822,2,4
C08,502,0.2643,2,1
D08,502,0.3481,2,2
E08,502,0.4743,2,3
F08,502,0.3289,2,4
A01,504,0.3074,2,1
A07,504,0.3529,2,3
B01,504,0.3416,2,2
B07,504,0.3593,2,4
C06,506,0.3615,2,1
D06,506,0.3406,2,2
E06,506,0.399,2,3
F06,506,0.3689,2,4
A01,Blank1,0.2732,2,1
B12,Blank1,0.2946,2,2
C12,Blank1,0.2816,2,1
D12,Blank1,0.2743,2,2
A12,Blank1,0.3044,2,1
B12,Blank1,0.3066,2,2
C12,Blank1,0.2779,2,3
D12,Blank1,0.2745,2,4
E12,Blank1,0.2715,2,3
F12,Blank1,0.2812,2,4
G12,Blank1,0.2718,2,3
H12,Blank1,0.3045,2,4
A12,Blank1,0.3047,2,1
B12,Blank1,0.29,2,2
C12,Blank1,0.2745,2,3
D12,Blank1,0.2745,2,4
E12,Blank1,0.2777,2,1
F12,Blank1,0.2782,2,2
G12,Blank1,0.2789,2,3
H12,Blank1,0.3036,2,4
A12,Blank1,0.3077,2,1
B12,Blank1,0.2938,2,2
C12,Blank1,0.2938,2,3
D12,Blank1,0.2823,2,4
E12,Blank1,0.2818,2,1
F12,Blank1,0.2747,2,2
G12,Blank1,0.2897,2,3
H12,Blank1,0.3048,2,4
A12,Blank1,0.311,2,1
B12,Blank1,0.288,2,2
C12,Blank1,0.2789,2,3
D12,Blank1,0.2709,2,4
E12,Blank1,0.2714,2,1
F12,Blank1,0.2612,2,2
G12,Blank1,0.2732,2,3
H12,Blank1,0.2967,2,4
A12,Blank1,0.3094,1,1
B12,Blank1,0.2926,1,2
C12,Blank1,0.3194,1,3
D12,Blank1,0.3063,1,4
E12,Blank1,0.3073,1,1
F12,Blank1,0.3377,1,2
G12,Blank1,0.3459,1,3
H12,Blank1,0.3086,1,4
A12,Blank1,0.3004,2,1
B12,Blank1,0.2859,2,2
C12,Blank1,0.2784,2,3
D12,Blank1,0.2672,2,4
E12,Blank1,0.2677,2,1
F12,Blank1,0.2638,2,2
G12,Blank1,0.2717,2,3
H12,Blank1,0.2945,2,4
A12,Blank1,0.3091,1,1
B12,Blank1,0.2972,1,2
C12,Blank1,0.3135,1,3
D12,Blank1,0.306,1,4
E12,Blank1,0.2993,1,1
F12,Blank1,0.3251,1,2
G12,Blank1,0.3246,1,3
H12,Blank1,0.3015,1,4
A12,Blank1,0.3212,2,1
B12,Blank1,0.2966,2,2
C12,Blank1,0.2927,2,3
D12,Blank1,0.2835,2,4
E12,Blank1,0.2805,2,1
F12,Blank1,0.2768,2,2
G12,Blank1,0.282,2,3
H12,Blank1,0.3058,2,4
A12,Blank1,0.3285,1,1
B12,Blank1,0.3233,1,2
C12,Blank1,0.3281,1,3
D12,Blank1,0.3266,1,4
E12,Blank1,0.3141,1,1
F12,Blank1,0.3444,1,2
G12,Blank1,0.3229,1,3
H12,Blank1,0.3012,1,4
A01,365,0.3696,1,1
A02,365,0.4259,1,2
A03,417,0.4394,1,1
A04,417,0.4378,1,2
A05,497,0.4456,1,1
A06,497,0.4399,1,2
A07,397,0.4436,1,1
A08,397,0.4537,1,2
A09,381,0.4355,1,1
A10,381,0.4495,1,2
B01,365,0.4129,1,3
B02,365,0.4257,1,4
B03,417,0.4583,1,3
B04,417,0.4474,1,4
B05,497,0.4442,1,3
B06,497,0.4324,1,4
B07,397,0.4644,1,3
B08,397,0.4796,1,4
B09,381,0.477,1,3
B10,381,0.4643,1,4
A01,685,0.3882,2,1
A02,687,0.3744,2,1
A03,689,0.5214,2,1
A04,690,0.3882,2,1
A05,694,0.3644,2,1
A06,710,0.4256,2,1
A07,714,0.4087,2,1
A08,716,0.409,2,1
A09,727,0.4215,2,1
A10,740,0.3601,2,1
A11,742,0.3658,2,1
A12,758,0.4023,2,1
B12,758,0.3688,2,2
B11,742,0.3856,2,2
B10,740,0.4193,2,2
B09,727,0.4507,2,2
B08,716,0.425,2,2
B07,714,0.4169,2,2
B06,710,0.435,2,2
B05,694,0.3553,2,2
B04,690,0.3982,2,2
B03,689,0.4567,2,2
B02,687,0.357,2,2
B01,685,0.3644,2,2
C01,685,0.3662,2,3
C02,687,0.3681,2,3
C03,689,0.5498,2,3
C04,690,0.4225,2,3
C05,694,0.3895,2,3
C06,710,0.447,2,3
C07,714,0.4094,2,3
C08,716,0.355,2,3
C09,727,0.4224,2,3
C10,740,0.3546,2,3
C11,742,0.2426,2,3
C12,758,0.3257,2,3
D12,758,0.3212,2,4
D11,742,0.3388,2,4
D10,740,0.3446,2,4
D09,727,0.3713,2,4
D08,716,0.3827,2,4
D07,714,0.3798,2,4
D06,710,0.3832,2,4
D05,694,0.3482,2,4
D04,690,0.3627,2,4
D03,689,0.5104,2,4
D02,687,0.3607,2,4
D01,685,0.3703,2,4
E01,684,0.3525,2,1
E02,702,0.3638,2,1
E03,715,0.328,2,1
E04,720,0.3666,2,1
E05,722,0.3763,2,1
E06,724,0.3732,2,1
E07,728,0.3645,2,1
E08,732,0.3803,2,1
E09,734,0.3841,2,1
E10,749,0.3669,2,1
E11,752,0.3457,2,1
E12,756,0.335,2,1
F12,756,0.3195,2,2
F11,752,0.2476,2,2
F10,749,0.3312,2,2
F09,734,0.3558,2,2
F08,732,0.3264,2,2
F07,728,0.3678,2,2
F06,724,0.3534,2,2
F05,722,0.3598,2,2
F04,720,0.3469,2,2
F03,715,0.3356,2,2
F02,702,0.2754,2,2
F01,684,0.3394,2,2
G01,684,0.3124,2,3
G02,702,0.3815,2,3
G03,715,0.3677,2,3
G04,720,0.3903,2,3
G05,722,0.3796,2,3
G06,724,0.3866,2,3
G07,728,0.3888,2,3
G08,732,0.3776,2,3
G09,734,0.4038,2,3
G10,749,0.3294,2,3
G11,752,0.3379,2,3
G12,756,0.3249,2,3
H12,756,0.3707,2,4
H11,752,0.3604,2,4
H10,749,0.3103,2,4
H09,734,0.4071,2,4
H08,732,0.3718,2,4
H07,728,0.3487,2,4
H06,724,0.3692,2,4
H05,722,0.3952,2,4
H04,720,0.3939,2,4
H03,715,0.3414,2,4
H02,702,0.361,2,4
H01,684,0.3389,2,4
A01,614,0.3689,2,1
A02,680,0.3688,2,1
A03,691,0.3716,2,1
A04,695,0.3745,2,1
A05,696,0.3883,2,1
A06,705,0.3815,2,1
A07,706,0.3921,2,1
A08,713,0.3926,2,1
A09,714,0.3766,2,1
A10,729,0.3752,2,1
A11,738,0.3476,2,1
A12,Blank1,0.3102,2,1
B12,Blank1,0.2964,2,2
B11,738,0.3472,2,2
B10,729,0.3973,2,2
B09,714,0.3857,2,2
B08,713,0.4345,2,2
B07,706,0.389,2,2
B06,705,0.3775,2,2
B05,696,0.3794,2,2
B04,695,0.4073,2,2
B03,691,0.3837,2,2
B02,680,0.3661,2,2
B01,614,0.3979,2,2
C01,614,,2,3
C02,680,0.3052,2,3
C03,691,0.3811,2,3
C04,695,0.3879,2,3
C05,696,0.2814,2,3
C06,705,0.3759,2,3
C07,706,0.3712,2,3
C08,713,0.3219,2,3
C09,714,0.4,2,3
C10,729,0.3778,2,3
C11,738,0.2458,2,3
C12,Blank1,0.2845,2,3
D12,Blank1,0.2687,2,4
D11,738,0.3322,2,4
D10,729,0.3681,2,4
D09,714,0.3804,2,4
D08,713,0.3882,2,4
D07,706,0.391,2,4
D06,705,0.362,2,4
D05,696,0.3704,2,4
D04,695,0.3846,2,4
D03,691,0.3661,2,4
D02,680,0.3843,2,4
D01,614,,2,4
E01,613,0.3788,2,1
E02,621,0.3892,2,1
E03,622,0.3732,2,1
E04,678,0.4048,2,1
E05,686,0.3931,2,1
E06,688,0.3636,2,1
E07,692,0.3667,2,1
E08,693,0.381,2,1
E09,697,0.39,2,1
E10,703,0.383,2,1
E11,717,0.3698,2,1
E12,Blank1,0.2719,2,1
F12,Blank1,0.2692,2,2
F11,717,0.2672,2,2
F10,703,0.3613,2,2
F09,697,0.3757,2,2
F08,693,0.3566,2,2
F07,692,0.3925,2,2
F06,688,0.3583,2,2
F05,686,0.35,2,2
F04,678,0.3815,2,2
F03,622,0.3679,2,2
F02,621,0.2879,2,2
F01,613,0.3623,2,2
G01,613,0.3445,2,3
G02,621,0.3851,2,3
G03,622,0.3643,2,3
G04,678,0.3984,2,3
G05,686,0.375,2,3
G06,688,0.3547,2,3
G07,692,0.3743,2,3
G08,693,0.365,2,3
G09,697,0.369,2,3
G10,703,0.3574,2,3
G11,717,0.3581,2,3
G12,Blank1,0.2757,2,3
H12,Blank1,0.3012,2,4
H11,717,0.3807,2,4
H10,703,0.3275,2,4
H09,697,0.3869,2,4
H08,693,0.3781,2,4
H07,692,0.3673,2,4
H06,688,0.3477,2,4
H05,686,0.3728,2,4
H04,678,0.3851,2,4
H03,622,0.3714,2,4
H02,621,0.375,2,4
H01,613,0.3786,2,4
A01,604,0.4138,1,1
A02,611,0.4007,1,1
A03,620,0.438,1,1
A04,681,0.3929,1,1
A05,683,0.4003,1,1
A06,698,0.4257,1,1
A07,700,0.3931,1,1
A08,709,0.414,1,1
A09,721,0.4016,1,1
A10,743,0.3906,1,1
A11,748,0.3664,1,1
A12,Blank1,0.3012,1,1
B12,Blank1,0.2929,1,2
B11,748,0.3684,1,2
B10,743,0.3645,1,2
B09,721,0.3896,1,2
B08,709,0.3999,1,2
B07,700,0.386,1,2
B06,698,0.4016,1,2
B05,683,0.3904,1,2
B04,681,0.3875,1,2
B03,620,0.4196,1,2
B02,611,0.3818,1,2
B01,604,0.4057,1,2
C01,604,0.3897,1,3
C02,611,0.2441,1,3
C03,620,0.3974,1,3
C04,681,0.3825,1,3
C05,683,0.3062,1,3
C06,698,0.3936,1,3
C07,700,0.3788,1,3
C08,709,0.2928,1,3
C09,721,0.3976,1,3
C10,743,0.3707,1,3
C11,748,0.3353,1,3
C12,Blank1,0.31,1,3
D12,Blank1,0.302,1,4
D11,748,0.3651,1,4
D10,743,0.3779,1,4
D09,721,0.4268,1,4
D08,709,0.4106,1,4
D07,700,0.3819,1,4
D06,698,0.4022,1,4
D05,683,0.3926,1,4
D04,681,0.3743,1,4
D03,620,0.4019,1,4
D02,611,0.3752,1,4
D01,604,0.3867,1,4
E01,602,0.4326,1,1
E02,610,0.4018,1,1
E03,679,0.4012,1,1
E04,682,0.3928,1,1
E05,699,0.4066,1,1
E06,701,0.3683,1,1
E07,704,0.4169,1,1
E08,708,0.3824,1,1
E09,711,0.3989,1,1
E10,712,0.3947,1,1
E11,718,0.4263,1,1
E12,Blank1,0.3094,1,1
F12,Blank1,0.315,1,2
F11,718,0.3052,1,2
F10,712,0.4173,1,2
F09,711,0.3879,1,2
F08,708,0.2838,1,2
F07,704,0.4118,1,2
F06,701,0.3788,1,2
F05,699,0.3844,1,2
F04,682,0.3911,1,2
F03,679,0.4028,1,2
F02,610,0.3779,1,2
F01,602,0.4361,1,2
G01,602,0.4157,1,3
G02,610,0.3915,1,3
G03,679,0.3962,1,3
G04,682,0.393,1,3
G05,699,0.3936,1,3
G06,701,0.3679,1,3
G07,704,0.41,1,3
G08,708,0.4225,1,3
G09,711,0.4003,1,3
G10,712,0.4216,1,3
G11,718,0.4344,1,3
G12,Blank1,0.3244,1,3
H12,Blank1,0.3028,1,4
H11,718,0.4054,1,4
H10,712,0.4082,1,4
H09,711,0.3994,1,4
H08,708,0.378,1,4
H07,704,0.4092,1,4
H06,701,0.3711,1,4
H05,699,0.3964,1,4
H04,682,0.3873,1,4
H03,679,0.3912,1,4
H02,610,0.3798,1,4
H01,602,0.4143,1,4
A01,671,0.5809,1,1
A02,675,0.5599,1,1
A03,676,0.5146,1,1
A04,677,0.4993,1,1
A05,723,0.3705,1,1
A06,737,0.3847,1,1
A07,744,0.3795,1,1
A08,750,0.3738,1,1
A09,753,0.3704,1,1
A10,754,0.385,1,1
A11,759,0.3802,1,1
A12,Blank1,0.3147,1,1
B12,Blank1,0.3106,1,2
B11,759,0.3641,1,2
B10,754,0.3591,1,2
B09,753,0.3547,1,2
B08,750,0.342,1,2
B07,744,0.4028,1,2
B06,737,0.4147,1,2
B05,723,0.3896,1,2
B04,677,0.4612,1,2
B03,676,0.5121,1,2
B02,675,0.6103,1,2
B01,671,0.5402,1,2
C01,671,0.5282,1,3
C02,675,0.3535,1,3
C03,676,0.498,1,3
C04,677,0.4601,1,3
C05,723,0.3127,1,3
C06,737,0.3985,1,3
C07,744,0.3649,1,3
C08,750,0.2465,1,3
C09,753,0.3586,1,3
C10,754,0.3557,1,3
C11,759,0.3417,1,3
C12,Blank1,0.3105,1,3
D12,Blank1,0.3152,1,4
D11,759,0.3786,1,4
D10,754,0.3698,1,4
D09,753,0.3814,1,4
D08,750,0.3493,1,4
D07,744,0.4074,1,4
D06,737,0.4155,1,4
D05,723,0.3764,1,4
D04,677,0.4829,1,4
D03,676,0.4579,1,4
D02,675,0.5509,1,4
D01,671,0.5465,1,4
E01,600,0.5113,1,1
E02,608,0.5331,1,1
E03,619,0.3826,1,1
E04,627,0.5428,1,1
E05,632,0.5052,1,1
E06,639,0.4875,1,1
E07,640,0.4151,1,1
E08,653,0.5663,1,1
E09,664,0.3733,1,1
E10,668,0.5526,1,1
E11,673,0.5472,1,1
E12,Blank1,0.3201,1,1
F12,Blank1,0.3473,1,2
F11,673,0.4439,1,2
F10,668,0.5676,1,2
F09,664,0.3811,1,2
F08,653,0.4698,1,2
F07,640,0.4584,1,2
F06,639,0.5477,1,2
F05,632,0.5031,1,2
F04,627,0.5688,1,2
F03,619,0.3961,1,2
F02,608,0.5064,1,2
F01,600,0.5589,1,2
G01,600,0.5581,1,3
G02,608,0.5159,1,3
G03,619,0.4004,1,3
G04,627,0.5912,1,3
G05,632,0.5364,1,3
G06,639,0.5067,1,3
G07,640,0.4562,1,3
G08,653,0.5981,1,3
G09,664,0.3696,1,3
G10,668,0.5759,1,3
G11,673,0.5693,1,3
G12,Blank1,0.3285,1,3
H12,Blank1,0.3129,1,4
H11,673,0.55,1,4
H10,668,0.5727,1,4
H09,664,0.3778,1,4
H08,653,0.5924,1,4
H07,640,0.4532,1,4
H06,639,0.4774,1,4
H05,632,0.5425,1,4
H04,627,0.5619,1,4
H03,619,0.4117,1,4
H02,608,0.5295,1,4
H01,600,0.5698,1,4
A01,599,0.4877,2,1
A02,626,0.5304,2,1
A03,629,0.5885,2,1
A04,630,0.5029,2,1
A05,631,0.5269,2,1
A06,638,0.5389,2,1
A07,644,0.4583,2,1
A08,647,0.5609,2,1
A09,648,0.4985,2,1
A10,656,0.5445,2,1
A11,666,0.6149,2,1
A12,Blank1,0.3087,2,1
B12,Blank1,0.2951,2,2
B11,666,0.6177,2,2
B10,656,0.5393,2,2
B09,648,0.4844,2,2
B08,647,0.5673,2,2
B07,644,0.4764,2,2
B06,638,0.5386,2,2
B05,631,0.5229,2,2
B04,630,0.5249,2,2
B03,629,0.5843,2,2
B02,626,0.5253,2,2
B01,599,0.4747,2,2
C01,599,0.4781,2,3
C02,626,0.4855,2,3
C03,629,0.5459,2,3
C04,630,0.5059,2,3
C05,631,0.417,2,3
C06,638,0.4994,2,3
C07,644,0.4898,2,3
C08,647,0.5097,2,3
C09,648,0.5064,2,3
C10,656,0.5139,2,3
C11,666,0.5055,2,3
C12,Blank1,0.2865,2,3
D12,Blank1,0.2722,2,4
D11,666,0.6163,2,4
D10,656,0.523,2,4
D09,648,0.517,2,4
D08,647,0.5607,2,4
D07,644,0.4698,2,4
D06,638,0.4948,2,4
D05,631,0.5127,2,4
D04,630,0.5002,2,4
D03,629,0.536,2,4
D02,626,0.5276,2,4
D01,599,0.4852,2,4
E01,603,0.3641,2,1
E02,612,0.3553,2,1
E03,646,0.4963,2,1
E04,659,0.5043,2,1
E05,662,0.5381,2,1
E06,733,0.3856,2,1
E07,735,0.3665,2,1
E08,736,0.3852,2,1
E09,739,0.3581,2,1
E10,751,0.3723,2,1
E11,757,0.3561,2,1
E12,Blank1,0.2686,2,1
F12,Blank1,0.2619,2,2
F11,757,0.2623,2,2
F10,751,0.3403,2,2
F09,739,0.3242,2,2
F08,736,0.3625,2,2
F07,735,0.3802,2,2
F06,733,0.3653,2,2
F05,662,0.4768,2,2
F04,659,0.4789,2,2
F03,646,0.4562,2,2
F02,612,0.2803,2,2
F01,603,0.3813,2,2
G01,603,0.3663,2,3
G02,612,0.3705,2,3
G03,646,0.4807,2,3
G04,659,0.5389,2,3
G05,662,0.5112,2,3
G06,733,0.3762,2,3
G07,735,0.3931,2,3
G08,736,0.3807,2,3
G09,739,0.3417,2,3
G10,751,0.3437,2,3
G11,757,0.349,2,3
G12,Blank1,0.2726,2,3
H12,Blank1,0.2987,2,4
H11,757,0.3695,2,4
H10,751,0.3221,2,4
H09,739,0.3551,2,4
H08,736,0.3825,2,4
H07,735,0.3792,2,4
H06,733,0.3762,2,4
H05,662,0.5093,2,4
H04,659,0.4935,2,4
H03,646,0.4833,2,4
H02,612,0.3643,2,4
H01,603,0.3966,2,4
A01,618,0.4705,2,1
A02,628,0.5237,2,1
A03,637,0.4923,2,1
A04,657,0.5307,2,1
A05,665,0.5075,2,1
A06,672,0.5215,2,1
A07,726,0.3634,2,1
A08,730,0.3705,2,1
A09,741,0.3386,2,1
A10,746,0.3576,2,1
A11,747,0.368,2,1
A12,Blank1,0.3077,2,1
B12,Blank1,0.2903,2,2
B11,747,0.3514,2,2
B10,746,0.3472,2,2
B09,741,0.3331,2,2
B08,730,0.369,2,2
B07,726,0.3426,2,2
B06,672,0.5059,2,2
B05,665,0.4791,2,2
B04,657,0.5084,2,2
B03,637,,2,2
B02,628,0.5263,2,2
B01,618,0.5445,2,2
C01,618,0.5053,2,3
C02,628,0.4594,2,3
C03,637,0.536,2,3
C04,657,0.4933,2,3
C05,665,0.3929,2,3
C06,672,0.4862,2,3
C07,726,0.38,2,3
C08,730,0.2965,2,3
C09,741,0.3506,2,3
C10,746,0.3473,2,3
C11,747,0.2678,2,3
C12,Blank1,0.2848,2,3
D12,Blank1,0.2663,2,4
D11,747,0.3587,2,4
D10,746,0.3382,2,4
D09,741,0.3414,2,4
D08,730,0.3586,2,4
D07,726,0.347,2,4
D06,672,0.4788,2,4
D05,665,0.4416,2,4
D04,657,0.5114,2,4
D03,637,,2,4
D02,628,0.5008,2,4
D01,618,0.4817,2,4
E01,636,0.398,2,1
E02,645,0.4844,2,1
E03,650,0.5235,2,1
E04,654,0.5016,2,1
E05,658,0.533,2,1
E06,663,0.4207,2,1
E07,667,0.4175,2,1
E08,674,0.5239,2,1
E09,725,0.375,2,1
E10,731,0.4043,2,1
E11,745,0.3645,2,1
E12,Blank1,0.2759,2,1
F12,Blank1,0.2616,2,2
F11,745,0.2428,2,2
F10,731,0.3742,2,2
F09,725,0.3636,2,2
F08,674,0.5082,2,2
F07,667,0.4814,2,2
F06,663,0.4204,2,2
F05,658,0.4846,2,2
F04,654,0.5013,2,2
F03,650,0.5426,2,2
F02,645,0.3498,2,2
F01,636,0.4185,2,2
G01,636,0.3845,2,3
G02,645,0.4449,2,3
G03,650,0.5449,2,3
G04,654,0.4996,2,3
G05,658,0.4995,2,3
G06,663,0.4126,2,3
G07,667,0.4809,2,3
G08,674,0.5128,2,3
G09,725,0.3725,2,3
G10,731,0.3783,2,3
G11,745,0.3335,2,3
G12,Blank1,0.2711,2,3
H12,Blank1,0.3126,2,4
H11,745,0.3574,2,4
H10,731,0.3624,2,4
H09,725,0.3882,2,4
H08,674,0.5248,2,4
H07,667,0.4745,2,4
H06,663,0.4491,2,4
H05,658,0.5114,2,4
H04,654,0.5022,2,4
H03,650,0.5421,2,4
H02,645,0.4002,2,4
H01,636,0.4147,2,4
A01,597,0.5061,2,1
A02,606,0.4928,2,1
A03,642,0.4645,2,1
A04,762,0.3737,2,1
A05,770,0.4824,2,1
A06,771,0.3963,2,1
A07,772,0.4446,2,1
A08,773,0.3859,2,1
A09,777,0.367,2,1
A10,785,0.4274,2,1
A11,786,0.4305,2,1
A12,Blank1,0.3277,2,1
B12,Blank1,0.3072,2,2
B11,786,0.3879,2,2
B10,785,0.4093,2,2
B09,777,0.3605,2,2
B08,773,0.4055,2,2
B07,772,0.4096,2,2
B06,771,0.3903,2,2
B05,770,0.4421,2,2
B04,762,0.3817,2,2
B03,642,0.4628,2,2
B02,606,0.5222,2,2
B01,597,0.4972,2,2
C01,597,0.4966,2,3
C02,606,0.4671,2,3
C03,642,0.4636,2,3
C04,762,0.3732,2,3
C05,770,0.3702,2,3
C06,771,0.3784,2,3
C07,772,0.4488,2,3
C08,773,0.361,2,3
C09,777,0.3798,2,3
C10,785,0.3953,2,3
C11,786,0.3236,2,3
C12,Blank1,0.2965,2,3
D12,Blank1,0.2836,2,4
D11,786,0.4245,2,4
D10,785,0.4163,2,4
D09,777,0.4163,2,4
D08,773,0.439,2,4
D07,772,0.4108,2,4
D06,771,0.4012,2,4
D05,770,0.4617,2,4
D04,762,0.3786,2,4
D03,642,0.4673,2,4
D02,606,0.5483,2,4
D01,597,0.5155,2,4
E01,764,0.4449,2,1
E02,765,0.43,2,1
E03,767,0.4097,2,1
E04,778,0.4684,2,1
E05,779,0.4135,2,1
E06,780,0.4209,2,1
E07,781,0.3874,2,1
E08,782,0.4034,2,1
E09,783,0.4223,2,1
E10,842,0.5142,2,1
E11,843,0.4602,2,1
E12,Blank1,0.2892,2,1
F12,Blank1,0.2818,2,2
F11,843,0.4123,2,2
F10,842,0.5273,2,2
F09,783,0.4003,2,2
F08,782,0.4158,2,2
F07,781,0.4361,2,2
F06,780,0.4179,2,2
F05,779,0.4421,2,2
F04,778,0.4675,2,2
F03,767,0.4484,2,2
F02,765,0.3443,2,2
F01,764,0.3949,2,2
G01,764,0.367,2,3
G02,765,0.4297,2,3
G03,767,0.4299,2,3
G04,778,0.4835,2,3
G05,779,0.4584,2,3
G06,780,0.4461,2,3
G07,781,0.4116,2,3
G08,782,0.4278,2,3
G09,783,0.4417,2,3
G10,842,0.5327,2,3
G11,843,0.5087,2,3
G12,Blank1,0.2846,2,3
H12,Blank1,0.3174,2,4
H11,843,0.5091,2,4
H10,842,0.5146,2,4
H09,783,0.434,2,4
H08,782,0.456,2,4
H07,781,0.4043,2,4
H06,780,0.417,2,4
H05,779,0.4025,2,4
H04,778,0.4546,2,4
H03,767,0.425,2,4
H02,765,0.4047,2,4
H01,764,0.4362,2,4
A01,617,0.451,2,1
A02,623,0.3599,2,1
A03,633,0.449,2,1
A04,635,0.5183,2,1
A05,641,0.4343,2,1
A06,649,0.6166,2,1
A07,655,0.4965,2,1
A08,669,0.4884,2,1
A09,755,0.3359,2,1
A10,766,0.3797,2,1
A11,844,0.3638,2,1
A12,Blank1,0.305,2,1
B12,Blank1,0.3136,2,2
B11,844,0.4176,2,2
B10,766,0.3971,2,2
B09,755,0.3437,2,2
B08,669,0.561,2,2
B07,655,0.508,2,2
B06,649,0.6392,2,2
B05,641,0.4555,2,2
B04,635,0.5293,2,2
B03,633,0.4677,2,2
B02,623,0.3716,2,2
B01,617,0.4877,2,2
C01,617,0.4609,2,3
C02,623,0.3152,2,3
C03,633,0.4654,2,3
C04,635,0.4814,2,3
C05,641,0.3399,2,3
C06,649,0.4125,2,3
C07,655,0.4689,2,3
C08,669,0.4323,2,3
C09,755,0.3501,2,3
C10,766,0.4027,2,3
C11,844,0.3245,2,3
C12,Blank1,0.2866,2,3
D12,Blank1,0.2754,2,4
D11,844,0.4078,2,4
D10,766,0.4218,2,4
D09,755,0.3455,2,4
D08,669,0.5202,2,4
D07,655,0.4597,2,4
D06,649,0.4194,2,4
D05,641,0.4391,2,4
D04,635,0.466,2,4
D03,633,0.4749,2,4
D02,623,0.3714,2,4
D01,617,0.4903,2,4
E01,601,0.3694,2,1
E02,605,0.3749,2,1
E03,609,0.5108,2,1
E04,789,0.4113,2,1
E05,790,0.4319,2,1
E06,824,0.3952,2,1
E07,825,0.3922,2,1
E08,829,0.4325,2,1
E09,833,0.4371,2,1
E10,834,0.4009,2,1
E11,835,0.4743,2,1
E12,Blank1,0.2809,2,1
F12,Blank1,0.2656,2,2
F11,835,0.4154,2,2
F10,834,NA,2,2
F09,833,0.4106,2,2
F08,829,0.4483,2,2
F07,825,0.387,2,2
F06,824,0.3792,2,2
F05,790,0.4269,2,2
F04,789,0.4147,2,2
F03,609,0.5184,2,2
F02,605,0.279,2,2
F01,601,0.3705,2,2
G01,601,0.3729,2,3
G02,605,0.3923,2,3
G03,609,0.4994,2,3
G04,789,0.4174,2,3
G05,790,0.415,2,3
G06,824,0.382,2,3
G07,825,0.4407,2,3
G08,829,0.3982,2,3
G09,833,0.3959,2,3
G10,834,0.4077,2,3
G11,835,0.4951,2,3
G12,Blank1,0.2749,2,3
H12,Blank1,0.2992,2,4
H11,835,0.5001,2,4
H10,834,0.3619,2,4
H09,833,0.4578,2,4
H08,829,0.4436,2,4
H07,825,0.4227,2,4
H06,824,0.3698,2,4
H05,790,0.4117,2,4
H04,789,0.4227,2,4
H03,609,0.5071,2,4
H02,605,0.3922,2,4
H01,601,0.3943,2,4
A01,616,0.8523,1,1
A02,625,0.5163,1,1
A03,634,0.5253,1,1
A04,643,0.4739,1,1
A05,651,0.5281,1,1
A06,652,0.4791,1,1
A07,660,0.52,1,1
A08,661,0.4073,1,1
A09,670,0.5466,1,1
A10,769,0.3978,1,1
A11,784,0.4311,1,1
A12,Blank1,0.3026,1,1
B12,Blank1,0.303,1,2
B11,784,0.4334,1,2
B10,769,0.3804,1,2
B09,670,0.4947,1,2
B08,661,0.4414,1,2
B07,660,0.5262,1,2
B06,652,0.481,1,2
B05,651,0.5222,1,2
B04,643,0.4746,1,2
B03,634,0.4973,1,2
B02,625,0.519,1,2
B01,616,0.734,1,2
C01,616,0.6775,1,3
C02,625,0.4026,1,3
C03,634,0.4924,1,3
C04,643,0.4744,1,3
C05,651,0.4276,1,3
C06,652,0.4941,1,3
C07,660,0.5173,1,3
C08,661,0.3378,1,3
C09,670,0.4909,1,3
C10,769,0.4045,1,3
C11,784,0.4164,1,3
C12,Blank1,0.311,1,3
D12,Blank1,0.3065,1,4
D11,784,0.4514,1,4
D10,769,0.4029,1,4
D09,670,0.5705,1,4
D08,661,0.4507,1,4
D07,660,0.5549,1,4
D06,652,0.5155,1,4
D05,651,0.5231,1,4
D04,643,0.4801,1,4
D03,634,0.4924,1,4
D02,625,0.5107,1,4
D01,616,0.6689,1,4
E01,598,0.4651,1,1
E02,607,0.5323,1,1
E03,615,0.5287,1,1
E04,624,0.5089,1,1
E05,760,0.4776,1,1
E06,761,0.4821,1,1
E07,763,0.4375,1,1
E08,768,0.5096,1,1
E09,774,0.5296,1,1
E10,775,0.491,1,1
E11,776,0.515,1,1
E12,Blank1,0.3248,1,1
F12,Blank1,0.3364,1,2
F11,776,0.3838,1,2
F10,775,0.4924,1,2
F09,774,0.4832,1,2
F08,768,0.3861,1,2
F07,763,0.4179,1,2
F06,761,0.4597,1,2
F05,760,0.4379,1,2
F04,624,0.4883,1,2
F03,615,0.5357,1,2
F02,607,0.5356,1,2
F01,598,0.5077,1,2
G01,598,0.5334,1,3
G02,607,0.5819,1,3
G03,615,0.5537,1,3
G04,624,0.5055,1,3
G05,760,0.4904,1,3
G06,761,0.4991,1,3
G07,763,0.4196,1,3
G08,768,0.4985,1,3
G09,774,0.5524,1,3
G10,775,0.4822,1,3
G11,776,0.5238,1,3
G12,Blank1,0.3224,1,3
H12,Blank1,0.3077,1,4
H11,776,0.4861,1,4
H10,775,0.4917,1,4
H09,774,0.5126,1,4
H08,768,0.5043,1,4
H07,763,0.4524,1,4
H06,761,0.4779,1,4
H05,760,0.479,1,4
H04,624,0.5215,1,4
H03,615,0.5617,1,4
H02,607,0.547,1,4
H01,598,0.532,1,4
A01,791,0.5322,2,1
A02,796,0.501,2,1
A03,797,0.4472,2,1
A04,801,0.4695,2,1
A05,805,0.453,2,1
A06,806,0.4523,2,1
A07,811,0.4457,2,1
A08,812,0.5012,2,1
A09,819,0.4973,2,1
A10,820,0.4416,2,1
A11,826,0.389,2,1
A12,Blank1,0.3101,2,1
B12,Blank1,0.305,2,2
B11,826,0.406,2,2
B10,820,0.4394,2,2
B09,819,NA,2,2
B08,812,NA,2,2
B07,811,0.445,2,2
B06,806,0.42,2,2
B05,805,0.4476,2,2
B04,801,0.5226,2,2
B03,797,0.4875,2,2
B02,796,0.4922,2,2
B01,791,NA,2,2
C01,791,0.4105,2,3
C02,796,0.437,2,3
C03,797,0.4566,2,3
C04,801,0.477,2,3
C05,805,0.3281,2,3
C06,806,0.39,2,3
C07,811,0.4197,2,3
C08,812,0.329,2,3
C09,819,0.401,2,3
C10,820,0.4086,2,3
C11,826,0.2777,2,3
C12,Blank1,0.2922,2,3
D12,Blank1,0.2848,2,4
D11,826,0.3952,2,4
D10,820,0.474,2,4
D09,819,0.4159,2,4
D08,812,0.467,2,4
D07,811,0.4141,2,4
D06,806,0.3918,2,4
D05,805,0.4573,2,4
D04,801,0.5089,2,4
D03,797,0.4355,2,4
D02,796,0.516,2,4
D01,791,0.3916,2,4
E01,787,0.3639,2,1
E02,788,0.3532,2,1
E03,803,0.4394,2,1
E04,807,0.4373,2,1
E05,808,0.448,2,1
E06,815,0.3751,2,1
E07,816,0.3756,2,1
E08,817,0.4058,2,1
E09,821,0.394,2,1
E10,823,0.4408,2,1
E11,827,0.3918,2,1
E12,Blank1,0.283,2,1
F12,Blank1,0.2766,2,2
F11,827,0.3759,2,2
F10,823,0.449,2,2
F09,821,0.4011,2,2
F08,817,0.3804,2,2
F07,816,0.4013,2,2
F06,815,0.3636,2,2
F05,808,0.3848,2,2
F04,807,0.4287,2,2
F03,803,0.3964,2,2
F02,788,0.2799,2,2
F01,787,0.3763,2,2
G01,787,0.3953,2,3
G02,788,0.3695,2,3
G03,803,0.4496,2,3
G04,807,0.4071,2,3
G05,808,0.4089,2,3
G06,815,0.3608,2,3
G07,816,0.4193,2,3
G08,817,0.3935,2,3
G09,821,0.3902,2,3
G10,823,0.3927,2,3
G11,827,0.4175,2,3
G12,Blank1,0.2812,2,3
H12,Blank1,0.3045,2,4
H11,827,0.4887,2,4
H10,823,0.4132,2,4
H09,821,0.4494,2,4
H08,817,0.4547,2,4
H07,816,NA,2,4
H06,815,0.3547,2,4
H05,808,0.3947,2,4
H04,807,0.3971,2,4
H03,803,0.4595,2,4
H02,788,0.3966,2,4
H01,787,NA,2,4
A01,800,0.4851,1,1
A02,810,0.4992,1,1
A03,813,0.5457,1,1
A04,822,0.4377,1,1
A05,828,0.58,1,1
A06,830,0.4557,1,1
A07,832,0.4714,1,1
A08,836,0.4461,1,1
A09,837,0.5092,1,1
A10,838,0.5006,1,1
A11,839,0.4546,1,1
A12,Blank1,0.3156,1,1
B12,Blank1,0.3102,1,2
B11,839,0.4787,1,2
B10,838,0.4848,1,2
B09,837,0.4639,1,2
B08,836,0.5011,1,2
B07,832,0.4374,1,2
B06,830,0.4593,1,2
B05,828,0.5501,1,2
B04,822,0.4378,1,2
B03,813,0.514,1,2
B02,810,0.4922,1,2
B01,800,0.4908,1,2
C01,800,0.4405,1,3
C02,810,0.326,1,3
C03,813,0.4545,1,3
C04,822,0.4737,1,3
C05,828,0.4838,1,3
C06,830,0.5015,1,3
C07,832,0.451,1,3
C08,836,0.3598,1,3
C09,837,0.4571,1,3
C10,838,0.4966,1,3
C11,839,0.4256,1,3
C12,Blank1,0.3228,1,3
D12,Blank1,0.3188,1,4
D11,839,0.4782,1,4
D10,838,0.4657,1,4
D09,837,0.4865,1,4
D08,836,0.4708,1,4
D07,832,0.436,1,4
D06,830,0.4823,1,4
D05,828,0.5217,1,4
D04,822,0.4437,1,4
D03,813,0.5274,1,4
D02,810,0.4548,1,4
D01,800,0.4611,1,4
E01,792,0.4453,1,1
E02,793,0.4841,1,1
E03,794,0.446,1,1
E04,795,0.4724,1,1
E05,798,0.4875,1,1
E06,799,0.4866,1,1
E07,802,0.4347,1,1
E08,804,0.4526,1,1
E09,814,0.4713,1,1
E10,818,0.501,1,1
E11,831,0.496,1,1
E12,Blank1,0.3201,1,1
F12,Blank1,0.333,1,2
F11,831,0.3777,1,2
F10,818,0.49,1,2
F09,814,0.4362,1,2
F08,804,0.3338,1,2
F07,802,0.4216,1,2
F06,799,0.5049,1,2
F05,798,0.467,1,2
F04,795,0.4619,1,2
F03,794,0.462,1,2
F02,793,0.4463,1,2
F01,792,0.48,1,2
G01,792,0.4673,1,3
G02,793,0.479,1,3
G03,794,0.4495,1,3
G04,795,0.4967,1,3
G05,798,0.4728,1,3
G06,799,0.5033,1,3
G07,802,0.4322,1,3
G08,804,0.4868,1,3
G09,814,0.4105,1,3
G10,818,0.5102,1,3
G11,831,0.5008,1,3
G12,Blank1,0.3308,1,3
H12,Blank1,0.3043,1,4
H11,831,0.4554,1,4
H10,818,0.4677,1,4
H09,814,0.4,1,4
H08,804,0.4405,1,4
H07,802,0.4313,1,4
H06,799,0.4749,1,4
H05,798,0.4683,1,4
H04,795,0.457,1,4
H03,794,0.4349,1,4
H02,793,0.4587,1,4
H01,792,0.4537,1,4
A01,901,0.5276,2,1
A02,902,0.5524,2,1
A03,903,0.6355,2,1
A04,904,0.5339,2,1
A05,905,0.6051,2,1
A06,906,0.5388,2,1
A07,907,0.586,2,1
A08,908,0.5282,2,1
A09,909,0.6064,2,1
A10,911,0.5526,2,1
A11,912,0.5301,2,1
A12,Blank1,0.3183,2,1
B12,Blank1,0.3096,2,2
B11,912,0.4943,2,2
B10,911,0.5408,2,2
B09,909,0.6453,2,2
B08,908,0.5824,2,2
B07,907,0.5469,2,2
B06,906,0.5197,2,2
B05,905,0.5835,2,2
B04,904,0.5917,2,2
B03,903,0.6119,2,2
B02,902,0.5384,2,2
B01,901,0.5358,2,2
C01,901,0.4502,2,3
C02,902,0.4291,2,3
C03,903,0.5294,2,3
C04,904,0.5581,2,3
C05,905,0.4563,2,3
C06,906,0.4849,2,3
C07,907,0.5617,2,3
C08,908,0.446,2,3
C09,909,0.6345,2,3
C10,911,0.5103,2,3
C11,912,0.3718,2,3
C12,Blank1,0.2877,2,3
D12,Blank1,0.2749,2,4
D11,912,0.4879,2,4
D10,911,0.519,2,4
D09,909,0.5743,2,4
D08,908,0.504,2,4
D07,907,0.5221,2,4
D06,906,0.4881,2,4
D05,905,0.5289,2,4
D04,904,0.5719,2,4
D03,903,0.5715,2,4
D02,902,0.5338,2,4
D01,901,0.4737,2,4
E01,920,0.5187,2,1
E02,921,0.5262,2,1
E03,922,0.5453,2,1
E04,923,0.5755,2,1
E05,924,0.5959,2,1
E06,925,0.5898,2,1
E07,929,0.5301,2,1
E08,930,0.5601,2,1
E09,931,0.5803,2,1
E10,932,0.5519,2,1
E11,933,0.624,2,1
E12,Blank1,0.2843,2,1
F12,Blank1,0.2754,2,2
F11,933,0.503,2,2
F10,932,0.4984,2,2
F09,931,0.5758,2,2
F08,930,0.5167,2,2
F07,929,0.5392,2,2
F06,925,0.5631,2,2
F05,924,0.5556,2,2
F04,923,0.5516,2,2
F03,922,0.5365,2,2
F02,921,0.4361,2,2
F01,920,0.5377,2,2
G01,920,0.4516,2,3
G02,921,0.4787,2,3
G03,922,0.5061,2,3
G04,923,0.4862,2,3
G05,924,0.4855,2,3
G06,925,0.5519,2,3
G07,929,0.5142,2,3
G08,930,0.5029,2,3
G09,931,0.5154,2,3
G10,932,0.403,2,3
G11,933,0.4137,2,3
G12,Blank1,0.2745,2,3
H12,Blank1,0.2953,2,4
H11,933,0.4435,2,4
H10,932,0.3866,2,4
H09,931,0.5309,2,4
H08,930,0.5219,2,4
H07,929,0.4865,2,4
H06,925,0.5792,2,4
H05,924,0.4997,2,4
H04,923,0.4325,2,4
H03,922,0.5128,2,4
H02,921,0.4604,2,4
H01,920,0.4931,2,4
A01,910,0.5369,2,1
A02,913,0.5218,2,1
A03,914,0.4952,2,1
A04,915,0.5675,2,1
A05,916,0.575,2,1
A06,917,0.574,2,1
A07,918,0.5849,2,1
A08,919,0.5264,2,1
A09,926,0.5148,2,1
A10,927,0.5043,2,1
A11,928,0.5563,2,1
A12,Blank1,0.3236,2,1
B12,Blank1,0.2976,2,2
B11,928,0.5181,2,2
B10,927,0.4677,2,2
B09,926,0.4824,2,2
B08,919,0.5151,2,2
B07,918,0.5568,2,2
B06,917,0.5523,2,2
B05,916,0.5638,2,2
B04,915,0.568,2,2
B03,914,0.4941,2,2
B02,913,0.5264,2,2
B01,910,0.5419,2,2
C01,910,0.5125,2,3
C02,913,0.4752,2,3
C03,914,0.4789,2,3
C04,915,0.4816,2,3
C05,916,0.4706,2,3
C06,917,0.5129,2,3
C07,918,0.5125,2,3
C08,919,0.3947,2,3
C09,926,0.521,2,3
C10,927,0.4996,2,3
C11,928,0.4352,2,3
C12,Blank1,0.2872,2,3
D12,Blank1,0.2766,2,4
D11,928,0.5022,2,4
D10,927,0.4875,2,4
D09,926,0.5109,2,4
D08,919,0.4802,2,4
D07,918,0.4608,2,4
D06,917,0.503,2,4
D05,916,0.5645,2,4
D04,915,0.4558,2,4
D03,914,0.4687,2,4
D02,913,0.5136,2,4
D01,910,0.5229,2,4
E01,840,0.5465,2,1
E02,841,0.4754,2,1
E03,934,0.5522,2,1
E04,935,0.488,2,1
E05,936,0.5903,2,1
E06,937,0.5413,2,1
E07,938,0.4533,2,1
E08,939,0.483,2,1
E09,940,0.4702,2,1
E10,941,0.506,2,1
E11,942,0.4839,2,1
E12,Blank1,0.2794,2,1
F12,Blank1,0.2709,2,2
F11,942,0.3916,2,2
F10,941,0.4798,2,2
F09,940,0.4579,2,2
F08,939,0.4689,2,2
F07,938,0.4714,2,2
F06,937,0.4864,2,2
F05,936,0.5459,2,2
F04,935,0.4691,2,2
F03,934,0.5019,2,2
F02,841,0.3767,2,2
F01,840,0.5295,2,2
G01,840,0.5106,2,3
G02,841,0.4938,2,3
G03,934,0.5876,2,3
G04,935,0.5392,2,3
G05,936,0.5792,2,3
G06,937,0.5002,2,3
G07,938,0.4896,2,3
G08,939,0.5033,2,3
G09,940,0.4882,2,3
G10,941,0.478,2,3
G11,942,0.5097,2,3
G12,Blank1,0.2766,2,3
H12,Blank1,0.2969,2,4
H11,942,0.4883,2,4
H10,941,0.4324,2,4
H09,940,0.4813,2,4
H08,939,0.4988,2,4
H07,938,0.4569,2,4
H06,937,0.4854,2,4
H05,936,0.5604,2,4
H04,935,0.4928,2,4
H03,934,0.5713,2,4
H02,841,0.4654,2,4
H01,840,0.5239,2,4
A01,4.1,0.3393,2,1
A02,4.2,0.3148,2,1
A03,542,0.5522,2,1
A04,14.1,0.3546,2,1
A05,13.1,0.3657,2,1
A06,13.2,0.3283,2,1
A07,15.1,0.36,2,1
A08,548,0.4961,2,1
A09,10.1,0.3974,2,1
A10,10.2,0.3387,2,1
A11,15.2,0.3278,2,1
A12,541,0.4437,2,1
B01,4.1,0.3481,2,2
B02,4.2,0.3017,2,2
B03,542,0.5381,2,2
B04,14.1,0.3596,2,2
B05,13.1,0.3524,2,2
B06,13.2,0.3218,2,2
B07,15.1,0.3579,2,2
B08,548,0.5119,2,2
B09,10.1,0.3863,2,2
B10,10.2,0.3258,2,2
B11,15.2,0.3243,2,2
B12,541,0.4264,2,2
E01,1.2,0.3324,2,1
E02,2.1,0.4053,2,1
E03,2.2,0.3493,2,1
E04,6.1,0.3708,2,1
E05,7.2,0.3649,2,1
E06,9.1,0.3793,2,1
E07,9.2,0.3419,2,1
E08,574,0.4845,2,1
E09,14.2,0.3605,2,1
E10,524,0.494,2,1
E11,540,0.5154,2,1
E12,549,0.4649,2,1
F01,1.2,0.2948,2,2
F02,2.1,0.3911,2,2
F03,2.2,0.4769,2,2
F04,6.1,0.4384,2,2
F05,7.2,0.3991,2,2
F06,9.1,0.3523,2,2
F07,9.2,0.3171,2,2
F08,574,0.3926,2,2
F09,14.2,0.3032,2,2
F10,524,0.4399,2,2
F11,540,0.3508,2,2
F12,549,0.4373,2,2
G01,1.2,0.3038,2,3
G02,2.1,0.4346,2,3
G03,2.2,0.328,2,3
G04,6.1,0.3378,2,3
G05,7.2,0.301,2,3
G06,9.1,0.3313,2,3
G07,9.2,0.3089,2,3
G08,574,0.4151,2,3
G09,14.2,0.3217,2,3
G10,524,0.4793,2,3
G11,540,0.4569,2,3
G12,549,0.4801,2,3
H01,1.2,0.3279,2,4
H02,2.1,0.3392,2,4
H03,2.2,0.3333,2,4
H04,6.1,0.3213,2,4
H05,7.2,0.3001,2,4
H06,9.1,0.3388,2,4
H07,9.2,0.2979,2,4
H08,574,0.4479,2,4
H09,14.2,0.3178,2,4
H10,524,0.4397,2,4
H11,540,0.4683,2,4
H12,549,0.4584,2,4
A01,1.1,0.3856,1,1
A02,3.2,0.342,1,1
A03,3.1,0.389,1,1
A04,8.1,0.3347,1,1
A05,8.2,0.3168,1,1
A06,12.1,0.3278,1,1
A07,7.1,0.3455,1,1
A08,12.2,0.3208,1,1
A09,567,0.4804,1,1
A10,566,0.5142,1,1
A11,532,0.3789,1,1
A12,546,0.4667,1,1
B01,1.1,0.3764,1,2
B02,3.2,0.3221,1,2
B03,3.1,0.3847,1,2
B04,8.1,0.3313,1,2
B05,8.2,0.3287,1,2
B06,12.1,0.3195,1,2
B07,7.1,0.3495,1,2
B08,12.2,0.3103,1,2
B09,567,0.4707,1,2
B10,566,0.5143,1,2
B11,532,0.3844,1,2
B12,546,0.4458,1,2
C01,1.1,0.3672,1,3
C02,3.2,0.2037,1,3
C03,3.1,0.3692,1,3
C04,8.1,0.3543,1,3
C05,8.2,0.2678,1,3
C06,12.1,0.3359,1,3
C07,7.1,0.3605,1,3
C08,12.2,0.1964,1,3
C09,567,0.4786,1,3
C10,566,0.3849,1,3
C11,532,0.3453,1,3
C12,546,0.4533,1,3
D01,1.1,0.3629,1,4
D02,3.2,0.3334,1,4
D03,3.1,0.3732,1,4
D04,8.1,0.333,1,4
D05,8.2,0.3197,1,4
D06,12.1,0.3177,1,4
D07,7.1,0.3533,1,4
D08,12.2,0.3287,1,4
D09,567,0.4827,1,4
D10,566,0.3919,1,4
D11,532,0.3868,1,4
D12,546,0.4545,1,4
F01,543,0.4878,1,1
F02,543,0.3973,1,2
F03,543,0.5201,1,3
F04,543,0.5172,1,4
A01,943,0.6031,1,1
A02,944,0.5121,1,1
A03,945,0.6429,1,1
A04,946,0.5389,1,1
A05,947,0.528,1,1
A06,948,0.5286,1,1
A07,949,0.5915,1,1
A08,950,0.5901,1,1
A09,951,0.5682,1,1
A10,952,0.5509,1,1
A11,953,0.5884,1,1
A12,Blank1,0.3271,1,1
B12,Blank1,0.3189,1,2
B11,953,0.605,1,2
B10,952,0.551,1,2
B09,951,0.5853,1,2
B08,950,0.5666,1,2
B07,949,0.6476,1,2
B06,948,0.5621,1,2
B05,947,0.5895,1,2
B04,946,0.5072,1,2
B03,945,0.6274,1,2
B02,944,0.513,1,2
B01,943,0.5979,1,2
C01,943,0.5023,1,3
C02,944,0.3284,1,3
C03,945,0.604,1,3
C04,946,0.473,1,3
C05,947,0.4879,1,3
C06,948,0.5468,1,3
C07,949,0.5741,1,3
C08,950,0.4369,1,3
C09,951,0.5383,1,3
C10,952,0.573,1,3
C11,953,0.5146,1,3
C12,Blank1,0.3172,1,3
D12,Blank1,0.3117,1,4
D11,953,0.5824,1,4
D10,952,0.5772,1,4
D09,951,0.5776,1,4
D08,950,0.5989,1,4
D07,949,0.5763,1,4
D06,948,0.5264,1,4
D05,947,0.5278,1,4
D04,946,0.4804,1,4
D03,945,0.6051,1,4
D02,944,0.473,1,4
D01,943,0.556,1,4
E01,954,0.5702,1,1
E02,955,0.5634,1,1
E03,956,0.563,1,1
E04,957,0.5829,1,1
E05,958,0.5487,1,1
E06,959,0.544,1,1
E07,960,0.5933,1,1
E08,961,0.5307,1,1
E09,962,0.5601,1,1
E10,963,0.6077,1,1
E11,964,0.6093,1,1
E12,Blank1,0.3153,1,1
F12,Blank1,0.3275,1,2
F11,964,0.5048,1,2
F10,963,0.6174,1,2
F09,962,0.5351,1,2
F08,961,0.4173,1,2
F07,960,0.5739,1,2
F06,959,0.5644,1,2
F05,958,0.5355,1,2
F04,957,0.5923,1,2
F03,956,0.6053,1,2
F02,955,0.5464,1,2
F01,954,0.6077,1,2
G01,954,0.5396,1,3
G02,955,0.5356,1,3
G03,956,0.549,1,3
G04,957,0.5246,1,3
G05,958,0.5138,1,3
G06,959,0.5218,1,3
G07,960,0.5833,1,3
G08,961,0.5582,1,3
G09,962,0.5816,1,3
G10,963,0.6133,1,3
G11,964,0.6039,1,3
G12,Blank1,0.3338,1,3
H12,Blank1,0.3168,1,4
H11,964,0.5954,1,4
H10,963,0.6036,1,4
H09,962,0.574,1,4
H08,961,0.527,1,4
H07,960,0.5911,1,4
H06,959,0.5411,1,4
H05,958,0.5269,1,4
H04,957,0.5049,1,4
H03,956,0.561,1,4
H02,955,0.5307,1,4
H01,954,0.5465,1,4
A01,965,0.5647,1,1
A02,966,0.6571,1,1
A03,967,0.6453,1,1
A04,968,0.6562,1,1
A05,969,0.607,1,1
A06,970,0.5593,1,1
A07,971,0.5892,1,1
A08,972,0.5601,1,1
A09,973,0.6008,1,1
A10,974,0.5671,1,1
A11,975,0.6192,1,1
A12,Blank1,0.3216,1,1
B12,Blank1,0.3128,1,2
B11,975,0.606,1,2
B10,974,0.5628,1,2
B09,973,0.5908,1,2
B08,972,0.56,1,2
B07,971,0.6247,1,2
B06,970,0.5424,1,2
B05,969,0.609,1,2
B04,968,0.6353,1,2
B03,967,0.6391,1,2
B02,966,0.676,1,2
B01,965,0.5777,1,2
C01,965,0.581,1,3
C02,966,0.4942,1,3
C03,967,0.6129,1,3
C04,968,0.6154,1,3
C05,969,0.5369,1,3
C06,970,0.5198,1,3
C07,971,0.5503,1,3
C08,972,0.4134,1,3
C09,973,0.5549,1,3
C10,974,0.5529,1,3
C11,975,0.5252,1,3
C12,Blank1,0.3128,1,3
D12,Blank1,0.3026,1,4
D11,975,0.5967,1,4
D10,974,0.5775,1,4
D09,973,0.6244,1,4
D08,972,0.5505,1,4
D07,971,0.5651,1,4
D06,970,0.5414,1,4
D05,969,0.5787,1,4
D04,968,0.6134,1,4
D03,967,0.6294,1,4
D02,966,0.6407,1,4
D01,965,0.5877,1,4
E01,976,0.5417,1,1
E02,977,0.6067,1,1
E03,978,0.5672,1,1
E04,979,0.5115,1,1
E05,980,0.5659,1,1
E06,981,0.5872,1,1
E07,982,0.6129,1,1
E08,983,0.6161,1,1
E09,984,0.5844,1,1
E10,985,0.6413,1,1
E11,986,0.6258,1,1
E12,Blank1,0.3182,1,1
F12,Blank1,0.3233,1,2
F11,986,0.4996,1,2
F10,985,0.6477,1,2
F09,984,0.5893,1,2
F08,983,0.4969,1,2
F07,982,0.626,1,2
F06,981,0.605,1,2
F05,980,0.5531,1,2
F04,979,0.5339,1,2
F03,978,0.5871,1,2
F02,977,0.5847,1,2
F01,976,0.5836,1,2
G01,976,0.5782,1,3
G02,977,0.5635,1,3
G03,978,0.5549,1,3
G04,979,0.5449,1,3
G05,980,0.5452,1,3
G06,981,0.5697,1,3
G07,982,0.5879,1,3
G08,983,0.6186,1,3
G09,984,0.5771,1,3
G10,985,0.6308,1,3
G11,986,0.5559,1,3
G12,Blank1,0.3146,1,3
H12,Blank1,0.3086,1,4
H11,986,0.5658,1,4
H10,985,0.6218,1,4
H09,984,0.5805,1,4
H08,983,0.6046,1,4
H07,982,0.6098,1,4
H06,981,0.5761,1,4
H05,980,0.5929,1,4
H04,979,0.555,1,4
H03,978,0.5848,1,4
H02,977,0.5708,1,4
H01,976,0.5497,1,4
