Sample_Label,Abs,rep,Notes
231,0.6427,1,
40,0.769,1,
170,0.5578,1,
61,0.6595,1,
111,0.6033,1,
60,0.6169,1,
1,0.4599,1,
10,0.5843,1,
119,0.4851,1,
239,0.5945,1,
152,0.589,1,
54,0.5174,1,
80,0.4228,1,
90,0.6798,1,
81,0.8118,1,
139,0.8629,1,
222,0.5118,1,
91,0.8454,1,
162,0.7171,1,
132,0.7296,1,
41,0.8304,1,
35,0.6301,1,
21,0.5613,1,
200,0.5214,1,
192,0.6427,1,
20,0.509,1,
151,0.5397,1,
159,0.5107,1,
210,0.5386,1,
121,0.4347,1,
209,0.7509,1,
219,0.6651,1,
199,0.7074,1,
149,0.5845,1,
240,0.6372,1,
201,0.4852,1,
191,0.5773,1,
141,0.6215,1,
221,0.4595,1,
202,0.4445,1,
82,0.5914,1,
140,0.634,1,
120,0.4703,1,
55,0.5578,1,
79,0.4816,1,
70,0.5104,1,
242,0.4942,1,
71,0.5152,1,
69,0.5414,1,
50,0.6428,1,
211,0.5077,1,
129,0.5881,1,
171,0.5201,1,
180,0.4758,1,
190,0.4753,1,
30,0.6013,1,
112,0.6309,1,
229,0.6416,1,
122,0.6386,1,
220,0.6051,1,
59,0.4328,1,
131,0.5449,1,
150,0.5672,1,
130,0.5609,1,
212,0.6247,1,
161,0.4954,1,
230,0.5629,1,
181,0.6911,1,
232,0.5549,1,
101,0.5672,1,
241,0.6055,1,
72,0.6244,1,
62,0.7537,1,
110,0.7139,1,
142,0.6538,1,
100,0.7224,1,
11,0.5932,1,
160,0.5256,1,
42,0.5349,1,
49,0.4315,1,
77,0.4274,1,
48,0.4709,1,
13,0.4944,1,
224,0.5412,1,
153,0.521,1,
147,0.4755,1,
148,0.4706,1,
175,0.5025,1,
176,0.4988,1,
227,0.661,1,
8,0.4807,1,
225,0.6079,1,
137,0.6392,1,
173,0.476,1,
107,0.5019,1,
33,0.4267,1,
36,0.5023,1,
195,0.4705,1,
185,0.4675,1,
172,0.5146,1,
26,0.5314,1,
96,0.5064,1,
76,0.4625,1,
134,0.5545,1,
164,0.5032,1,
167,0.3545,1,
144,0.6705,1,
14,0.5427,1,
27,0.506,1,
105,0.5081,1,
97,0.4896,1,
235,0.3522,1,
196,0.4884,1,
174,0.4885,1,
104,0.5934,1,
114,0.4844,1,
226,0.6417,1,
186,0.4506,1,
23,0.5355,1,
154,0.521,1,
216,0.5326,1,
38,0.6666,1,
215,0.5431,1,
24,0.5138,1,
5,0.4425,1,
169,0.5463,1,
163,0.4377,1,
17,0.4145,1,
75,0.4678,1,
43,0.5784,1,
7,0.4406,1,
4,0.4615,1,
63,0.4655,1,
168,0.3969,1,
74,0.5033,1,
78,0.4306,1,
166,0.3925,1,
234,0.5195,1,
2,0.4144,1,
117,0.444,1,
53,0.5238,1,
237,0.4093,1,
16,0.4466,1,
18,0.4229,1,
58,0.4086,1,
158,0.4592,1,
165,0.4736,1,
73,0.4576,1,
129,0.3979,1,
206,0.462,1,
205,0.4589,1,
3,0.4145,1,
124,0.4836,1,
47,0.4347,1,
244,0.4644,1,
157,0.4244,1,
12,0.4469,1,
177,0.4765,1,
32,0.3721,1,
37,0.6318,1,
124,0.443,2,
244,0.4863,2,
73,0.4749,2,
177,0.4712,2,
27,0.5589,2,
206,0.5039,2,
37,0.6702,2,
32,0.5238,2,
3,0.4746,2,
129,0.4521,2,
158,0.4603,2,
165,0.5256,2,
18,0.4728,2,
12,0.4922,2,
4,0.4912,2,
237,0.4529,2,
58,0.411,2,
173,0.4902,2,
157,0.4289,2,
205,0.4191,2,
47,0.4775,2,
117,0.4939,2,
97,0.4939,2,
196,0.5154,2,
16,0.4355,2,
154,0.4765,2,
235,0.4796,2,
167,0.4791,2,
63,0.4652,2,
176,0.4655,2,
96,0.492,2,
8,0.4679,2,
75,0.4387,2,
164,0.5104,2,
43,0.5709,2,
114,0.5503,2,
17,0.4745,2,
7,0.4664,2,
175,0.4912,2,
23,0.5617,2,
107,0.4859,2,
174,0.5178,2,
186,0.4299,2,
36,0.5111,2,
26,0.5168,2,
137,0.615,2,
226,0.6192,2,
225,0.5774,2,
5,0.3762,2,Some of the A1 samples may not have received as much solution as the others; pipetting error
105,0.4619,2,
80,0.647,2,
195,0.5547,2,
274,0.5262,2,
33,0.4147,2,
148,0.4353,2,
13,0.5242,2,
153,0.4964,2,
163,0.4575,2,
147,0.4848,2,
14,0.5652,2,
169,0.6036,2,
24,0.5198,2,
215,0.5314,2,
38,0.6042,2,
144,0.6416,2,
227,0.7074,2,
48,0.4527,2,
185,0.4427,2,
216,0.4917,2,
77,0.4821,2,
231,0.6866,2,
40,0.787,2,May have added too much chloromethane; solution would not settle long after mixing
122,0.5056,2,
229,0.4863,2,
30,0.5333,2,
220,0.5112,2,
190,0.5198,2,
112,0.5496,2,
171,0.5101,2,
129,0.5865,2,
180,0.4682,2,
69,0.5367,2,
211,0.4902,2,
50,0.5795,2,
160,0.5408,2,
42,0.5344,2,
11,0.5621,2,
49,0.5254,2,
191,0.5793,2,
241,0.6776,2,
221,0.5147,2,
101,0.4822,2,
232,0.5247,2,
141,0.5539,2,
199,0.5517,2,
181,0.5449,2,
230,0.5377,2,
202,0.3988,2,
140,0.5353,2,
82,0.5411,2,
120,0.3863,2,
55,0.4386,2,
79,0.511,2,
70,0.4669,2,
242,0.8649,2,
71,0.5536,2,
209,0.5228,2,
219,0.6097,2,
200,0.4444,2,
170,0.5413,2,
60,0.7053,2,
61,0.6839,2,
1,0.4624,2,
111,0.6107,2,
119,0.4348,2,
10,0.5845,2,
152,0.5926,2,
239,0.6101,2,
21,0.5203,2,
54,0.5559,2,
81,0.6899,2,
139,0.7904,2,
162,0.5641,2,
132,0.6345,2,
222,0.5475,2,
91,0.754,2,
240,0.5945,2,
149,0.5344,2,
201,0.4913,2,
150,0.542,2,
100,0.7153,2,
151,0.5025,2,
41,0.7704,2,
164,0.593,2,Vial label was not entirely legible; reading may belong to a different sample
59,0.5312,2,
131,0.5554,2,
212,0.6052,2,
130,0.515,2,
142,0.6615,2,
35,0.5076,2,
110,0.7038,2,
90,0.6614,2,
22,0.5392,1,
109,0.4815,1,
243,0.5458,1,
143,0.6208,1,
64,0.4765,1,
183,0.4495,1,
179,0.5695,1,
39,0.5285,1,
238,0.5688,1,
203,0.6001,1,
85,0.7466,1,
15,0.4877,1,
189,0.5497,1,
123,0.485,1,
51,0.4793,1,
87,0.7397,1,
145,0.5396,1,
218,0.4806,1,
28,0.529,1,
108,0.4363,1,
98,0.4807,1,
125,0.4372,1,
95,0.5853,1,
113,0.4353,1,
52,0.4204,1,
213,0.365,1,
29,0.5632,1,
214,0.5585,1,
86,0.5788,1,
31,0.6754,1,
83,0.6417,1,
133,0.5023,1,
126,0.5282,1,
228,0.6345,1,
106,0.3833,1,
193,0.4783,1,
197,0.4392,1,
25,0.5799,1,
156,0.5285,1,
233,0.52,1,
105,0.5757,1,
102,0.4537,1,
45,0.5579,1,
207,0.5504,1,
44,0.4657,1,
188,0.5617,1,
67,0.5602,1,
57,0.5276,1,
23,0.4482,1,
217,0.5615,1,
178,0.4967,1,
66,0.4958,1,
88,0.7082,1,
89,0.6543,1,
93,0.6064,1,
103,0.4679,1,
6,0.5372,1,
223,0.5965,1,
68,0.4676,1,
136,0.6531,1,
208,0.6953,1,
187,0.4633,1,
133,0.6149,1,
99,0.4088,1,
94,0.5547,1,
9,0.4202,1,
182,0.4822,1,
198,0.4459,1,
19,0.4549,1,
128,0.509,1,
146,0.4264,1,
46,0.5252,1,
155,0.527,1,
92,0.5282,1,
135,0.5974,1,
118,0.4936,1,
56,0.3725,1,
115,0.4842,1,
184,0.4375,1,
84,0.5698,1,
116,0.4328,1,
204,0.4682,1,
34,0.4714,1,
194,0.4777,1,
155,0.5559,2,
92,0.6335,2,
135,0.6057,2,
118,0.503,2,
56,0.5475,2,
115,0.4459,2,
184,0.4295,2,
84,0.6613,2,
116,0.5239,2,
204,0.4635,2,
34,0.5723,2,
194,0.4721,2,
133,0.5998,2,
99,0.434,2,
46,0.7377,2,
182,0.5011,2,
9,0.4305,2,
208,0.6475,2,
19,0.4525,2,
198,0.4703,2,
128,0.5391,2,
187,0.4869,2,
146,0.4991,2,
29,0.5971,2,
214,0.5561,2,
213,0.448,2,
52,0.4317,2,
86,0.6638,2,
31,0.661,2,
83,0.5842,2,
126,0.5126,2,
138,0.6207,2,
223,0.6463,2,
106,0.4926,2,
193,0.4763,2,
178,0.4951,2,
23,0.4635,2,
217,0.5418,2,
66,0.5029,2,
88,0.6696,2,
89,0.645,2,
93,0.6235,2,
103,0.4931,2,
6,0.4957,2,
223,0.5609,2,
68,0.5797,2,
136,0.6456,2,
15,0.4573,2,
85,0.7041,2,
203,0.5413,2,
238,0.5007,2,
183,0.442,2,
64,0.4453,2,
39,0.5025,2,
179,0.518,2,
143,0.6152,2,
243,0.5117,2,
22,0.4792,2,
109,0.4603,2,
189,0.518,2,
127,0.3892,2,
95,0.5868,2,
113,0.4706,2,
51,0.3768,2,
87,0.6925,2,
145,0.5304,2,
218,0.4064,2,
28,0.6244,2,
108,0.4397,2,
98,0.3698,2,
125,0.4798,2,
57,0.4751,2,
67,0.552,2,
188,0.5253,2,
44,0.4226,2,
207,0.5225,2,
45,0.5107,2,
102,0.4393,2,
65,0.4928,2,
156,0.5246,2,
25,0.562,2,
233,0.5028,2,
197,0.5358,2,
