Plant_ID,Pop,Date,Height,Leaves,Phenology,Fl_herm,Fl_male,fruits,Buds,Epitrix_herb,Chew_herb,Mining_herb,Stem_dens,Trichomes,Leaf_Area,Leaf_Weight,Comments
QUI-1,QUI,6/7/23,30,11,fl,1,0,0,15,0,7,0,13,125,2.001,0.0106,
QUI-2,QUI,6/7/23,28,8,fl,0,1,0,8,0,10,0,18,148,1.684,0.0094,
QUI-3,QUI,6/7/23,27,12,fl,1,1,0,14,0,15,0,13,123,1.516,0.0073,
QUI-4,QUI,6/7/23,29,6,fl,1,0,0,9,0,8,0,22,116,1.679,0.0083,
QUI-5,QUI,6/7/23,27,6,fl,2,0,0,11,0,5,0,48,97,1.429,0.0064,
QUI-6,QUI,6/7/23,26,6,fl,2,0,0,11,0,10,0,20,146,1.046,0.0057,
QUI-7,QUI,6/7/23,28,7,fl,2,0,0,13,0,5,0,11,85,0.885,0.0037,
QUI-8,QUI,6/7/23,41,8,fl,2,1,0,20,0,3,0,15,111,2.794,0.0144,
QUI-9,QUI,6/7/23,24,7,fl,3,0,0,37,0,6,0,18,141,1.286,0.0064,
QUI-10,QUI,6/7/23,22,9,fl,0,3,0,6,0,3,0,22,116,2.477,0.0136,
QUI-11,QUI,6/7/23,23,11,fl,2,0,0,22,0,7,0,13,151,1.492,0.0069,
QUI-12,QUI,6/7/23,23,9,fl,1,0,0,17,0,25,0,24,125,1.831,0.0091,
QUI-13,QUI,6/7/23,23,11,fl,0,2,0,16,0,10,0,18,133,1.697,0.0074,
QUI-14,QUI,6/7/23,22,9,fl,1,0,0,21,0,6,0,16,135,2.201,0.0131,
QUI-15,QUI,6/7/23,25,20,fl,1,0,0,25,0,20,0,12,114,2.17,0.0102,
QUI-16,QUI,6/7/23,27,12,fl,2,0,0,12,0,10,0,12,82,1.364,0.0103,
QUI-17,QUI,6/7/23,24,10,fl,2,0,0,16,0,15,0,18,90,2.178,0.0106,
QUI-18,QUI,6/7/23,28,10,fl,2,0,0,16,0,8,0,20,88,1.494,0.0072,
QUI-19,QUI,6/7/23,23,7,fr,0,1,0,15,0,20,0,30,93,1.209,0.0055,
QUI-20,QUI,6/7/23,24,6,fr,0,1,0,15,0,5,0,16,92,1.53,0.0075,
QUI-21,QUI,6/7/23,21,7,b,0,0,0,8,0,15,0,36,288,1.878,0.0108,
QUI-22,QUI,6/7/23,28,12,b,0,0,0,19,0,40,0,16,111,0.961,0.0052,
QUI-23,QUI,6/7/23,25,5,b,0,0,0,10,0,2,0,12,,,,
QUI-24,QUI,6/7/23,29,12,fl,1,0,0,28,0,35,0,20,98,1.725,0.0084,
QUI-25,QUI,6/7/23,25,9,b,0,0,0,9,0,4,0,12,,,,
QUI-26,QUI,6/7/23,19,6,b,0,0,0,11,0,10,0,20,143,2.108,0.0115,
QUI-27,QUI,6/7/23,30,7,b,0,0,0,18,0,12,0,48,123,1.647,0.0088,
QUI-28,QUI,6/7/23,21,7,b,0,0,0,6,0,7,0,12,296,1.138,0.0064,
QUI-29,QUI,6/7/23,30,18,fl,1,0,0,27,0,5,0,24,127,1.254,0.0067,
QUI-30,QUI,6/7/23,32,13,b,0,0,0,21,0,10,0,28,154,0.914,0.0034,
COO-1,COO,6/8/23,20,5,fl,1,0,0,4,10,0.3,0,4,334,0.879,0.0044,"Extensive herbivory damage in population; ""Leaf_Area"" and ""Trichomes"" may be skewed."
COO-2,COO,6/8/23,31,10,fr,1,0,7,4,25,5,0,6,195,1.513,0.007,
COO-3,COO,6/8/23,30,12,fl,1,0,0,26,35,1,0,16,328,1.326,0.007,
COO-4,COO,6/8/23,33,7,fr,3,1,0,8,6,2,0,28,214,0.855,0.0037,
COO-5,COO,6/8/23,22,6,fl,0,1,1,2,10,1,0,8,333,0.657,0.0033,
COO-6,COO,6/8/23,44,6,fl,0,1,0,7,20,5,0,16,249,1.684,0.0086,
COO-7,COO,6/8/23,31,6,fl,0,1,0,6,18,0.5,0,20,223,1.055,0.0046,
COO-8,COO,6/8/23,35,7,fl,2,0,0,12,15,1,0,32,128,0.961,0.0041,
COO-9,COO,6/8/23,35,8,fl,1,0,0,7,13,1,0,24,172,1.413,0.0076,
COO-10,COO,6/8/23,31,7,fl,2,1,0,7,22,6,0,36,132,1.915,0.0094,
COO-11,COO,6/8/23,28,6,fl,2,0,0,11,11,0.2,0,40,176,1.269,0.0063,
COO-12,COO,6/8/23,61,5,fr,1,0,1,8,12,5,0,24,108,1.159,0.0042,
COO-13,COO,6/8/23,31,9,fr,0,1,1,14,13,8,0,30,164,1.531,0.0078,
COO-14,COO,6/8/23,39,8,fl,1,0,0,6,20,3,0,16,232,1.634,0.0084,
COO-15,COO,6/8/23,49,8,b,0,0,0,10,7,0.1,0,28,160,1.58,0.0083,
COO-16,COO,6/8/23,32,6,fl,1,2,0,7,11,3,0,16,172,1.543,0.0066,
COO-17,COO,6/8/23,35,7,fl,1,0,0,7,14,1,0,20,176,1.433,0.0077,
COO-18,COO,6/8/23,24,5,fr,1,0,2,3,12,1,0,20,84,1.006,0.0039,
COO-19,COO,6/8/23,32,9,b,0,0,0,13,12,0,0,16,116,1.218,0.005,
COO-20,COO,6/8/23,30,7,b,0,0,0,13,22,4,0,8,124,1.165,0.006,
COO-21,COO,6/8/23,50,10,fl,0,1,0,20,10,3,0,8,152,1.37,0.0079,
COO-22,COO,6/8/23,44,13,fr,0,0,1,16,13,6,0,16,144,0.792,0.0039,
COO-23,COO,6/8/23,27,5,b,0,0,0,5,20,7,0,4,160,1.399,0.0071,
COO-24,COO,6/8/23,40,8,fr,0,1,2,5,40,6,0,8,156,0.987,0.0062,
COO-25,COO,6/8/23,46,6,fl,1,0,0,5,10,2,0,12,216,1.62,0.011,
COO-26,COO,6/8/23,21,14,fr,3,0,1,8,12,1,0,28,132,1.77,0.0087,
COO-27,COO,6/8/23,25,9,fl,0,1,0,11,11,0,0,52,192,1.481,0.0075,
COO-28,COO,6/8/23,49,8,fl,1,2,0,17,22,5,0,16,116,0.895,0.0046,
COO-29,COO,6/8/23,38,8,fr,1,2,1,18,14,6,0,16,112,1.658,0.0092,
COO-30,COO,6/8/23,59,9,fl,0,1,0,24,13,10,0,12,148,3.031,0.0166,
DUDU-1,DUDU,6/12/23,38,7,fl,0,1,0,3,0,0,0,,108,1.722,0.0111,
DUDU-2,DUDU,6/12/23,34,36,fl,0,6,0,22,0,0.1,0,,100,1.871,0.0119,
DUDU-3,DUDU,6/12/23,30,6,fl,0,1,0,2,0,0,0,,128,1.03,0.0054,
DUDU-4,DUDU,6/12/23,34,42,fl,0,6,0,23,0,0,0,,108,1.263,0.0088,
DUDU-5,DUDU,6/12/23,41,9,fl,0,1,0,9,0,0,0,,72,2.218,0.0109,
DUDU-6,DUDU,6/12/23,21,15,fl,0,1,0,8,0,1,0,,116,1.954,0.0141,
DUDU-7,DUDU,6/12/23,30,11,fl,0,1,0,1,0,1,0,,124,1.247,0.0064,
DUDU-8,DUDU,6/12/23,28,13,fl,0,2,0,8,0,0,0,,68,1.871,0.0119,
DUDU-9,DUDU,6/12/23,43,16,fl,1,0,0,5,0,0,0,,112,1.803,0.0094,
DUDU-10,DUDU,6/12/23,30,17,fl,0,3,0,10,0,2,0,,64,0.829,0.004,
DUDU-11,DUDU,6/12/23,39,28,fr,0,2,0,12,0,0.5,0,,104,1.724,0.01,
DUDU-12,DUDU,6/12/23,30,7,fl,0,2,0,11,0,4,0,,92,1.857,0.0113,
DUDU-13,DUDU,6/12/23,38,32,fl,0,8,0,23,0,0.1,0,,136,1.514,0.008,
DUDU-14,DUDU,6/12/23,47,30,fl,1,3,0,11,0,0.2,0,,92,2.223,0.0098,
DUDU-15,DUDU,6/12/23,27,5,fl,0,2,0,5,0,0,0,,132,1.355,0.0061,
DUDU-16,DUDU,6/12/23,42,18,fl,1,8,0,23,0,0,0,,116,2.323,0.0186,
DUDU-17,DUDU,6/12/23,43,23,fl,0,1,0,4,0,0,0,,92,1.812,0.0142,
DUDU-18,DUDU,6/12/23,23,34,fl,0,5,0,9,0,0,0,,136,1.213,0.0052,
DUDU-19,DUDU,6/12/23,37,22,fl,3,4,0,12,0,1,0,,80,1.905,0.0115,
DUDU-20,DUDU,6/12/23,26,11,fr,0,2,0,2,0,4,0,,72,2.501,0.0089,
DUDU-21,DUDU,6/12/23,41,21,fl,1,3,0,13,0,1,0,,124,1.59,0.0079,
DUDU-22,DUDU,6/12/23,30,13,fl,0,4,0,8,0,0,0,,88,1.313,0.0066,
DUDU-23,DUDU,6/12/23,26,12,fl,1,3,0,6,0,0,0,,100,0.815,0.004,
DUDU-24,DUDU,6/12/23,40,10,fl,0,2,0,6,0,0,0,,112,1.899,0.008,
SUW-1,SUW,6/14/23,39,13,fl,0,2,0,4,0,1.5,0,8,112,1.483,0.0059,S. c. floridanum; expect irregularly-shaped leaves.
SUW-2,SUW,6/14/23,54,19,fl,0,3,0,5,0,3,0,20,128,1.564,0.0061,
SUW-3,SUW,6/14/23,31,13,fl,0,2,0,10,0,1,0,20,120,0.549,0.0017,
SUW-4,SUW,6/14/23,33,8,fl,0,2,0,5,0,0,0,20,124,1.317,0.0044,
SUW-5,SUW,6/14/23,37,15,fl,0,1,0,4,0,40,0,24,132,0.729,0.0028,
SUW-6,SUW,6/14/23,40,29,fl,0,1,0,21,0,1,0,12,122,1.331,0.0061,
SUW-7,SUW,6/14/23,52,23,fl,0,2,0,12,0,0,0,24,116,1.106,0.0043,
SUW-8,SUW,6/14/23,44,11,fl,0,2,0,1,0,2,0,20,132,1.136,0.0056,
SUW-9,SUW,6/14/23,36,19,fl,0,1,0,0,0,2,0,24,82,0.649,0.0029,
SUW-10,SUW,6/14/23,59,14,fl,0,2,0,1,0,2,0,20,144,1.357,0.0044,
SUW-11,SUW,6/14/23,47,14,fl,0,2,0,5,0,3,0,12,118,0.852,0.0031,
SUW-12,SUW,6/14/23,56,15,fl,0,1,0,4,0,15,0,20,96,0.759,0.0026,
SUW-13,SUW,6/14/23,27,8,fl,0,1,0,2,0,0,0,24,156,0.603,0.0035,
SUW-14,SUW,6/14/23,45,16,fl,0,2,0,7,0,2,0,28,148,0.841,0.0035,
SUW-15,SUW,6/14/23,48,11,fl,0,1,0,1,0,55,0,20,140,0.791,0.0039,
SUW-16,SUW,6/14/23,45,18,fl,0,3,0,26,0,2,0,4,76,1.533,0.0059,
SUW-17,SUW,6/14/23,46,10,fl,0,2,0,0,0,0,0,20,120,1.229,0.005,
SUW-18,SUW,6/14/23,38,26,fl,0,6,0,23,0,0,0,12,48,1.17,0.0042,
SUW-19,SUW,6/14/23,47,13,fl,0,5,0,6,0,0,0,28,108,1.528,0.007,
SUW-20,SUW,6/14/23,50,16,fl,0,1,0,15,0,0,0,12,112,0.847,0.0021,
SHE-1,SHE,6/29/23,25,9,fr,1,0,1,7,15,10,0,4,128,2.12,0.0128,
SHE-2,SHE,6/29/23,13,6,fl,1,0,0,1,15,10,0,4,116,0.703,0.0045,
SHE-3,SHE,6/29/23,15,7,fl,2,0,0,0,9,6,0,4,148,0.683,0.0036,
SHE-4,SHE,6/29/23,17,8,fl,1,0,0,3,3,1,0,8,152,1.425,0.0073,
SHE-5,SHE,6/29/23,17,6,fl,1,0,0,4,7,12,0,20,104,1.207,0.0065,
SHE-6,SHE,6/29/23,26,9,fl,1,0,0,3,13,8,0,12,172,1.184,0.0071,
SHE-7,SHE,6/29/23,18,8,fl,1,0,0,3,10,0,0,4,176,1.015,0.0062,
SHE-8,SHE,6/29/23,29,8,fl,0,1,0,5,21,7,0,4,184,0.957,0.0056,
SHE-9,SHE,6/29/23,20,3,fl,1,0,0,2,10,0,0,12,204,1.655,0.007,
SHE-10,SHE,6/29/23,36,6,fl,0,1,0,7,10,1,0,4,180,1.459,0.0084,
SHE-11,SHE,6/29/23,18,12,fl,1,0,0,5,8,1,0,8,156,1.135,0.0064,
SHE-12,SHE,6/29/23,19,8,fl,1,0,0,4,12,9,0,4,212,0.705,0.0042,
SHE-13,SHE,6/29/23,32,6,fl,1,0,0,11,8,0,0,4,244,1.198,0.0068,
SHE-14,SHE,6/29/23,17,4,fl,0,1,0,6,8,2,0,4,104,0.788,0.0043,
SHE-15,SHE,6/29/23,33,5,fl,0,1,0,0,4,6,0,4,188,0.719,0.0041,
SHE-16,SHE,6/29/23,24,5,fl,1,0,0,3,12,0,0,4,132,0.619,0.0023,
SHE-17,SHE,6/29/23,38,4,fl,1,0,0,8,2,1,0,4,212,1.196,0.0077,
SHE-18,SHE,6/29/23,17,6,fl,1,0,0,1,10,6,0,4,108,1.593,0.0054,
SHE-19,SHE,6/29/23,41,5,fl,2,0,0,6,8,15,0,4,100,0.868,0.0033,
SHE-20,SHE,6/29/23,32,3,fl,1,0,0,6,4,1,0,4,100,1.682,0.0067,
SHE-21,SHE,6/29/23,38,5,fl,1,0,0,2,8,4,0,12,116,0.865,0.0049,
SHE-22,SHE,6/29/23,47,5,fl,0,1,0,2,3,10,0,4,140,0.973,0.005,
SHE-23,SHE,6/29/23,53,6,fl,1,0,0,1,10,14,0,4,148,0.872,0.0058,
SHE-24,SHE,6/29/23,46,6,fr,1,0,1,0,10,20,0,4,132,1.049,0.0052,
SHE-25,SHE,6/29/23,23,4,fl,1,0,0,1,11,1,0,16,128,0.568,0.002,
SHE-26,SHE,6/29/23,19,5,fl,1,0,0,5,14,1,0,4,184,0.969,0.0045,
SHE-27,SHE,6/29/23,26,4,fl,1,0,0,4,15,1,0,4,196,1.029,0.0066,
SHE-28,SHE,6/29/23,30,8,fl,0,1,0,1,3,4,0,4,164,0.978,0.0046,
SHE-29,SHE,6/29/23,24,7,fl,1,0,0,3,5,12,0,4,172,0.917,0.0054,
SHE-30,SHE,6/29/23,50,4,fl,1,0,0,7,6,11,0,4,112,1.75,0.007,
KAN-1,KAN,6/27/23,25,5,fr,1,1,1,12,0.1,8,0,8,228,0.846,0.0073,
KAN-2,KAN,6/27/23,17,5,fr,0,1,0,3,0.1,0,0,8,196,1.282,0.0105,
KAN-3,KAN,6/27/23,21,4,fl,0,2,0,0,0,6,0,4,124,1.848,0.0127,
KAN-4,KAN,6/27/23,16,5,fl,0,2,0,5,0,1,0,12,188,0.513,0.0036,
KAN-5,KAN,6/27/23,25,6,fl,1,0,0,7,0,0,0,4,192,0.846,0.0053,
KAN-6,KAN,6/27/23,22,6,fl,0,1,0,3,0,0.1,0,4,204,0.99,0.0079,
KAN-7,KAN,6/27/23,26,6,fl,0,1,0,12,1,0.5,0,12,152,1.792,0.0129,
KAN-8,KAN,6/27/23,15,6,fr,0,1,1,10,0,0,0,16,248,0.928,0.0077,
KAN-9,KAN,6/27/23,27,6,fl,0,3,0,21,0,3,0,12,308,1.341,0.0105,
KAN-10,KAN,6/27/23,17,4,fl,0,1,0,9,0,25,0,8,180,1.718,0.0131,
KAN-11,KAN,6/27/23,19,4,fl,0,2,0,3,0,20,0,16,208,0.813,0.0056,
KAN-12,KAN,6/27/23,34,7,fl,0,1,0,11,0,0,0,4,148,1.486,0.0107,
KAN-13,KAN,6/27/23,21,8,fl,3,0,0,9,0,1,0,4,184,1.12,0.0094,
KAN-14,KAN,6/27/23,25,6,fl,0,1,0,23,0,0,0,12,140,1.543,0.0104,
KAN-15,KAN,6/27/23,15,5,fl,0,2,0,13,0,1,0,8,172,0.867,0.0047,
KAN-16,KAN,6/27/23,18,6,fl,0,1,0,2,0,0,0,4,,,,
KAN-17,KAN,6/27/23,15,7,fl,0,1,0,13,0,13,0,20,140,1.024,0.0057,
KAN-18,KAN,6/27/23,20,6,fl,1,0,0,4,0,4,0,16,144,0.547,0.0024,
KAN-19,KAN,6/27/23,20,4,fl,0,2,0,6,0,0,0,24,156,1.05,0.0067,
KAN-20,KAN,6/27/23,16,8,fl,0,1,0,5,0,1,0,4,248,0.941,0.0087,
KAN-21,KAN,6/27/23,21,8,fl,2,0,0,8,4,8,0,28,196,0.835,0.0074,
KAN-22,KAN,6/27/23,16,8,fl,1,0,0,5,0.5,18,0,24,208,0.887,0.0077,
KAN-23,KAN,6/27/23,26,6,fl,1,0,0,7,0.5,10,0,20,164,1.049,0.0077,
KAN-24,KAN,6/27/23,30,7,fl,0,4,0,8,0,5,0,32,184,1.082,0.0089,
KAN-25,KAN,6/27/23,22,6,fl,0,1,0,5,1,1,0,28,176,1.323,0.0101,
KAN-26,KAN,6/27/23,26,6,fl,0,1,0,6,0,1,0,4,188,1.25,0.0097,
KAN-27,KAN,6/27/23,19,7,fl,1,1,0,6,0,0,0,12,144,1.066,0.0083,
KAN-28,KAN,6/27/23,17,7,fl,0,1,0,4,1,0.5,0,28,196,0.621,0.0041,
KAN-29,KAN,6/27/23,16,7,fl,1,0,0,7,0,5,0,24,158,0.776,0.005,
KAN-30,KAN,6/27/23,14,8,fl,0,1,0,4,0,3,0,20,164,0.979,0.0081,
TAL-1,TAL,7/6/23,41,6,fl,0,1,0,5,0,30,0,8,84,2.429,0.0122,
TAL-2,TAL,7/6/23,37,9,fl,1,0,0,12,0,13,0,12,176,1.136,0.0087,
TAL-3,TAL,7/6/23,19,20,fr,1,0,1,0,1,7,0,16,144,1.238,0.0068,
TAL-4,TAL,7/6/23,38,9,fl,1,0,0,5,0,13,0,12,92,1.159,0.0059,
TAL-5,TAL,7/6/23,40,9,fl,1,0,0,6,0,10,0,12,104,1.545,0.0092,
TAL-6,TAL,7/6/23,21,8,fl,2,0,0,6,0,19,0,8,192,0.733,0.0042,
TAL-7,TAL,7/6/23,33,6,fl,1,0,0,8,0,12,0,16,116,1.416,0.0064,
TAL-8,TAL,7/6/23,35,10,fl,1,0,0,6,0,9,0,12,156,0.881,0.0045,
TAL-9,TAL,7/6/23,31,6,fl,0,0,0,11,0,13,0,12,152,1.035,0.006,
TAL-10,TAL,7/6/23,39,16,fr,1,0,1,10,0,10,0,20,132,0.735,0.0036,
TAL-11,TAL,7/6/23,34,6,fl,2,1,0,1,0,16,0,4,124,0.912,0.006,
TAL-12,TAL,7/6/23,40,18,fl,1,0,0,10,0,9,0,8,172,0.838,0.005,
TAL-13,TAL,7/6/23,30,6,fl,1,0,0,2,0,20,0,20,156,0.915,0.0051,
TAL-14,TAL,7/6/23,38,8,fl,1,0,0,11,0,8,0,12,116,1.542,0.0084,
TAL-15,TAL,7/6/23,40,8,fl,1,0,0,7,0,14,0,16,128,1.23,0.0071,
TAL-16,TAL,7/6/23,40,8,fl,1,0,0,5,0,10,0,16,136,0.903,0.0049,
TAL-17,TAL,7/6/23,29,11,fl,0,1,0,2,0,13,0,16,108,1.075,0.0067,
TAL-19,TAL,7/6/23,24,6,fl,1,0,0,5,0,0,0,28,116,1.305,0.0069,
TAL-20,TAL,7/6/23,32,10,fl,1,0,0,5,0,15,0,12,104,1.302,0.0067,
TAL-21,TAL,7/6/23,60,22,fl,0,1,0,3,0,15,0,4,136,1.824,0.0112,
TAL-22,TAL,7/6/23,48,21,fl,1,0,0,7,0,13,0,4,164,1.545,0.0086,
TAL-23,TAL,7/6/23,49,19,fl,1,0,0,32,0,18,0,4,108,1.67,0.0094,
OAK-1,OAK,6/27/23,21,4,fl,0,0,0,7,0,40,0,4,96,0.869,0.0041,
OAK-2,OAK,6/27/23,56,5,fl,1,0,0,8,8,6,0,4,144,1.057,0.0061,
OAK-3,OAK,6/27/23,53,6,fl,0,0,0,4,7,15,0,4,200,0.881,0.005,
OAK-4,OAK,6/27/23,38,6,fl,1,0,0,4,1,0,0,8,168,0.923,0.0071,
OAK-5,OAK,6/27/23,51,5,fl,2,0,0,6,8,0,0,4,124,1.377,0.0074,
OAK-6,OAK,6/27/23,43,3,fl,2,0,0,3,0.1,5,0,4,144,0.991,0.0034,
OAK-7,OAK,6/27/23,59,5,fl,2,0,0,12,1,10,0,8,136,1.403,0.0066,
OAK-8,OAK,6/27/23,47,5,fl,0,0,0,2,2,3,0,4,168,0.722,0.0039,
OAK-9,OAK,6/27/23,42,5,fl,0,0,0,2,1,18,0,4,184,1.054,0.0053,
OAK-10,OAK,6/27/23,44,5,fl,0,0,0,2,0,0,0,4,128,1.522,0.0068,
OAK-11,OAK,6/27/23,39,4,fl,1,1,0,3,10,25,0,4,172,0.679,0.0035,
OAK-12,OAK,6/27/23,44,5,fl,1,1,0,3,6,0,0,8,140,0.764,0.0039,
OAK-13,OAK,6/27/23,49,5,fl,1,0,0,7,7,2,0,8,148,1.822,0.01,
OAK-14,OAK,6/27/23,51,8,fl,6,0,0,18,5,7,0,4,184,1.511,0.0128,
OAK-15,OAK,6/27/23,60,9,fl,6,1,0,26,13,16,0,4,144,1.913,0.0114,
OAK-16,OAK,6/27/23,42,9,fl,1,0,0,12,3,3,0,16,252,2.32,0.0182,
OAK-17,OAK,6/27/23,44,6,fl,3,0,0,5,4,10,0,4,124,1.225,0.0064,
OAK-18,OAK,6/27/23,48,8,fl,4,1,0,16,10,11,0,4,148,1.929,0.0115,
OAK-19,OAK,6/27/23,55,8,fl,2,0,0,9,5,3,0,8,152,1.932,0.0094,
OAK-20,OAK,6/27/23,59,7,fl,2,0,0,12,0.1,2,0,12,172,2.286,0.0136,
OAK-21,OAK,6/27/23,49,7,fl,2,0,0,8,0.5,20,0,4,196,1.161,0.007,
OAK-22,OAK,6/27/23,52,7,fl,3,0,0,12,5,4,0,4,136,1.354,0.0064,
OAK-23,OAK,6/27/23,62,5,fl,4,0,0,13,5,10,0,4,168,1.745,0.0096,
OAK-24,OAK,6/27/23,44,5,fl,3,0,0,8,10,4,0,12,168,1.475,0.0076,
OAK-25,OAK,6/27/23,53,6,fl,3,0,0,17,5,6,0,4,144,0.819,0.004,
OAK-26,OAK,6/27/23,59,7,fl,1,0,0,8,10,3,0,12,168,0.72,0.0043,
OAK-27,OAK,6/27/23,56,6,fl,3,0,0,4,8,6,0,4,208,1.435,0.0083,
OAK-28,OAK,6/27/23,46,7,fl,1,0,0,5,6,2,0,4,188,1.081,0.0063,
OAK-29,OAK,6/27/23,50,8,fl,2,0,0,6,0.5,0,0,12,168,1.435,0.0084,
OAK-30,OAK,6/27/23,53,8,fl,3,0,0,10,5,2,0,8,152,0.996,0.0049,
PLA-1,PLA,6/26/23,34,5,fl,0,2,0,8,25,3,0,20,144,0.525,0.0024,
PLA-2,PLA,6/26/23,26,7,fl,2,0,0,12,10,0,0,20,104,1.459,0.0077,
PLA-3,PLA,6/26/23,40,4,fl,2,0,0,6,5,0,0,16,124,1.143,0.0062,
PLA-4,PLA,6/26/23,39,6,fl,2,0,0,12,15,25,0,8,168,1.412,0.0084,
PLA-5,PLA,6/26/23,49,7,fl,1,2,0,16,9,0.5,0,12,152,1.482,0.01,
PLA-6,PLA,6/26/23,27,6,fl,0,1,0,11,7,0,0,24,112,1.099,0.0065,
PLA-7,PLA,6/26/23,29,8,fl,1,0,0,9,25,2,0,4,154,0.887,0.0059,
PLA-8,PLA,6/26/23,32,6,fl,0,3,0,8,2,5,0,12,188,1.148,0.0074,
PLA-9,PLA,6/26/23,42,5,fl,1,0,0,15,0,5,0,20,152,1.041,0.0057,
PLA-10,PLA,6/26/23,41,9,fr,0,2,1,9,2,4,0,8,144,0.839,0.0048,
PLA-11,PLA,6/26/23,40,6,fl,0,2,0,6,13,0,0,16,164,0.897,0.0046,
PLA-12,PLA,6/26/23,21,7,fl,1,1,0,5,5,5,0,8,48,0.649,0.0032,
PLA-13,PLA,6/26/23,34,9,fl,3,0,0,7,0.5,0,0,20,124,1.168,0.0056,
PLA-14,PLA,6/26/23,27,6,fl,0,2,0,5,0,0,0,8,116,1.059,0.0066,
PLA-15,PLA,6/26/23,54,6,fl,1,1,0,16,7,0,0,28,148,1.378,0.0083,
PLA-16,PLA,6/26/23,45,6,fl,0,3,0,10,7,1,0,4,168,1.789,0.0116,
PLA-17,PLA,6/26/23,27,3,fl,0,5,0,8,0.1,0,0,4,96,1.084,0.0046,
PLA-18,PLA,6/26/23,41,7,fl,0,3,0,10,2,4,0,8,124,1.23,0.0082,
PLA-19,PLA,6/26/23,37,5,fl,0,1,0,8,6,0,0,16,136,1.391,0.0093,
PLA-20,PLA,6/26/23,40,5,fl,0,1,0,5,11,0,0,4,148,1.128,0.0066,
PLA-21,PLA,6/26/23,36,4,fl,3,0,0,2,10,10,0,8,72,0.966,0.0071,
PLA-22,PLA,6/26/23,47,7,fl,0,3,0,7,10,0,0,12,132,1.162,0.0078,
PLA-23,PLA,6/26/23,33,5,fl,1,0,0,6,1,0.5,0,4,104,1.06,0.0072,
PLA-24,PLA,6/26/23,35,6,fl,1,1,0,5,10,1,0,12,144,1.157,0.0073,
PLA-25,PLA,6/26/23,37,6,fl,0,1,0,7,20,0,0,8,112,0.879,0.0061,
PLA-26,PLA,6/26/23,33,6,fl,0,2,0,5,4,1,0,4,132,1.448,0.009,
PLA-27,PLA,6/26/23,41,8,fl,2,0,0,7,12,0,0,16,148,1.253,0.0092,
PLA-28,PLA,6/26/23,52,6,fl,1,1,0,7,14,0,0,20,140,1.13,0.0073,
PLA-29,PLA,6/26/23,41,5,fl,1,0,0,9,10,6,0,8,134,1.506,0.0097,
PLA-30,PLA,6/26/23,40,6,fr,0,1,1,3,10,5,0,24,96,1.189,0.0061,
BEC-1,BEC,6/25/23,43,4,fl,2,0,0,9,0,10,0,4,144,0.774,0.0045,
BEC-2,BEC,6/25/23,36,6,fl,0,1,0,5,20,9,0,8,224,1.364,0.009,
BEC-3,BEC,6/25/23,31,4,fl,1,0,0,2,2,0.3,0,12,172,1.182,0.0071,
BEC-4,BEC,6/25/23,82,6,fr,1,0,2,5,2,1,0,4,156,1.133,0.0066,
BEC-5,BEC,6/25/23,29,6,fl,0,2,0,13,30,20,0,4,164,0.748,0.0046,
BEC-6,BEC,6/25/23,44,6,fl,1,0,0,9,20,0.5,0,8,188,1.076,0.0071,
BEC-7,BEC,6/25/23,31,7,fl,1,0,0,1,5,3,0,4,192,0.749,0.0048,
BEC-8,BEC,6/25/23,40,5,fl,0,1,0,4,4,2,0,12,208,0.846,0.0062,
BEC-9,BEC,6/25/23,46,8,fr,1,0,2,5,4,0,0,12,204,0.82,0.0062,
BEC-10,BEC,6/25/23,42,7,fl,1,0,2,6,5,1,0,4,176,0.778,0.0055,
BEC-11,BEC,6/25/23,46,6,fl,1,0,0,15,4,10,0,12,152,1.2,0.0055,
BEC-12,BEC,6/25/23,51,7,fl,1,0,0,13,5,20,0,4,194,0.712,0.004,
BEC-13,BEC,6/25/23,39,6,fl,1,0,0,20,3,0,0,4,200,0.947,0.0059,
BEC-14,BEC,6/25/23,45,8,fl,0,1,0,5,13,30,0,4,168,0.717,0.0033,
BEC-15,BEC,6/25/23,29,3,fl,0,1,0,5,0,30,0,4,152,0.654,0.0029,
BEC-16,BEC,6/25/23,57,6,fl,0,1,0,10,0,15,0,4,176,1.591,0.0112,
BEC-17,BEC,6/25/23,37,4,fl,0,2,0,2,0,30,0,4,144,0.75,0.0035,
BEC-18,BEC,6/25/23,42,8,fl,1,0,0,8,9,10,0,8,136,1.322,0.0084,
BEC-19,BEC,6/25/23,40,5,fl,0,2,0,18,0,12,0,4,96,0.606,0.0026,
BEC-20,BEC,6/25/23,54,6,fl,1,0,1,16,12,14,0,4,124,1.421,0.0088,
BEC-21,BEC,6/25/23,56,7,fr,3,0,1,21,10,5,0,8,140,1.083,0.008,
BEC-22,BEC,6/25/23,46,4,fl,2,0,0,10,4,10,0,4,148,1.929,0.0099,
BEC-23,BEC,6/25/23,41,7,fl,0,1,0,16,11,6,0,12,192,0.531,0.0029,
BEC-24,BEC,6/25/23,35,5,fl,1,0,0,3,9,10,0,12,176,0.778,0.0059,
BEC-25,BEC,6/25/23,40,7,fr,0,1,2,2,12,2,0,20,128,0.798,0.0058,
BEC-26,BEC,6/25/23,38,6,fl,1,0,0,11,20,3,0,8,72,0.69,0.005,
BEC-27,BEC,6/25/23,31,7,fl,1,0,1,6,18,12,0,4,152,1.106,0.0067,
BEC-28,BEC,6/25/23,34,12,fl,1,0,0,5,8,10,0,12,172,0.924,0.0054,
BEC-29,BEC,6/25/23,27,4,fr,0,1,0,7,5,10,0,12,112,1.215,0.0066,
BEC-30,BEC,6/25/23,38,9,fl,1,0,0,11,20,16,0,8,124,1.537,0.0088,
REF-1,REF,6/23/23,52,31,fl,1,0,0,28,0,0.1,0,8,72,3.514,0.0098,
REF-2,REF,6/23/23,37,7,fr,0,1,4,4,0,2,0,8,68,1.974,0.0052,
REF-3,REF,6/23/23,42,5,fr,0,2,1,4,0,8,0,4,60,2.478,0.0096,
REF-4,REF,6/23/23,62,10,fr,0,1,1,2,0,5,0,8,82,2.411,0.0078,
REF-5,REF,6/23/23,46,15,fr,0,2,5,20,0,2,0,24,88,1.748,0.0061,
REF-6,REF,6/23/23,47,10,fr,1,1,1,6,0,2,0,4,52,2.173,0.0081,
REF-7,REF,6/23/23,40,13,fr,1,1,3,24,0,12,0,8,68,1.152,0.0038,
REF-8,REF,6/23/23,36,13,fl,2,0,0,17,0,3,0,16,188,1.883,0.0067,
REF-9,REF,6/23/23,39,6,fl,1,1,0,15,0,6.5,0,4,64,2.537,0.007,
REF-10,REF,6/23/23,67,11,fr,1,4,1,16,0,10,0,8,96,1.99,0.007,
REF-11,REF,6/23/23,34,8,fl,2,0,0,2,0.1,1.5,0,28,116,2.353,0.009,
REF-12,REF,6/23/23,52,5,fl,1,0,0,3,0.1,1,0,16,144,1.321,0.0051,
REF-13,REF,6/23/23,66,15,fl,2,1,0,17,0.1,2,0,8,116,2.01,0.0072,
REF-14,REF,6/23/23,35,13,fl,0,2,3,12,0.5,5,0,12,108,1.275,0.0045,
REF-15,REF,6/23/23,51,6,fl,1,1,0,3,1,4,0,12,128,1.557,0.0065,
REF-16,REF,6/23/23,70,7,fr,0,3,2,5,0,1,0,8,132,1.768,0.0069,
REF-17,REF,6/23/23,55,9,fr,0,1,5,9,0,9,0,8,108,1.788,0.0065,
REF-18,REF,6/23/23,62,14,fr,0,2,5,9,0,5,0,8,116,1.289,0.005,
REF-19,REF,6/23/23,45,9,fr,1,0,2,6,0,5,0,16,124,2.89,0.0115,
REF-20,REF,6/23/23,53,11,fl,0,1,0,9,0.1,2,0,12,144,2.081,0.0074,
REF-21,REF,6/23/23,54,10,fr,2,0,1,20,0.2,4,0,12,172,1.301,0.0041,
REF-22,REF,6/23/23,30,6,fl,0,1,0,3,0,9,0,16,108,1.132,0.0028,
REF-23,REF,6/23/23,44,8,fl,1,2,0,10,0,18,0,8,144,2.163,0.0089,
REF-24,REF,6/23/23,39,10,fr,0,2,1,11,0,0,0,8,192,1.182,0.004,
REF-25,REF,6/23/23,40,8,fr,0,3,1,3,0,5,0,4,116,1.749,0.0062,
REF-26,REF,6/23/23,45,7,fl,1,0,0,7,0,4,0,8,112,1.359,0.0049,
REF-27,REF,6/23/23,63,8,fl,3,0,0,8,0,3,0,4,120,2.237,0.0073,
REF-28,REF,6/23/23,23,12,fl,1,1,0,12,0,10,0,12,144,2.102,0.0077,
REF-29,REF,6/23/23,60,16,fr,1,0,1,18,0,5,0,4,132,1.763,0.0066,
REF-30,REF,6/23/23,43,17,fr,2,3,3,32,0,8,0,8,148,2.785,0.0107,
GRE-1,GRE,6/22/23,47,8,fl,0,2,0,2,8,40,0,12,96,1.424,0.0064,
GRE-2,GRE,6/22/23,40,5,fl,0,2,0,4,3,10,0,16,156,1.076,0.0041,
GRE-3,GRE,6/22/23,60,10,fl,1,0,0,8,18,16,0,16,152,1.271,0.0064,
GRE-4,GRE,6/22/23,44,7,fl,1,1,0,1,24,6,0,4,128,0.516,0.0023,
GRE-5,GRE,6/22/23,57,7,fl,2,0,0,1,20,3,0,4,76,1.206,0.0053,
GRE-6,GRE,6/22/23,56,9,fl,1,0,0,2,32,8,0,8,132,0.737,0.0037,
GRE-7,GRE,6/22/23,51,8,fr,3,0,0,3,18,1,0,8,76,0.798,0.0039,
GRE-8,GRE,6/22/23,57,9,fl,1,1,0,10,27,14,0,4,100,0.742,0.0038,
GRE-9,GRE,6/22/23,54,6,fl,2,0,0,6,13,3,0,8,136,1.448,0.0064,
GRE-10,GRE,6/22/23,61,5,fl,0,2,0,4,9,4,0,10,144,0.593,0.0022,
GRE-11,GRE,6/22/23,57,10,fl,0,1,0,3,10,14,0,16,108,1.132,0.0089,
GRE-12,GRE,6/22/23,66,8,fl,1,2,1,1,9,20,0,8,128,0.72,0.004,
GRE-13,GRE,6/22/23,33,12,fl,0,1,0,12,4,20,0,8,124,0.636,0.0031,
GRE-14,GRE,6/22/23,20,6,fl,1,0,0,2,6,10,0,8,104,0.651,0.0024,
GRE-15,GRE,6/22/23,31,5,fl,2,0,0,4,11,2,0,4,148,1.264,0.0059,
GRE-16,GRE,6/22/23,35,4,fl,1,0,0,3,14,8,0,4,132,1.024,0.0054,
GRE-17,GRE,6/22/23,47,9,fl,1,0,0,12,15,20,0,4,112,1.012,0.0053,
GRE-18,GRE,6/22/23,31,7,fl,0,2,0,1,7,9,0,8,168,0.802,0.0041,
GRE-19,GRE,6/22/23,45,9,fl,0,1,0,4,10,21,0,8,120,1.277,0.0078,
GRE-20,GRE,6/22/23,56,7,fl,1,0,0,11,13,18,0,4,88,1.113,0.0049,
GRE-21,GRE,6/22/23,34,7,fl,1,0,0,1,9,1,0,8,84,1.952,0.0069,
GRE-22,GRE,6/22/23,34,7,fl,1,0,0,6,10,4,0,4,104,1.061,0.0058,
GRE-23,GRE,6/22/23,50,16,fl,1,1,0,12,4,8,0,4,96,0.904,0.0043,
GRE-24,GRE,6/22/23,41,10,fl,1,0,0,6,9,12,0,4,192,1.192,0.007,
GRE-25,GRE,6/22/23,26,7,fl,1,0,0,3,12,6,0,4,124,1.05,0.0054,
GRE-26,GRE,6/22/23,41,7,fl,0,1,0,5,12,10,0,4,112,1.201,0.0063,
GRE-27,GRE,6/22/23,42,4,fl,0,2,0,5,10,20,0,4,132,0.774,0.0033,
GRE-28,GRE,6/22/23,22,6,fl,1,0,0,2,10,9,0,4,88,0.798,0.0033,
GRE-29,GRE,6/22/23,50,8,fl,1,0,0,2,11,10,0,4,76,1.465,0.0065,
GRE-30,GRE,6/22/23,42,6,fl,0,1,0,6,6,18,0,4,204,0.686,0.0036,
