Plant_abr,Pop,Date,Plant_ID,Height,Leaves,Epitrix_herb,Chew_herb,Mining_herb,Epitrix,Spider_Mite,Leptinotarsa,Torti_Beetle,Black_weevils,Stem_dens,Spodoptera,Leafhopper,Mealybug,Trichomes,Spines,Leaf_Area,Leaf_Weight
QUI-1,QUI,6/7/2023,1,30,11,0,7,0,0,0,0,0,0,13,0,0,0,125,13,2.001,0.0106
QUI-2,QUI,6/7/2023,2,28,8,0,10,0,0,0,0,0,0,18,0,0,0,148,11,1.684,0.0094
QUI-3,QUI,6/7/2023,3,27,12,0,15,0,0,0,1,0,0,13,0,0,0,123,11,1.516,0.0073
QUI-4,QUI,6/7/2023,4,29,6,0,8,0,0,0,0,0,0,22,0,0,0,116,15,1.679,0.0083
QUI-5,QUI,6/7/2023,5,27,6,0,5,0,0,0,0,0,0,48,0,0,0,97,16,1.429,0.0064
QUI-6,QUI,6/7/2023,6,26,6,0,10,0,0,0,0,0,1,20,0,0,0,146,11,1.046,0.0057
QUI-7,QUI,6/7/2023,7,28,7,0,5,0,0,0,0,0,0,11,0,0,0,85,8,0.885,0.0037
QUI-8,QUI,6/7/2023,8,41,8,0,3,0,0,0,21,0,0,15,0,0,0,111,12,2.794,0.0144
QUI-9,QUI,6/7/2023,9,24,7,0,6,0,0,0,0,0,0,18,0,0,0,141,15,1.286,0.0064
QUI-10,QUI,6/7/2023,10,22,9,0,3,0,0,0,0,0,0,22,0,0,0,116,11,2.477,0.0136
QUI-11,QUI,6/7/2023,11,23,11,0,7,0,0,0,0,0,0,13,0,0,0,151,16,1.492,0.0069
QUI-12,QUI,6/7/2023,12,23,9,0,25,0,0,0,0,0,0,24,0,0,0,125,11,1.831,0.0091
QUI-13,QUI,6/7/2023,13,23,11,0,10,0,0,0,0,0,0,18,0,0,0,133,8,1.697,0.0074
QUI-14,QUI,6/7/2023,14,22,9,0,6,0,0,0,4,0,0,16,0,0,0,135,12,2.201,0.0131
QUI-15,QUI,6/7/2023,15,25,20,0,20,0,0,0,0,0,0,12,0,0,0,114,11,2.17,0.0102
QUI-16,QUI,6/7/2023,16,27,12,0,10,0,0,0,4,0,0,12,0,0,0,82,15,1.364,0.0103
QUI-17,QUI,6/7/2023,17,24,10,0,15,0,0,0,0,0,1,18,0,0,0,90,10,2.178,0.0106
QUI-18,QUI,6/7/2023,18,28,10,0,8,0,0,0,3,0,0,20,0,0,0,88,14,1.494,0.0072
QUI-19,QUI,6/7/2023,19,23,7,0,20,0,0,0,0,0,0,30,0,0,0,93,13,1.209,0.0055
QUI-20,QUI,6/7/2023,20,24,6,0,5,0,0,0,0,0,0,16,0,0,0,92,6,1.53,0.0075
QUI-21,QUI,6/7/2023,21,21,7,0,15,0,0,0,1,0,0,36,0,0,0,288,10,1.878,0.0108
QUI-22,QUI,6/7/2023,22,28,12,0,40,0,0,0,1,0,0,16,0,0,0,111,8,0.961,0.0052
QUI-23,QUI,6/7/2023,23,25,5,0,2,0,0,0,0,0,0,12,0,0,0,,,,
QUI-24,QUI,6/7/2023,24,29,12,0,35,0,0,0,7,0,0,20,0,0,0,98,14,1.725,0.0084
QUI-25,QUI,6/7/2023,25,25,9,0,4,0,0,0,0,0,0,12,0,0,0,,,,
QUI-26,QUI,6/7/2023,26,19,6,0,10,0,0,0,0,0,0,20,0,0,0,143,14,2.108,0.0115
QUI-27,QUI,6/7/2023,27,30,7,0,12,0,0,0,2,0,0,48,0,0,0,123,13,1.647,0.0088
QUI-28,QUI,6/7/2023,28,21,7,0,7,0,0,0,0,0,0,12,0,0,0,296,13,1.138,0.0064
QUI-29,QUI,6/7/2023,29,30,18,0,5,0,0,0,0,0,0,24,0,0,0,127,10,1.254,0.0067
QUI-30,QUI,6/7/2023,30,32,13,0,10,0,0,0,2,0,0,28,0,0,0,154,14,0.914,0.0034
COO-1,COO,6/8/2023,1,20,5,10,0.3,0,4,0,0,0,0,4,0,0,0,334,12,0.879,0.0044
COO-2,COO,6/8/2023,2,31,10,25,5,0,0,0,0,0,0,6,0,0,0,195,5,1.513,0.007
COO-3,COO,6/8/2023,3,30,12,35,1,0,1,0,0,0,0,16,0,0,0,328,9,1.326,0.007
COO-4,COO,6/8/2023,4,33,7,6,2,0,2,0,0,0,0,28,0,0,0,214,8,0.855,0.0037
COO-5,COO,6/8/2023,5,22,6,10,1,0,0,0,0,0,0,8,0,0,0,333,3,0.657,0.0033
COO-6,COO,6/8/2023,6,44,6,20,5,0,2,0,0,1,0,16,0,0,0,249,8,1.684,0.0086
COO-7,COO,6/8/2023,7,31,6,18,0.5,0,0,0,0,0,0,20,0,0,0,223,9,1.055,0.0046
COO-8,COO,6/8/2023,8,35,7,15,1,0,0,0,0,0,0,32,0,0,0,128,8,0.961,0.0041
COO-9,COO,6/8/2023,9,35,8,13,1,0,2,0,0,0,0,24,0,0,0,172,16,1.413,0.0076
COO-10,COO,6/8/2023,10,31,7,22,6,0,0,0,0,0,0,36,0,0,0,132,7,1.915,0.0094
COO-11,COO,6/8/2023,11,28,6,11,0.2,0,1,0,0,0,0,40,0,0,0,176,12,1.269,0.0063
COO-12,COO,6/8/2023,12,61,5,12,5,0,2,0,0,0,0,24,0,0,0,108,10,1.159,0.0042
COO-13,COO,6/8/2023,13,31,9,13,8,0,0,0,0,1,0,30,0,0,0,164,7,1.531,0.0078
COO-14,COO,6/8/2023,14,39,8,20,3,0,3,0,0,1,0,16,0,0,0,232,9,1.634,0.0084
COO-15,COO,6/8/2023,15,49,8,7,0.1,0,2,0,0,0,0,28,0,0,0,160,8,1.58,0.0083
COO-16,COO,6/8/2023,16,32,6,11,3,0,1,0,0,0,0,16,0,0,0,172,8,1.543,0.0066
COO-17,COO,6/8/2023,17,35,7,14,1,0,1,0,0,0,0,20,0,0,0,176,9,1.433,0.0077
COO-18,COO,6/8/2023,18,24,5,12,1,0,0,0,0,0,0,20,0,0,0,84,7,1.006,0.0039
COO-19,COO,6/8/2023,19,32,9,12,0,0,1,0,0,0,0,16,0,0,0,116,11,1.218,0.005
COO-20,COO,6/8/2023,20,30,7,22,4,0,0,0,0,0,0,8,0,0,0,124,18,1.165,0.006
COO-21,COO,6/8/2023,21,50,10,10,3,0,0,0,0,0,0,8,0,0,0,152,27,1.37,0.0079
COO-22,COO,6/8/2023,22,44,13,13,6,0,2,0,0,1,2,16,0,0,0,144,12,0.792,0.0039
COO-23,COO,6/8/2023,23,27,5,20,7,0,0,0,0,0,0,4,0,0,0,160,14,1.399,0.0071
COO-24,COO,6/8/2023,24,40,8,40,6,0,2,0,0,1,1,8,0,0,0,156,6,0.987,0.0062
COO-25,COO,6/8/2023,25,46,6,10,2,0,1,0,0,0,0,12,0,0,0,216,4,1.62,0.011
COO-26,COO,6/8/2023,26,21,14,12,1,0,2,0,0,0,0,28,0,0,0,132,7,1.77,0.0087
COO-27,COO,6/8/2023,27,25,9,11,0,0,3,0,0,0,0,52,0,0,0,192,11,1.481,0.0075
COO-28,COO,6/8/2023,28,49,8,22,5,0,3,0,0,0,0,16,0,0,0,116,8,0.895,0.0046
COO-29,COO,6/8/2023,29,38,8,14,6,0,0,0,0,0,0,16,0,0,0,112,8,1.658,0.0092
COO-30,COO,6/8/2023,30,59,9,13,10,0,4,0,0,0,0,12,0,0,0,148,6,3.031,0.0166
DUDU-1,DUDU,6/12/2023,1,38,7,0,0,0,0,0,0,0,0,,0,0,0,108,8,1.722,0.0111
DUDU-2,DUDU,6/12/2023,2,34,36,0,0.1,0,0,0,0,0,0,,0,0,0,100,9,1.871,0.0119
DUDU-3,DUDU,6/12/2023,3,30,6,0,0,0,0,0,0,0,0,,0,0,0,128,10,1.03,0.0054
DUDU-4,DUDU,6/12/2023,4,34,42,0,0,0,0,0,0,0,0,,0,0,0,108,10,1.263,0.0088
DUDU-5,DUDU,6/12/2023,5,41,9,0,0,0,0,0,0,0,0,,0,0,0,72,11,2.218,0.0109
DUDU-6,DUDU,6/12/2023,6,21,15,0,1,0,0,0,0,0,0,,0,0,0,116,11,1.954,0.0141
DUDU-7,DUDU,6/12/2023,7,30,11,0,1,0,0,0,0,0,0,,0,0,0,124,6,1.247,0.0064
DUDU-8,DUDU,6/12/2023,8,28,13,0,0,0,0,0,0,0,0,,0,0,0,68,14,1.871,0.0119
DUDU-9,DUDU,6/12/2023,9,43,16,0,0,0,0,0,0,0,0,,0,0,0,112,12,1.803,0.0094
DUDU-10,DUDU,6/12/2023,10,30,17,0,2,0,0,0,0,0,0,,0,0,0,64,6,0.829,0.004
DUDU-11,DUDU,6/12/2023,11,39,28,0,0.5,0,0,0,0,0,0,,0,0,0,104,14,1.724,0.01
DUDU-12,DUDU,6/12/2023,12,30,7,0,4,0,0,0,0,0,0,,0,0,0,92,12,1.857,0.0113
DUDU-13,DUDU,6/12/2023,13,38,32,0,0.1,0,0,2,0,0,0,,0,0,0,136,13,1.514,0.008
DUDU-14,DUDU,6/12/2023,14,47,30,0,0.2,0,0,0,0,0,0,,0,0,0,92,7,2.223,0.0098
DUDU-15,DUDU,6/12/2023,15,27,5,0,0,0,0,0,0,0,0,,0,0,0,132,16,1.355,0.0061
DUDU-16,DUDU,6/12/2023,16,42,18,0,0,0,0,0,0,0,0,,0,0,0,116,14,2.323,0.0186
DUDU-17,DUDU,6/12/2023,17,43,23,0,0,0,0,0,0,0,0,,0,0,0,92,11,1.812,0.0142
DUDU-18,DUDU,6/12/2023,18,23,34,0,0,0,0,0,0,0,0,,0,0,0,136,8,1.213,0.0052
DUDU-19,DUDU,6/12/2023,19,37,22,0,1,0,0,0,0,0,0,,0,0,0,80,8,1.905,0.0115
DUDU-20,DUDU,6/12/2023,20,26,11,0,4,0,0,0,0,0,0,,0,0,0,72,11,2.501,0.0089
DUDU-21,DUDU,6/12/2023,21,41,21,0,1,0,0,2,0,0,0,,0,0,0,124,11,1.59,0.0079
DUDU-22,DUDU,6/12/2023,22,30,13,0,0,0,0,1,0,0,0,,0,0,0,88,10,1.313,0.0066
DUDU-23,DUDU,6/12/2023,23,26,12,0,0,0,0,0,0,0,0,,0,0,0,100,11,0.815,0.004
DUDU-24,DUDU,6/12/2023,24,40,10,0,0,0,0,0,0,0,0,,0,0,0,112,13,1.899,0.008
SUW-1,SUW,6/14/2023,1,39,13,0,1.5,0,0,0,0,0,3,8,0,0,0,112,6,1.483,0.0059
SUW-2,SUW,6/14/2023,2,54,19,0,3,0,0,0,0,0,0,20,0,0,0,128,8,1.564,0.0061
SUW-3,SUW,6/14/2023,3,31,13,0,1,0,0,0,0,0,0,20,0,0,0,120,6,0.549,0.0017
SUW-4,SUW,6/14/2023,4,33,8,0,0,0,0,0,0,0,0,20,0,0,0,124,8,1.317,0.0044
SUW-5,SUW,6/14/2023,5,37,15,0,40,0,0,0,0,0,0,24,0,0,0,132,5,0.729,0.0028
SUW-6,SUW,6/14/2023,6,40,29,0,1,0,0,0,0,0,0,12,0,0,0,122,10,1.331,0.0061
SUW-7,SUW,6/14/2023,7,52,23,0,0,0,0,0,0,0,0,24,0,0,0,116,2,1.106,0.0043
SUW-8,SUW,6/14/2023,8,44,11,0,2,0,0,0,0,0,0,20,0,0,0,132,7,1.136,0.0056
SUW-9,SUW,6/14/2023,9,36,19,0,2,0,0,0,0,0,0,24,0,0,0,82,8,0.649,0.0029
SUW-10,SUW,6/14/2023,10,59,14,0,2,0,0,0,0,0,0,20,0,0,0,144,6,1.357,0.0044
SUW-11,SUW,6/14/2023,11,47,14,0,3,0,0,0,0,0,3,12,0,0,0,118,10,0.852,0.0031
SUW-12,SUW,6/14/2023,12,56,15,0,15,0,0,0,0,0,0,20,0,0,0,96,7,0.759,0.0026
SUW-13,SUW,6/14/2023,13,27,8,0,0,0,0,0,0,0,0,24,0,0,0,156,5,0.603,0.0035
SUW-14,SUW,6/14/2023,14,45,16,0,2,0,0,0,0,0,0,28,0,0,0,148,6,0.841,0.0035
SUW-15,SUW,6/14/2023,15,48,11,0,55,0,0,0,0,0,0,20,0,0,0,140,6,0.791,0.0039
SUW-16,SUW,6/14/2023,16,45,18,0,2,0,0,0,0,0,0,4,0,0,0,76,6,1.533,0.0059
SUW-17,SUW,6/14/2023,17,46,10,0,0,0,0,0,0,0,0,20,0,0,0,120,9,1.229,0.005
SUW-18,SUW,6/14/2023,18,38,26,0,0,0,0,0,0,0,0,12,0,0,0,48,6,1.17,0.0042
SUW-19,SUW,6/14/2023,19,47,13,0,0,0,0,0,0,0,0,28,0,0,0,108,4,1.528,0.007
SUW-20,SUW,6/14/2023,20,50,16,0,0,0,0,0,0,0,0,12,0,0,0,112,3,0.847,0.0021
SHE-1,SHE,6/29/2023,1,25,9,15,10,0,0,0,0,0,0,4,0,0,0,128,8,2.12,0.0128
SHE-2,SHE,6/29/2023,2,13,6,15,10,0,0,0,0,0,0,4,0,0,0,116,2,0.703,0.0045
SHE-3,SHE,6/29/2023,3,15,7,9,6,0,0,0,0,0,1,4,0,0,0,148,5,0.683,0.0036
SHE-4,SHE,6/29/2023,4,17,8,3,1,0,0,0,0,0,0,8,0,0,0,152,8,1.425,0.0073
SHE-5,SHE,6/29/2023,5,17,6,7,12,0,1,0,0,0,0,20,0,0,0,104,1,1.207,0.0065
SHE-6,SHE,6/29/2023,6,26,9,13,8,0,0,0,0,1,2,12,0,0,0,172,8,1.184,0.0071
SHE-7,SHE,6/29/2023,7,18,8,10,0,0,0,0,0,0,0,4,0,0,0,176,7,1.015,0.0062
SHE-8,SHE,6/29/2023,8,29,8,21,7,0,2,0,0,0,0,4,0,0,0,184,11,0.957,0.0056
SHE-9,SHE,6/29/2023,9,20,3,10,0,0,0,0,0,0,0,12,0,0,0,204,11,1.655,0.007
SHE-10,SHE,6/29/2023,10,36,6,10,1,0,1,0,0,0,0,4,0,0,0,180,6,1.459,0.0084
SHE-11,SHE,6/29/2023,11,18,12,8,1,0,4,0,0,0,0,8,0,0,0,156,7,1.135,0.0064
SHE-12,SHE,6/29/2023,12,19,8,12,9,0,0,0,0,1,0,4,0,0,0,212,4,0.705,0.0042
SHE-13,SHE,6/29/2023,13,32,6,8,0,0,0,0,0,1,0,4,0,0,0,244,9,1.198,0.0068
SHE-14,SHE,6/29/2023,14,17,4,8,2,0,0,0,0,0,0,4,0,0,0,104,4,0.788,0.0043
SHE-15,SHE,6/29/2023,15,33,5,4,6,0,0,0,0,0,0,4,0,0,0,188,6,0.719,0.0041
SHE-16,SHE,6/29/2023,16,24,5,12,0,0,0,0,0,0,0,4,0,0,0,132,6,0.619,0.0023
SHE-17,SHE,6/29/2023,17,38,4,2,1,0,2,0,0,0,0,4,0,0,0,212,10,1.196,0.0077
SHE-18,SHE,6/29/2023,18,17,6,10,6,0,0,0,0,0,0,4,0,0,0,108,6,1.593,0.0054
SHE-19,SHE,6/29/2023,19,41,5,8,15,0,0,0,0,0,5,4,0,0,0,100,13,0.868,0.0033
SHE-20,SHE,6/29/2023,20,32,3,4,1,0,0,0,0,0,0,4,0,0,0,100,10,1.682,0.0067
SHE-21,SHE,6/29/2023,21,38,5,8,4,0,0,0,0,0,0,12,0,0,0,116,7,0.865,0.0049
SHE-22,SHE,6/29/2023,22,47,5,3,10,0,0,0,0,0,0,4,0,0,0,140,9,0.973,0.005
SHE-23,SHE,6/29/2023,23,53,6,10,14,0,1,0,0,0,0,4,0,0,0,148,10,0.872,0.0058
SHE-24,SHE,6/29/2023,24,46,6,10,20,0,0,0,0,0,0,4,0,0,0,132,8,1.049,0.0052
SHE-25,SHE,6/29/2023,25,23,4,11,1,0,1,0,0,0,0,16,0,0,0,128,3,0.568,0.002
SHE-26,SHE,6/29/2023,26,19,5,14,1,0,0,0,0,0,0,4,0,0,0,184,7,0.969,0.0045
SHE-27,SHE,6/29/2023,27,26,4,15,1,0,0,0,0,0,0,4,0,0,0,196,9,1.029,0.0066
SHE-28,SHE,6/29/2023,28,30,8,3,4,0,0,0,0,0,0,4,0,0,0,164,2,0.978,0.0046
SHE-29,SHE,6/29/2023,29,24,7,5,12,0,1,0,0,0,0,4,0,0,0,172,5,0.917,0.0054
SHE-30,SHE,6/29/2023,30,50,4,6,11,0,0,0,0,0,0,4,0,0,0,112,8,1.75,0.007
KAN-1,KAN,6/27/2023,1,25,5,0.1,8,0,0,0,0,0,0,8,0,0,0,228,,0.846,0.0073
KAN-2,KAN,6/27/2023,2,17,5,0.1,0,0,0,0,0,0,0,8,0,0,0,196,10,1.282,0.0105
KAN-3,KAN,6/27/2023,3,21,4,0,6,0,0,0,0,0,0,4,0,0,0,124,3,1.848,0.0127
KAN-4,KAN,6/27/2023,4,16,5,0,1,0,0,0,0,0,0,12,0,0,0,188,6,0.513,0.0036
KAN-5,KAN,6/27/2023,5,25,6,0,0,0,0,0,0,0,0,4,0,0,0,192,3,0.846,0.0053
KAN-6,KAN,6/27/2023,6,22,6,0,0.1,0,0,0,0,0,0,4,0,0,0,204,5,0.99,0.0079
KAN-7,KAN,6/27/2023,7,26,6,1,0.5,0,0,0,0,1,0,12,0,0,0,152,7,1.792,0.0129
KAN-8,KAN,6/27/2023,8,15,6,0,0,0,0,0,0,0,0,16,0,0,0,248,19,0.928,0.0077
KAN-9,KAN,6/27/2023,9,27,6,0,3,0,0,0,0,0,0,12,0,0,0,308,13,1.341,0.0105
KAN-10,KAN,6/27/2023,10,17,4,0,25,0,0,0,0,0,0,8,0,0,0,180,15,1.718,0.0131
KAN-11,KAN,6/27/2023,11,19,4,0,20,0,0,0,0,0,0,16,0,0,0,208,4,0.813,0.0056
KAN-12,KAN,6/27/2023,12,34,7,0,0,0,0,0,0,0,0,4,0,0,0,148,7,1.486,0.0107
KAN-13,KAN,6/27/2023,13,21,8,0,1,0,0,0,0,0,0,4,0,0,0,184,15,1.12,0.0094
KAN-14,KAN,6/27/2023,14,25,6,0,0,0,0,0,0,0,0,12,0,0,0,140,10,1.543,0.0104
KAN-15,KAN,6/27/2023,15,15,5,0,1,0,0,0,0,0,0,8,0,0,0,172,12,0.867,0.0047
KAN-16,KAN,6/27/2023,16,18,6,0,0,0,0,0,0,0,0,4,0,0,0,,,,
KAN-17,KAN,6/27/2023,17,15,7,0,13,0,0,0,0,0,0,20,0,0,0,140,18,1.024,0.0057
KAN-18,KAN,6/27/2023,18,20,6,0,4,0,0,0,0,0,0,16,0,0,0,144,7,0.547,0.0024
KAN-19,KAN,6/27/2023,19,20,4,0,0,0,0,0,0,0,0,24,0,0,0,156,11,1.05,0.0067
KAN-20,KAN,6/27/2023,20,16,8,0,1,0,0,0,0,0,0,4,0,0,0,248,12,0.941,0.0087
KAN-21,KAN,6/27/2023,21,21,8,4,8,0,0,0,0,0,0,28,0,0,0,196,8,0.835,0.0074
KAN-22,KAN,6/27/2023,22,16,8,0.5,18,0,0,0,0,0,0,24,0,0,0,208,13,0.887,0.0077
KAN-23,KAN,6/27/2023,23,26,6,0.5,10,0,0,0,0,0,0,20,0,0,0,164,9,1.049,0.0077
KAN-24,KAN,6/27/2023,24,30,7,0,5,0,0,0,0,0,0,32,0,0,0,184,17,1.082,0.0089
KAN-25,KAN,6/27/2023,25,22,6,1,1,0,0,0,0,0,0,28,0,0,0,176,13,1.323,0.0101
KAN-26,KAN,6/27/2023,26,26,6,0,1,0,0,0,0,0,0,4,0,0,0,188,17,1.25,0.0097
KAN-27,KAN,6/27/2023,27,19,7,0,0,0,0,0,0,0,0,12,0,0,0,144,11,1.066,0.0083
KAN-28,KAN,6/27/2023,28,17,7,1,0.5,0,0,0,0,0,0,28,0,0,0,196,8,0.621,0.0041
KAN-29,KAN,6/27/2023,29,16,7,0,5,0,0,0,0,0,0,24,0,0,0,158,11,0.776,0.005
KAN-30,KAN,6/27/2023,30,14,8,0,3,0,0,0,0,0,0,20,0,0,0,164,11,0.979,0.0081
TAL-1,TAL,7/6/2023,1,41,6,0,30,0,0,0,0,0,0,8,0,0,0,84,8,2.429,0.0122
TAL-2,TAL,7/6/2023,2,37,9,0,13,0,0,0,0,0,2,12,0,0,0,176,12,1.136,0.0087
TAL-3,TAL,7/6/2023,3,19,20,1,7,0,0,0,0,0,0,16,0,0,0,144,8,1.238,0.0068
TAL-4,TAL,7/6/2023,4,38,9,0,13,0,0,0,0,0,1,12,0,0,0,92,6,1.159,0.0059
TAL-5,TAL,7/6/2023,5,40,9,0,10,0,0,0,0,0,1,12,0,0,0,104,8,1.545,0.0092
TAL-6,TAL,7/6/2023,6,21,8,0,19,0,0,0,0,0,0,8,0,0,0,192,6,0.733,0.0042
TAL-7,TAL,7/6/2023,7,33,6,0,12,0,0,0,0,0,0,16,0,0,0,116,8,1.416,0.0064
TAL-8,TAL,7/6/2023,8,35,10,0,9,0,0,0,0,0,0,12,0,0,0,156,9,0.881,0.0045
TAL-9,TAL,7/6/2023,9,31,6,0,13,0,0,0,0,0,1,12,0,0,0,152,8,1.035,0.006
TAL-10,TAL,7/6/2023,10,39,16,0,10,0,0,0,0,0,0,20,0,0,0,132,7,0.735,0.0036
TAL-11,TAL,7/6/2023,11,34,6,0,16,0,0,0,0,0,1,4,0,0,0,124,7,0.912,0.006
TAL-12,TAL,7/6/2023,12,40,18,0,9,0,0,0,0,0,1,8,0,0,0,172,8,0.838,0.005
TAL-13,TAL,7/6/2023,13,30,6,0,20,0,0,0,0,0,0,20,1,0,0,156,7,0.915,0.0051
TAL-14,TAL,7/6/2023,14,38,8,0,8,0,0,0,0,0,1,12,0,0,0,116,10,1.542,0.0084
TAL-15,TAL,7/6/2023,15,40,8,0,14,0,0,0,0,0,1,16,0,0,0,128,8,1.23,0.0071
TAL-16,TAL,7/6/2023,16,40,8,0,10,0,0,0,0,0,5,16,0,0,0,136,8,0.903,0.0049
TAL-17,TAL,7/6/2023,17,29,11,0,13,0,0,0,0,0,0,16,0,0,0,108,8,1.075,0.0067
TAL-19,TAL,7/6/2023,19,24,6,0,0,0,0,0,0,0,0,28,0,0,0,116,5,1.305,0.0069
TAL-20,TAL,7/6/2023,20,32,10,0,15,0,0,0,0,0,0,12,0,0,0,104,16,1.302,0.0067
TAL-21,TAL,7/6/2023,21,60,22,0,15,0,0,0,1,0,0,4,0,0,0,136,7,1.824,0.0112
TAL-22,TAL,7/6/2023,22,48,21,0,13,0,0,0,1,0,0,4,0,0,0,164,7,1.545,0.0086
TAL-23,TAL,7/6/2023,23,49,19,0,18,0,0,0,0,0,2,4,0,0,0,108,9,1.67,0.0094
OAK-1,OAK,6/27/2023,1,21,4,0,40,0,0,0,0,0,0,4,0,0,0,96,10,0.869,0.0041
OAK-2,OAK,6/27/2023,2,56,5,8,6,0,0,0,0,0,0,4,0,0,0,144,10,1.057,0.0061
OAK-3,OAK,6/27/2023,3,53,6,7,15,0,0,0,0,0,0,4,0,0,0,200,11,0.881,0.005
OAK-4,OAK,6/27/2023,4,38,6,1,0,0,0,0,0,0,0,8,0,0,0,168,16,0.923,0.0071
OAK-5,OAK,6/27/2023,5,51,5,8,0,0,0,0,0,0,0,4,0,0,0,124,13,1.377,0.0074
OAK-6,OAK,6/27/2023,6,43,3,0.1,5,0,0,0,0,0,0,4,0,1,0,144,6,0.991,0.0034
OAK-7,OAK,6/27/2023,7,59,5,1,10,0,0,0,0,0,0,8,0,0,0,136,6,1.403,0.0066
OAK-8,OAK,6/27/2023,8,47,5,2,3,0,0,0,0,0,0,4,0,0,0,168,10,0.722,0.0039
OAK-9,OAK,6/27/2023,9,42,5,1,18,0,0,0,0,0,0,4,0,0,0,184,6,1.054,0.0053
OAK-10,OAK,6/27/2023,10,44,5,0,0,0,0,0,0,0,0,4,0,0,0,128,9,1.522,0.0068
OAK-11,OAK,6/27/2023,11,39,4,10,25,0,0,0,0,0,0,4,0,0,0,172,8,0.679,0.0035
OAK-12,OAK,6/27/2023,12,44,5,6,0,0,0,0,0,0,0,8,0,0,0,140,11,0.764,0.0039
OAK-13,OAK,6/27/2023,13,49,5,7,2,0,0,0,0,0,0,8,0,0,0,148,9,1.822,0.01
OAK-14,OAK,6/27/2023,14,51,8,5,7,0,0,0,0,0,0,4,0,0,0,184,15,1.511,0.0128
OAK-15,OAK,6/27/2023,15,60,9,13,16,0,0,0,0,0,0,4,0,0,0,144,10,1.913,0.0114
OAK-16,OAK,6/27/2023,16,42,9,3,3,0,0,0,0,0,0,16,0,0,0,252,11,2.32,0.0182
OAK-17,OAK,6/27/2023,17,44,6,4,10,0,0,0,0,0,0,4,0,0,0,124,5,1.225,0.0064
OAK-18,OAK,6/27/2023,18,48,8,10,11,0,1,0,0,0,0,4,0,0,0,148,10,1.929,0.0115
OAK-19,OAK,6/27/2023,19,55,8,5,3,0,0,0,0,0,0,8,0,0,0,152,13,1.932,0.0094
OAK-20,OAK,6/27/2023,20,59,7,0.1,2,0,0,0,0,0,0,12,0,0,0,172,10,2.286,0.0136
OAK-21,OAK,6/27/2023,21,49,7,0.5,20,0,0,0,0,0,0,4,0,0,0,196,11,1.161,0.007
OAK-22,OAK,6/27/2023,22,52,7,5,4,0,0,0,0,0,0,4,0,0,0,136,18,1.354,0.0064
OAK-23,OAK,6/27/2023,23,62,5,5,10,0,1,0,0,0,0,4,0,0,0,168,12,1.745,0.0096
OAK-24,OAK,6/27/2023,24,44,5,10,4,0,0,0,0,0,0,12,0,0,0,168,14,1.475,0.0076
OAK-25,OAK,6/27/2023,25,53,6,5,6,0,0,0,0,0,0,4,0,0,0,144,18,0.819,0.004
OAK-26,OAK,6/27/2023,26,59,7,10,3,0,1,0,0,0,0,12,0,0,0,168,12,0.72,0.0043
OAK-27,OAK,6/27/2023,27,56,6,8,6,0,0,0,0,0,0,4,0,0,0,208,11,1.435,0.0083
OAK-28,OAK,6/27/2023,28,46,7,6,2,0,0,0,0,0,0,4,0,0,0,188,14,1.081,0.0063
OAK-29,OAK,6/27/2023,29,50,8,0.5,0,0,0,0,0,0,0,12,0,0,0,168,14,1.435,0.0084
OAK-30,OAK,6/27/2023,30,53,8,5,2,0,0,0,0,0,0,8,0,0,0,152,9,0.996,0.0049
PLA-1,PLA,6/26/2023,1,34,5,25,3,0,0,0,0,0,0,20,0,0,0,144,8,0.525,0.0024
PLA-2,PLA,6/26/2023,2,26,7,10,0,0,0,0,0,0,0,20,0,0,0,104,5,1.459,0.0077
PLA-3,PLA,6/26/2023,3,40,4,5,0,0,0,0,0,0,1,16,0,0,0,124,8,1.143,0.0062
PLA-4,PLA,6/26/2023,4,39,6,15,25,0,0,0,0,0,1,8,0,0,0,168,14,1.412,0.0084
PLA-5,PLA,6/26/2023,5,49,7,9,0.5,0,1,0,0,0,0,12,0,0,0,152,6,1.482,0.01
PLA-6,PLA,6/26/2023,6,27,6,7,0,0,2,0,0,0,0,24,0,0,0,112,4,1.099,0.0065
PLA-7,PLA,6/26/2023,7,29,8,25,2,0,0,0,0,0,0,4,0,0,0,154,13,0.887,0.0059
PLA-8,PLA,6/26/2023,8,32,6,2,5,0,0,0,0,0,0,12,0,0,0,188,9,1.148,0.0074
PLA-9,PLA,6/26/2023,9,42,5,0,5,0,0,0,0,0,0,20,0,0,0,152,7,1.041,0.0057
PLA-10,PLA,6/26/2023,10,41,9,2,4,0,0,0,0,0,0,8,0,0,0,144,9,0.839,0.0048
PLA-11,PLA,6/26/2023,11,40,6,13,0,0,0,0,0,0,0,16,0,0,0,164,14,0.897,0.0046
PLA-12,PLA,6/26/2023,12,21,7,5,5,0,0,0,0,0,0,8,0,0,0,48,9,0.649,0.0032
PLA-13,PLA,6/26/2023,13,34,9,0.5,0,0,0,0,0,0,1,20,0,0,0,124,15,1.168,0.0056
PLA-14,PLA,6/26/2023,14,27,6,0,0,0,0,0,0,0,0,8,0,0,0,116,16,1.059,0.0066
PLA-15,PLA,6/26/2023,15,54,6,7,0,0,1,0,0,0,1,28,0,0,0,148,8,1.378,0.0083
PLA-16,PLA,6/26/2023,16,45,6,7,1,0,0,0,0,0,0,4,0,0,0,168,13,1.789,0.0116
PLA-17,PLA,6/26/2023,17,27,3,0.1,0,0,0,0,0,0,0,4,0,0,0,96,5,1.084,0.0046
PLA-18,PLA,6/26/2023,18,41,7,2,4,0,0,0,0,0,0,8,0,0,0,124,12,1.23,0.0082
PLA-19,PLA,6/26/2023,19,37,5,6,0,0,0,0,0,0,0,16,0,0,0,136,17,1.391,0.0093
PLA-20,PLA,6/26/2023,20,40,5,11,0,0,0,0,0,0,0,4,0,0,0,148,14,1.128,0.0066
PLA-21,PLA,6/26/2023,21,36,4,10,10,0,0,0,0,0,0,8,0,0,0,72,9,0.966,0.0071
PLA-22,PLA,6/26/2023,22,47,7,10,0,0,0,0,0,0,0,12,0,0,0,132,8,1.162,0.0078
PLA-23,PLA,6/26/2023,23,33,5,1,0.5,0,0,0,0,0,1,4,0,0,0,104,11,1.06,0.0072
PLA-24,PLA,6/26/2023,24,35,6,10,1,0,0,0,0,0,0,12,0,0,0,144,8,1.157,0.0073
PLA-25,PLA,6/26/2023,25,37,6,20,0,0,0,0,0,0,0,8,0,0,0,112,10,0.879,0.0061
PLA-26,PLA,6/26/2023,26,33,6,4,1,0,0,0,0,0,0,4,0,0,0,132,15,1.448,0.009
PLA-27,PLA,6/26/2023,27,41,8,12,0,0,0,0,0,0,0,16,0,0,0,148,10,1.253,0.0092
PLA-28,PLA,6/26/2023,28,52,6,14,0,0,0,0,0,0,0,20,0,0,0,140,12,1.13,0.0073
PLA-29,PLA,6/26/2023,29,41,5,10,6,0,0,0,0,0,0,8,0,1,0,134,10,1.506,0.0097
PLA-30,PLA,6/26/2023,30,40,6,10,5,0,0,0,0,0,0,24,0,0,0,96,7,1.189,0.0061
BEC-1,BEC,6/25/2023,1,43,4,0,10,0,0,0,0,0,0,4,0,0,0,144,18,0.774,0.0045
BEC-2,BEC,6/25/2023,2,36,6,20,9,0,1,0,0,0,0,8,0,0,0,224,4,1.364,0.009
BEC-3,BEC,6/25/2023,3,31,4,2,0.3,0,0,0,0,0,0,12,0,0,0,172,4,1.182,0.0071
BEC-4,BEC,6/25/2023,4,82,6,2,1,0,1,0,0,0,0,4,0,0,0,156,6,1.133,0.0066
BEC-5,BEC,6/25/2023,5,29,6,30,20,0,0,0,0,0,0,4,0,0,0,164,11,0.748,0.0046
BEC-6,BEC,6/25/2023,6,44,6,20,0.5,0,0,0,0,0,1,8,0,0,0,188,5,1.076,0.0071
BEC-7,BEC,6/25/2023,7,31,7,5,3,0,0,0,0,0,0,4,0,0,0,192,12,0.749,0.0048
BEC-8,BEC,6/25/2023,8,40,5,4,2,0,0,0,0,0,0,12,0,0,0,208,12,0.846,0.0062
BEC-9,BEC,6/25/2023,9,46,8,4,0,0,1,0,0,0,0,12,0,0,0,204,5,0.82,0.0062
BEC-10,BEC,6/25/2023,10,42,7,5,1,0,0,0,0,0,0,4,0,0,0,176,5,0.778,0.0055
BEC-11,BEC,6/25/2023,11,46,6,4,10,0,4,0,0,0,0,12,0,0,0,152,9,1.2,0.0055
BEC-12,BEC,6/25/2023,12,51,7,5,20,0,0,0,0,0,2,4,0,0,0,194,7,0.712,0.004
BEC-13,BEC,6/25/2023,13,39,6,3,0,0,0,0,0,0,1,4,0,0,0,200,10,0.947,0.0059
BEC-14,BEC,6/25/2023,14,45,8,13,30,0,0,0,0,0,0,4,0,0,0,168,7,0.717,0.0033
BEC-15,BEC,6/25/2023,15,29,3,0,30,0,0,0,0,0,0,4,0,0,0,152,13,0.654,0.0029
BEC-16,BEC,6/25/2023,16,57,6,0,15,0,0,0,0,0,1,4,0,0,0,176,10,1.591,0.0112
BEC-17,BEC,6/25/2023,17,37,4,0,30,0,0,0,0,0,0,4,0,0,0,144,2,0.75,0.0035
BEC-18,BEC,6/25/2023,18,42,8,9,10,0,0,0,0,0,0,8,0,0,0,136,9,1.322,0.0084
BEC-19,BEC,6/25/2023,19,40,5,0,12,0,0,0,0,0,0,4,0,0,0,96,5,0.606,0.0026
BEC-20,BEC,6/25/2023,20,54,6,12,14,0,0,0,0,0,0,4,0,0,0,124,10,1.421,0.0088
BEC-21,BEC,6/25/2023,21,56,7,10,5,0,1,0,0,0,0,8,0,0,0,140,12,1.083,0.008
BEC-22,BEC,6/25/2023,22,46,4,4,10,0,0,0,0,0,0,4,0,0,0,148,9,1.929,0.0099
BEC-23,BEC,6/25/2023,23,41,7,11,6,0,1,0,0,0,0,12,0,0,0,192,5,0.531,0.0029
BEC-24,BEC,6/25/2023,24,35,5,9,10,0,0,0,0,0,0,12,0,0,0,176,6,0.778,0.0059
BEC-25,BEC,6/25/2023,25,40,7,12,2,0,0,0,0,0,0,20,0,0,0,128,2,0.798,0.0058
BEC-26,BEC,6/25/2023,26,38,6,20,3,0,0,0,0,0,0,8,0,0,0,72,7,0.69,0.005
BEC-27,BEC,6/25/2023,27,31,7,18,12,0,0,0,0,0,0,4,0,0,0,152,3,1.106,0.0067
BEC-28,BEC,6/25/2023,28,34,12,8,10,0,2,0,0,0,0,12,0,0,0,172,2,0.924,0.0054
BEC-29,BEC,6/25/2023,29,27,4,5,10,0,0,0,0,0,0,12,0,0,0,112,5,1.215,0.0066
BEC-30,BEC,6/25/2023,30,38,9,20,16,0,4,0,0,0,0,8,0,0,0,124,5,1.537,0.0088
REF-1,REF,6/23/2023,1,52,31,0,0.1,0,0,0,0,0,0,8,0,0,3,72,9,3.514,0.0098
REF-2,REF,6/23/2023,2,37,7,0,2,0,0,0,0,0,0,8,0,0,0,68,11,1.974,0.0052
REF-3,REF,6/23/2023,3,42,5,0,8,0,0,0,0,0,0,4,0,0,0,60,7,2.478,0.0096
REF-4,REF,6/23/2023,4,62,10,0,5,0,0,0,0,0,0,8,0,0,1,82,7,2.411,0.0078
REF-5,REF,6/23/2023,5,46,15,0,2,0,0,0,0,0,0,24,0,0,0,88,9,1.748,0.0061
REF-6,REF,6/23/2023,6,47,10,0,2,0,0,0,0,0,0,4,0,0,0,52,9,2.173,0.0081
REF-7,REF,6/23/2023,7,40,13,0,12,0,0,0,0,0,0,8,0,0,0,68,7,1.152,0.0038
REF-8,REF,6/23/2023,8,36,13,0,3,0,0,0,0,0,0,16,0,0,0,188,7,1.883,0.0067
REF-9,REF,6/23/2023,9,39,6,0,6.5,0,0,0,0,0,0,4,0,0,0,64,8,2.537,0.007
REF-10,REF,6/23/2023,10,67,11,0,10,0,0,0,0,0,0,8,0,0,0,96,9,1.99,0.007
REF-11,REF,6/23/2023,11,34,8,0.1,1.5,0,0,0,0,0,0,28,0,0,1,116,9,2.353,0.009
REF-12,REF,6/23/2023,12,52,5,0.1,1,0,0,0,0,0,0,16,0,0,0,144,5,1.321,0.0051
REF-13,REF,6/23/2023,13,66,15,0.1,2,0,0,0,0,0,0,8,0,0,0,116,7,2.01,0.0072
REF-14,REF,6/23/2023,14,35,13,0.5,5,0,0,0,0,0,0,12,0,0,0,108,5,1.275,0.0045
REF-15,REF,6/23/2023,15,51,6,1,4,0,0,0,0,0,0,12,0,0,0,128,6,1.557,0.0065
REF-16,REF,6/23/2023,16,70,7,0,1,0,0,0,0,0,0,8,0,0,0,132,6,1.768,0.0069
REF-17,REF,6/23/2023,17,55,9,0,9,0,0,0,0,0,0,8,0,0,0,108,8,1.788,0.0065
REF-18,REF,6/23/2023,18,62,14,0,5,0,0,0,0,0,0,8,0,0,1,116,4,1.289,0.005
REF-19,REF,6/23/2023,19,45,9,0,5,0,0,0,0,0,0,16,0,0,0,124,9,2.89,0.0115
REF-20,REF,6/23/2023,20,53,11,0.1,2,0,0,0,0,0,0,12,0,0,1,144,5,2.081,0.0074
REF-21,REF,6/23/2023,21,54,10,0.2,4,0,0,0,0,0,0,12,0,0,0,172,7,1.301,0.0041
REF-22,REF,6/23/2023,22,30,6,0,9,0,0,0,0,0,0,16,0,0,0,108,5,1.132,0.0028
REF-23,REF,6/23/2023,23,44,8,0,18,0,0,0,0,0,0,8,0,0,0,144,8,2.163,0.0089
REF-24,REF,6/23/2023,24,39,10,0,0,0,0,0,0,0,0,8,0,0,0,192,5,1.182,0.004
REF-25,REF,6/23/2023,25,40,8,0,5,0,0,0,0,0,0,4,0,0,0,116,6,1.749,0.0062
REF-26,REF,6/23/2023,26,45,7,0,4,0,0,0,0,0,0,8,0,0,1,112,9,1.359,0.0049
REF-27,REF,6/23/2023,27,63,8,0,3,0,0,0,0,0,0,4,0,0,0,120,6,2.237,0.0073
REF-28,REF,6/23/2023,28,23,12,0,10,0,0,0,0,0,1,12,0,0,0,144,7,2.102,0.0077
REF-29,REF,6/23/2023,29,60,16,0,5,0,0,0,0,0,0,4,0,0,0,132,5,1.763,0.0066
REF-30,REF,6/23/2023,30,43,17,0,8,0,0,0,0,0,0,8,0,0,0,148,6,2.785,0.0107
GRE-1,GRE,6/22/2023,1,47,8,8,40,0,0,0,0,0,0,12,0,0,0,96,6,1.424,0.0064
GRE-2,GRE,6/22/2023,2,40,5,3,10,0,1,0,0,0,0,16,0,0,0,156,6,1.076,0.0041
GRE-3,GRE,6/22/2023,3,60,10,18,16,0,0,0,0,0,0,16,0,0,0,152,4,1.271,0.0064
GRE-4,GRE,6/22/2023,4,44,7,24,6,0,0,0,0,0,2,4,0,0,0,128,10,0.516,0.0023
GRE-5,GRE,6/22/2023,5,57,7,20,3,0,3,0,2,0,0,4,0,0,0,76,8,1.206,0.0053
GRE-6,GRE,6/22/2023,6,56,9,32,8,0,4,0,0,0,0,8,0,0,0,132,6,0.737,0.0037
GRE-7,GRE,6/22/2023,7,51,8,18,1,0,1,0,0,0,0,8,0,0,0,76,5,0.798,0.0039
GRE-8,GRE,6/22/2023,8,57,9,27,14,0,3,0,0,0,1,4,0,0,0,100,0,0.742,0.0038
GRE-9,GRE,6/22/2023,9,54,6,13,3,0,1,0,0,0,0,8,0,0,0,136,1,1.448,0.0064
GRE-10,GRE,6/22/2023,10,61,5,9,4,0,0,0,0,0,0,10,0,0,0,144,4,0.593,0.0022
GRE-11,GRE,6/22/2023,11,57,10,10,14,0,2,0,0,0,0,16,0,0,0,108,6,1.132,0.0089
GRE-12,GRE,6/22/2023,12,66,8,9,20,0,0,0,0,0,0,8,0,0,0,128,6,0.72,0.004
GRE-13,GRE,6/22/2023,13,33,12,4,20,0,1,0,0,0,0,8,0,0,0,124,4,0.636,0.0031
GRE-14,GRE,6/22/2023,14,20,6,6,10,0,0,0,0,0,0,8,0,0,0,104,1,0.651,0.0024
GRE-15,GRE,6/22/2023,15,31,5,11,2,0,4,0,0,0,0,4,0,0,0,148,5,1.264,0.0059
GRE-16,GRE,6/22/2023,16,35,4,14,8,0,0,0,0,0,0,4,0,0,0,132,5,1.024,0.0054
GRE-17,GRE,6/22/2023,17,47,9,15,20,0,0,0,0,0,0,4,0,0,0,112,7,1.012,0.0053
GRE-18,GRE,6/22/2023,18,31,7,7,9,0,0,0,0,0,0,8,0,0,0,168,8,0.802,0.0041
GRE-19,GRE,6/22/2023,19,45,9,10,21,0,0,0,0,0,0,8,0,0,0,120,5,1.277,0.0078
GRE-20,GRE,6/22/2023,20,56,7,13,18,0,3,0,0,0,0,4,0,0,0,88,4,1.113,0.0049
GRE-21,GRE,6/22/2023,21,34,7,9,1,0,1,0,0,0,0,8,0,0,0,84,5,1.952,0.0069
GRE-22,GRE,6/22/2023,22,34,7,10,4,0,0,0,0,0,0,4,0,0,0,104,7,1.061,0.0058
GRE-23,GRE,6/22/2023,23,50,16,4,8,0,4,0,0,0,0,4,0,0,0,96,7,0.904,0.0043
GRE-24,GRE,6/22/2023,24,41,10,9,12,0,2,0,0,0,0,4,0,0,0,192,9,1.192,0.007
GRE-25,GRE,6/22/2023,25,26,7,12,6,0,0,0,0,0,0,4,0,0,0,124,9,1.05,0.0054
GRE-26,GRE,6/22/2023,26,41,7,12,10,0,1,0,0,0,0,4,0,0,0,112,3,1.201,0.0063
GRE-27,GRE,6/22/2023,27,42,4,10,20,0,1,0,0,0,0,4,0,0,0,132,7,0.774,0.0033
GRE-28,GRE,6/22/2023,28,22,6,10,9,0,0,0,0,0,0,4,0,0,0,88,4,0.798,0.0033
GRE-29,GRE,6/22/2023,29,50,8,11,10,0,0,0,0,0,0,4,0,0,0,76,8,1.465,0.0065
GRE-30,GRE,6/22/2023,30,42,6,6,18,0,0,0,0,0,0,4,0,0,,204,5,0.686,0.0036
