Plant_ID,Date,Survey,Height,stems,leaves,phen,buds,fl_h,fl_m,fruit,Chewing,Sucking,herb.sp1,herb.n1,herb.sp2,herb.n2,herb.sp3,herb.n3
PS-1A,5/15/23,1,13,1,6,bud,3,,,,,,,,,,,
PS-1B,5/15/23,1,8,1,5,veg,0,,,,,,,,,,,
PS-1C,5/15/23,1,11,1,6,veg,,,,,,,,,,,,
PS-2A,5/15/23,1,9,1,4,veg,,,,,,,,,,,,
PS-2B,5/15/23,1,14,1,7,veg,0,,,,,,,,,,,
PS-2C,5/15/23,1,6,2,6,veg,,,,,,,,,,,,
PS-2E,5/15/23,1,9,1,4,veg,,,,,,,,,,,,
PS-2F,5/15/23,1,8,3,12,veg,0,,,,,,,,,,,
PS-2G,5/15/23,1,14,1,6,veg,0,,,,,,,,,,,
PS-3E,5/15/23,1,7,3,12,veg,0,,,,,,,,,,,
PS-3F,5/15/23,1,10,2,9,veg,,,,,,,,,,,,
PS-4A,5/15/23,1,11,3,12,veg,0,,,,,,,,,,,
PS-4B,5/15/23,1,11,2,11,veg,0,,,,,,,,,,,
PS-4C,5/15/23,1,7,2,7,veg,,,,,,,,,,,,
PS-4D,5/15/23,1,5,1,7,veg,0,,,,,,,,,,,
PS-4E,5/15/23,1,9,1,6,veg,0,,,,,,,,,,,
PS-5B,5/15/23,1,13,2,14,veg,0,,,,,,,,,,,
PS-5C,5/15/23,1,10,1,5,veg,,,,,,,,,,,,
PS-5E,5/15/23,1,11,3,13,veg,0,,,,,,,,,,,
DUDU-1A,5/15/23,1,18,6,24,veg,0,,,,,,,,,,,
DUDU-1C,5/15/23,1,3,1,4,veg,0,,,,,,,,,,,
DUDU-3A,5/15/23,1,7,2,9,veg,0,,,,,,,,,,,
DUDU-3C,5/15/23,1,14,4,22,veg,0,,,,,,,,,,,
DUDU-3D,5/15/23,1,3,1,4,veg,0,,,,,,,,,,,
DUDU-5A,5/15/23,1,9,7,28,veg,0,,,,,,,,,,,
DUDU-5B,5/15/23,1,15,2,13,veg,0,,,,,,,,,,,
DUDU-7A,,1,3,1,11,veg,0,,,,,,,,,,,
DUDU-7B,,1,3,1,6,veg,0,,,,,,,,,,,
DUDU-7C,,1,2,1,5,veg,0,,,,,,,,,,,
DUDU-7D,,1,4,1,8,veg,0,,,,,,,,,,,
DUDU-7E,,1,3,2,8,veg,0,,,,,,,,,,,
BR-1A,5/15/23,1,5,5,11,veg,0,,,,,,,,,,,
BR-1E,5/15/23,1,8,1,5,veg,0,,,,,,,,,,,
BR-1H,5/15/23,1,6,2,11,veg,0,,,,,,,,,,,
BR-1J,5/15/23,1,13,6,20,veg,0,,,,,,,,,,,
ECO-1A,5/15/23,1,16,3,17,bud,6,,,,,,,,,,,
ECO-1B,5/15/23,1,19,5,27,bud,9,,,,,,,,,,,
ECO-2A,5/15/23,1,11,2,9,veg,0,,,,,,,,,,,
ECO-2B,5/15/23,1,13,3,16,veg,0,,,,,,,,,,,
ECO-3A,5/15/23,1,19,4,26,bud,10,,,,,,,,,,,
ECO-3B,5/15/23,1,15,3,20,bud,5,,,,,,,,,,,
ECO-5A,5/15/23,1,17,4,20,bud,3,,,,,,,,,,,
ECO-5B,5/15/23,1,16,4,21,bud,5,,,,,,,,,,,
ECO-6B,5/15/23,1,10,2,11,veg,0,,,,,,,,,,,
ICH-1A,5/15/23,1,14,1,6,veg,0,,,,,,,,,,,
ICH-1B,5/15/23,1,16,3,16,veg,0,,,,,,,,,,,
ICH-3A,5/15/23,1,12,3,15,veg,0,,,,,,,,,,,
ICH-5A,5/15/23,1,12,3,12,veg,0,,,,,,,,,,,
ICH-6A,5/15/23,1,12,1,5,veg,0,,,,,,,,,,,
FLAT-1A,5/15/23,1,16,3,14,veg,0,,,,,,,,,,,
FLAT-1B,5/15/23,1,4,2,4,veg,0,,,,,,,,,,,
FLAT-3A,5/15/23,1,7,2,7,veg,0,,,,,,,,,,,
FLAT-4B,5/15/23,1,17,2,11,veg,0,,,,,,,,,,,
FLAT-5A,5/15/23,1,13,2,10,veg,0,,,,,,,,,,,
FLAT-6B,5/15/23,1,16,2,8,veg,0,,,,,,,,,,,
ARB-7A,5/15/23,1,14,1,5,veg,0,,,,,,,,,,,
ARB-7B,5/15/23,1,19,3,15,bud,5,,,,,,,,,,,
ARB-7C,5/15/23,1,19,3,13,veg,0,,,,,,,,,,,
ARB-7D,5/15/23,1,9,1,3,veg,0,,,,,,,,,,,
ARB-7E,5/15/23,1,17,2,10,veg,0,,,,,,,,,,,
ARB-7F,5/15/23,1,17,3,15,veg,0,,,,,,,,,,,
ARB-8A,5/15/23,1,4,1,4,veg,0,,,,,,,,,,,
ARB-8B,5/15/23,1,7,1,5,veg,0,,,,,,,,,,,
ARB-8C,5/15/23,1,16,2,13,veg,0,,,,,,,,,,,
ARB-12A,5/15/23,1,10,4,15,veg,0,,,,,,,,,,,
ARB-15B,5/15/23,1,10,3,13,veg,0,,,,,,,,,,,
ARB-15C,5/15/23,1,15,2,11,veg,0,,,,,,,,,,,
CAH-5A,5/15/23,1,12,5,19,veg,0,,,,,,,,,,,
CAH-5B,5/15/23,1,15,4,25,veg,0,,,,,,,,,,,
CAH-5C,5/15/23,1,12,2,10,veg,0,,,,,,,,,,,
CAH-8A,5/15/23,1,15,4,18,veg,0,,,,,,,,,,,
CAH-8B,5/15/23,1,12,3,18,veg,0,,,,,,,,,,,
CAH-8C,5/15/23,1,12,4,21,veg,0,,,,,,,,,,,
CAH-8E,5/15/23,1,13,5,20,veg,0,,,,,,,,,,,
CAH-9A,5/15/23,1,13,2,13,veg,0,,,,,,,,,,,
CAH-11B,5/15/23,1,4,1,4,veg,,,,,,,,,,,,
CAH-12B,5/15/23,1,13,6,25,veg,0,,,,,,,,,,,
CAH-12C,5/15/23,1,18,4,29,bud,10,,,,,,,,,,,
CAH-14A,5/15/23,1,7,3,14,veg,0,,,,,,,,,,,
CAH-14B,5/15/23,1,13,5,22,veg,0,,,,,,,,,,,
MOR-1A,,1,6,1,6,veg,,,,,,,,,,,,
MOR-1B,5/15/23,1,7,1,4,veg,0,,,,,,,,,,,
MOR-1C,5/15/23,1,13,1,6,veg,0,,,,,,,,,,,
MOR-1D,5/15/23,1,7,2,4,veg,0,,,,,,,,,,,
MOR-2A,5/15/23,1,5,1,5,veg,0,,,,,,,,,,,
MOR-2B,5/15/23,1,10,1,4,veg,0,,,,,,,,,,,
MOR-4A,5/15/23,1,4,1,5,veg,,,,,,,,,,,,
MOR-4C,5/15/23,1,8,1,4,veg,0,,,,,,,,,,,
MOR-4D,5/15/23,1,8,1,5,veg,0,,,,,,,,,,,
MOR-4E,5/15/23,1,7,1,4,veg,0,,,,,,,,,,,
MOR-4F,5/15/23,1,10,1,4,veg,0,,,,,,,,,,,
MOR-6A,5/15/23,1,14,1,6,veg,0,,,,,,,,,,,
MOR-6C,5/15/23,1,7,1,5,veg,0,,,,,,,,,,,
MOR-6D,5/15/23,1,11,2,10,veg,0,,,,,,,,,,,
MOR-6G,5/15/23,1,5,1,4,veg,,,,,,,,,,,,
MOR-8A,5/15/23,1,4,1,2,veg,,,,,,,,,,,,
MOR-8B,,1,2,1,4,veg,,,,,,,,,,,,
REF-1B,5/15/23,1,11,1,6,veg,0,,,,,,,,,,,
REF-1C,5/15/23,1,11,1,5,veg,0,,,,,,,,,,,
REF-1G,5/15/23,1,9,1,5,veg,0,,,,,,,,,,,
REF-1H,5/15/23,1,6,1,3,veg,,,,,,,,,,,,
REF-2A,5/15/23,1,9,2,10,veg,,,,,,,,,,,,
REF-4B,5/15/23,1,5,2,10,veg,,,,,,,,,,,,
REF-5A,5/15/23,1,14,1,7,veg,0,,,,,,,,,,,
REF-5B,5/15/23,1,9,1,4,veg,0,,,,,,,,,,,
REF-5C,5/15/23,1,9,1,5,veg,0,,,,,,,,,,,
REF-5D,5/15/23,1,12,1,6,veg,0,,,,,,,,,,,
REF-5F,5/15/23,1,8,1,6,veg,0,,,,,,,,,,,
REF-6A,5/15/23,1,6,1,5,veg,0,,,,,,,,,,,
REF-6C,5/15/23,1,7,1,5,veg,0,,,,,,,,,,,
REF-6D,5/15/23,1,6,2,12,veg,0,,,,,,,,,,,
REF-6E,5/15/23,1,3,2,10,veg,,,,,,,,,,,,
REF-6J,,1,9,1,5,veg,,,,,,,,,,,,
REF-7B,5/15/23,1,7,1,6,veg,0,,,,,,,,,,,
REF-7C,5/15/23,1,6,2,9,veg,,,,,,,,,,,,
HIX-1C,,1,1,1,3,veg,0,,,,,,,,,,,
HIX-1D,5/15/23,1,8,1,5,veg,0,,,,,,,,,,,
HIX-1E,5/15/23,1,6,1,6,veg,0,,,,,,,,,,,
HIX-1G,5/15/23,1,6,2,10,veg,0,,,,,,,,,,,
HIX-3E,5/15/23,1,8,1,6,veg,0,,,,,,,,,,,
HIX-4C,5/15/23,1,10,2,7,veg,0,,,,,,,,,,,
HIX-4D,5/15/23,1,8,2,4,veg,0,,,,,,,,,,,
I1-3B,,1,5,2,8,veg,0,,,,,,,,,,,
I1-4B,5/15/23,1,10,3,10,veg,0,,,,,,,,,,,
I1-5A,5/15/23,1,18,3,14,veg,0,,,,,,,,,,,
I1-5B,,1,2,2,7,veg,0,,,,,,,,,,,
I1-6A,5/15/23,1,13,2,10,veg,0,,,,,,,,,,,
I2-1A,5/15/23,1,12,1,5,veg,0,,,,,,,,,,,
I2-1B,,1,7,1,6,veg,0,,,,,,,,,,,
I2-2A,5/15/23,1,16,4,21,bud,5,,,,,,,,,,,
I2-5B,5/15/23,1,13,1,6,veg,0,,,,,,,,,,,
I2-7B,5/15/23,1,10,4,14,veg,0,,,,,,,,,,,
I3-2C,5/15/23,1,14,1,6,veg,,,,,,,,,,,,
I3-3C,5/15/23,1,15,4,16,veg,0,,,,,,,,,,,
I3-4A,5/15/23,1,9,3,12,veg,0,,,,,,,,,,,
I3-4B,5/15/23,1,12,5,20,bud,5,,,,,,,,,,,
I3-5C,5/15/23,1,15,1,5,veg,0,,,,,,,,,,,
I3-6C,5/15/23,1,9,2,6,veg,0,,,,,,,,,,,
I3-6D,5/15/23,1,5,2,10,veg,0,,,,,,,,,,,
I4-3B,5/15/23,1,13,1,8,veg,,,,,,,,,,,,
N1-1A,5/15/23,1,5,1,4,veg,,,,,,,,,,,,
N1-5A,5/15/23,1,11,2,12,bud,1,,,,,,,,,,,
N1-6A,5/15/23,1,4,2,8,veg,,,,,,,,,,,,
N2-4A,5/15/23,1,13,2,12,veg,0,,,,,,,,,,,
N2-5A,5/15/23,1,4,1,4,veg,0,,,,,,,,,,,
N2-5B,5/15/23,1,7,2,7,veg,0,,,,,,,,,,,
N2-5C,5/15/23,1,9,1,4,veg,0,,,,,,,,,,,
N2-5D,5/15/23,1,10,2,9,veg,0,,,,,,,,,,,
N2-5E,5/15/23,1,14,1,6,veg,0,,,,,,,,,,,
N2-6A,5/15/23,1,7,1,6,veg,0,,,,,,,,,,,
N2-6B,5/15/23,1,10,1,6,veg,0,,,,,,,,,,,
N7B-4A,5/15/23,1,7,1,5,veg,0,,,,,,,,,,,
N7B-4F,5/15/23,1,6,3,13,veg,0,,,,,,,,,,,
N5-1D,5/15/23,1,5,1,3,veg,,,,,,,,,,,,
N5-3A,5/15/23,1,9,2,10,veg,,,,,,,,,,,,
N5-3D,5/15/23,1,15,2,10,bud,11,,,,,,,,,,,
N5-3E,5/15/23,1,12,4,17,veg,0,,,,,,,,,,,
N5-3F,5/15/23,1,11,2,6,veg,0,,,,,,,,,,,
N5-3G,5/15/23,1,7,3,11,veg,0,,,,,,,,,,,
N5-3H,5/15/23,1,2,1,3,veg,,,,,,,,,,,,
N5-4C,5/15/23,1,7,3,9,veg,,,,,,,,,,,,
N5-4D,5/15/23,1,8,1,5,bud,3,,,,,,,,,,,
N5-4E,5/15/23,1,11,3,13,veg,0,,,,,,,,,,,
N5-4F,5/15/23,1,12,1,6,veg,0,,,,,,,,,,,
N5-4G,5/15/23,1,11,1,6,bud,3,,,,,,,,,,,
N5-5B,5/15/23,1,14,1,7,veg,0,,,,,,,,,,,
N5-5E,5/15/23,1,12,1,7,veg,0,,,,,,,,,,,
N5-5F,5/15/23,1,7,2,7,veg,0,,,,,,,,,,,
N5-6A,5/15/23,1,9,2,8,veg,0,,,,,,,,,,,
N8-5A,5/15/23,1,5,3,13,veg,,,,,,,,,,,,
UWM-2B,,1,4,1,7,veg,,,,,,,,,,,,
UWM-3C,5/15/23,1,5,1,5,veg,,,,,,,,,,,,
PS-1A,5/25/23,2,,,,,16,,,,,,,,,,,
PS-1B,5/25/23,2,,,,,5,,,,,,,,,,,
PS-1C,5/25/23,2,,,,,,,,,,,,,,,,
PS-2A,5/25/23,2,,,,,,,,,,,,,,,,
PS-2B,5/25/23,2,,,,,8,,,,,,,,,,,
PS-2C,5/25/23,2,,,,,,,,,,,,,,,,
PS-2E,5/25/23,2,,,,,,,,,,,,,,,,
PS-2F,5/25/23,2,,,,,,,,,,,,,,,,
PS-2G,5/25/23,2,,,,,,,,,,,,,,,,
PS-3E,5/25/23,2,,,,,,,,,,,,,,,,
PS-3F,5/25/23,2,,,,,,,,,,,,,,,,
PS-4A,5/25/23,2,,,,,8,,,,,,,,,,,
PS-4B,5/25/23,2,,,,,31,,,,,,,,,,,
PS-4C,5/25/23,2,,,,,,,,,,,,,,,,
PS-4D,5/25/23,2,,,,,,,,,,,,,,,,
PS-4E,5/25/23,2,,,,,23,,,,,,,,,,,
PS-5B,5/25/23,2,,,,,13,,,,,,,,,,,
PS-5C,5/25/23,2,,,,,,,,,,,,,,,,
PS-5E,5/25/23,2,,,,,,,,,,,,,,,,
DUDU-1A,5/25/23,2,,,,,,,,,,,,,,,,
DUDU-1C,5/25/23,2,,,,,,,,,,,,,,,,
DUDU-3A,5/25/23,2,,,,,,,,,,,,,,,,
DUDU-3C,5/25/23,2,,,,,,,,,,,,,,,,
DUDU-3D,5/25/23,2,,,,,,,,,,,,,,,,
DUDU-5A,5/25/23,2,,,,,,,,,,,,,,,,
DUDU-5B,5/25/23,2,,,,,,,,,,,,,,,,
DUDU-7A,5/25/23,2,,,,,,,,,,,,,,,,
DUDU-7B,5/25/23,2,,,,,,,,,,,,,,,,
DUDU-7C,5/25/23,2,,,,,,,,,,,,,,,,
DUDU-7D,5/25/23,2,,,,,,,,,,,,,,,,
DUDU-7E,5/25/23,2,,,,,,,,,,,,,,,,
BR-1A,5/25/23,2,,,,,,,,,,,,,,,,
BR-1E,5/25/23,2,,,,,,,,,,,,,,,,
BR-1H,5/25/23,2,,,,,,,,,,,,,,,,
BR-1J,5/25/23,2,,,,,,,,,,,,,,,,
ECO-1A,5/25/23,2,,,,,12,,,,,,,,,,,
ECO-1B,5/25/23,2,,,,,35,,3,,,,,,,,,
ECO-2A,5/25/23,2,,,,,,,,,,,,,,,,
ECO-2B,5/25/23,2,,,,,,,,,,,,,,,,
ECO-3A,5/25/23,2,,,,,34,,,,,,,,,,,
ECO-3B,5/25/23,2,,,,,13,,1,,,,,,,,,
ECO-5A,5/25/23,2,,,,,,,,,,,,,,,,
ECO-5B,5/25/23,2,,,,,12,,,,,,,,,,,
ECO-6B,5/25/23,2,,,,,,,,,,,,,,,,
ICH-1A,5/25/23,2,,,,,,,,,,,,,,,,
ICH-1B,5/25/23,2,,,,,,,,,,,,,,,,
ICH-3A,5/25/23,2,,,,,,,,,,,,,,,,
ICH-5A,5/25/23,2,,,,,4,,,,,,,,,,,
ICH-6A,5/25/23,2,,,,,,,,,,,,,,,,
FLAT-1A,5/25/23,2,,,,,,,,,,,,,,,,
FLAT-1B,5/25/23,2,,,,,,,,,,,,,,,,
FLAT-3A,5/25/23,2,,,,,,,,,,,,,,,,
FLAT-4B,5/25/23,2,,,,,,,,,,,,,,,,
FLAT-5A,5/25/23,2,,,,,,,,,,,,,,,,
FLAT-6B,5/25/23,2,,,,,,,,,,,,,,,,
ARB-7A,5/25/23,2,,,,,,,,,,,,,,,,
ARB-7B,5/25/23,2,,,,,6,2,,,,,,,,,,
ARB-7C,5/25/23,2,,,,,,,,,,,,,,,,
ARB-7D,5/25/23,2,,,,,,,,,,,,,,,,
ARB-7E,5/25/23,2,,,,,,,,,,,,,,,,
ARB-7F,5/25/23,2,,,,,,,,,,,,,,,,
ARB-8A,5/25/23,2,,,,,,,,,,,,,,,,
ARB-8B,5/25/23,2,,,,,,,,,,,,,,,,
ARB-8C,5/25/23,2,,,,,,,,,,,,,,,,
ARB-12A,5/25/23,2,,,,,,,,,,,,,,,,
ARB-15B,5/25/23,2,,,,,,,,,,,,,,,,
ARB-15C,5/25/23,2,,,,,,,,,,,,,,,,
CAH-5A,5/25/23,2,,,,,,,,,,,,,,,,
CAH-5B,5/25/23,2,,,,,,,,,,,,,,,,
CAH-5C,5/25/23,2,,,,,,,,,,,,,,,,
CAH-8A,5/25/23,2,,,,,,,,,,,,,,,,
CAH-8B,5/25/23,2,,,,,,,,,,,,,,,,
CAH-8C,5/25/23,2,,,,,,,,,,,,,,,,
CAH-8E,5/25/23,2,,,,,,,,,,,,,,,,
CAH-9A,5/25/23,2,,,,,,,,,,,,,,,,
CAH-11B,5/25/23,2,,,,,,,,,,,,,,,,
CAH-12B,5/25/23,2,,,,,,,,,,,,,,,,
CAH-12C,5/25/23,2,,,,,10,3,4,,,,,,,,,
CAH-14A,5/25/23,2,,,,,,2,,,,,,,,,,
CAH-14B,5/25/23,2,,,,,,,,,,,,,,,,
MOR-1A,5/25/23,2,,,,,,,,,,,,,,,,
MOR-1B,5/25/23,2,,,,,,,,,,,,,,,,
MOR-1C,5/25/23,2,,,,,,,,,,,,,,,,
MOR-1D,5/25/23,2,,,,,,,,,,,,,,,,
MOR-2A,5/25/23,2,,,,,,,,,,,,,,,,
MOR-2B,5/25/23,2,,,,,,,,,,,,,,,,
MOR-4A,5/25/23,2,,,,,,,,,,,,,,,,
MOR-4C,5/25/23,2,,,,,,,,,,,,,,,,
MOR-4D,5/25/23,2,,,,,,,,,,,,,,,,
MOR-4E,5/25/23,2,,,,,,,,,,,,,,,,
MOR-4F,5/25/23,2,,,,,,,,,,,,,,,,
MOR-6A,5/25/23,2,,,,,,,,,,,,,,,,
MOR-6C,5/25/23,2,,,,,,,,,,,,,,,,
MOR-6D,5/25/23,2,,,,,,,,,,,,,,,,
MOR-6G,5/25/23,2,,,,,,,,,,,,,,,,
MOR-8A,5/25/23,2,,,,,,,,,,,,,,,,
MOR-8B,5/25/23,2,,,,,,,,,,,,,,,,
REF-1B,5/25/23,2,,,,,,,,,,,,,,,,
REF-1C,5/25/23,2,,,,,,,,,,,,,,,,
REF-1G,5/25/23,2,,,,,,,,,,,,,,,,
REF-1H,5/25/23,2,,,,,,,,,,,,,,,,
REF-2A,5/25/23,2,,,,,,,,,,,,,,,,
REF-4B,5/25/23,2,,,,,,,,,,,,,,,,
REF-5A,5/25/23,2,,,,,,,,,,,,,,,,
REF-5B,5/25/23,2,,,,,,,,,,,,,,,,
REF-5C,5/25/23,2,,,,,,,,,,,,,,,,
REF-5D,5/25/23,2,,,,,,,,,,,,,,,,
REF-5F,5/25/23,2,,,,,,,,,,,,,,,,
REF-6A,5/25/23,2,,,,,,,,,,,,,,,,
REF-6C,5/25/23,2,,,,,,,,,,,,,,,,
REF-6D,5/25/23,2,,,,,,,,,,,,,,,,
REF-6E,5/25/23,2,,,,,,,,,,,,,,,,
REF-6J,5/25/23,2,,,,,,,,,,,,,,,,
REF-7B,5/25/23,2,,,,,,,,,,,,,,,,
REF-7C,5/25/23,2,,,,,,,,,,,,,,,,
HIX-1C,5/25/23,2,,,,,,,,,,,,,,,,
HIX-1D,5/25/23,2,,,,,,,,,,,,,,,,
HIX-1E,5/25/23,2,,,,,,,,,,,,,,,,
HIX-1G,5/25/23,2,,,,,,,,,,,,,,,,
HIX-3E,5/25/23,2,,,,,,,,,,,,,,,,
HIX-4C,5/25/23,2,,,,,,,,,,,,,,,,
HIX-4D,5/25/23,2,,,,,,,,,,,,,,,,
I1-3B,5/25/23,2,,,,,,,,,,,,,,,,
I1-4B,5/25/23,2,,,,,,,,,,,,,,,,
I1-5A,5/25/23,2,,,,,,,,,,,,,,,,
I1-5B,5/25/23,2,,,,,,,,,,,,,,,,
I1-6A,5/25/23,2,,,,,,,,,,,,,,,,
I2-1A,5/25/23,2,,,,,5,,,,,,,,,,,
I2-1B,5/25/23,2,,,,,,,,,,,,,,,,
I2-2A,5/25/23,2,,,,,,,,,,,,,,,,
I2-5B,5/25/23,2,,,,,,,,,,,,,,,,
I2-7B,5/25/23,2,,,,,,,,,,,,,,,,
I3-2C,5/25/23,2,,,,,,8,,,,,,,,,,
I3-3C,5/25/23,2,,,,,,,,,,,,,,,,
I3-4A,5/25/23,2,,,,,,,,,,,,,,,,
I3-4B,5/25/23,2,,,,,5,4,,,,,,,,,,
I3-5C,5/25/23,2,,,,,,,,,,,,,,,,
I3-6C,5/25/23,2,,,,,,,,,,,,,,,,
I3-6D,5/25/23,2,,,,,,,,,,,,,,,,
I4-3B,5/25/23,2,,,,,,,,,,,,,,,,
N1-1A,5/25/23,2,,,,,,,,,,,,,,,,
N1-5A,5/25/23,2,,,,,1,,,,,,,,,,,
N1-6A,5/25/23,2,,,,,,,,,,,,,,,,
N2-4A,5/25/23,2,,,,,,,,,,,,,,,,
N2-5A,5/25/23,2,,,,,,,,,,,,,,,,
N2-5B,5/25/23,2,,,,,,,,,,,,,,,,
N2-5C,5/25/23,2,,,,,,,,,,,,,,,,
N2-5D,5/25/23,2,,,,,,,,,,,,,,,,
N2-5E,5/25/23,2,,,,,,,,,,,,,,,,
N2-6A,5/25/23,2,,,,,,,,,,,,,,,,
N2-6B,5/25/23,2,,,,,,,,,,,,,,,,
N7B-4A,5/25/23,2,,,,,,,,,,,,,,,,
N7B-4F,5/25/23,2,,,,,,,,,,,,,,,,
N5-1D,5/25/23,2,,,,,,,,,,,,,,,,
N5-3A,5/25/23,2,,,,,,,,,,,,,,,,
N5-3D,5/25/23,2,,,,,8,3,1,,,,,,,,,
N5-3E,5/25/23,2,,,,,,,,,,,,,,,,
N5-3F,5/25/23,2,,,,,,,,,,,,,,,,
N5-3G,5/25/23,2,,,,,,,,,,,,,,,,
N5-3H,5/25/23,2,,,,,,,,,,,,,,,,
N5-4C,5/25/23,2,,,,,,,,,,,,,,,,
N5-4D,5/25/23,2,,,,,3,8,,,,,,,,,,
N5-4E,5/25/23,2,,,,,,,,,,,,,,,,
N5-4F,5/25/23,2,,,,,,,,,,,,,,,,
N5-4G,5/25/23,2,,,,,3,3,,,,,,,,,,
N5-5B,5/25/23,2,,,,,,,,,,,,,,,,
N5-5E,5/25/23,2,,,,,,,,,,,,,,,,
N5-5F,5/25/23,2,,,,,,,,,,,,,,,,
N5-6A,5/25/23,2,,,,,,,,,,,,,,,,
N8-5A,5/25/23,2,,,,,,,,,,,,,,,,
UWM-2B,5/25/23,2,,,,,,,,,,,,,,,,
UWM-3C,5/25/23,2,,,,,,,,,,,,,,,,
PS-1A,5/31/23,3,29,1,10,,13,3,,,,,,,,,,
PS-1B,5/31/23,3,15,1,8,,6,,,,,,,,,,,
PS-1C,5/31/23,3,,,,,,,,,,,,,,,,
PS-2A,5/31/23,3,,,,,,,,,,,,,,,,
PS-2B,5/31/23,3,20,1,9,,8,,,,3,,,,,,,
PS-2C,5/31/23,3,,,,,,,,,,,,,,,,
PS-2E,5/31/23,3,,,,,,,,,,,,,,,,
PS-2F,5/31/23,3,14,2,15,,,,,,3,,,,,,,
PS-2G,5/31/23,3,19,3,17,,,,,,,,,,,,,
PS-3E,5/31/23,3,10,3,16,,,,,,5,,Spodoptera,2,,,,
PS-3F,5/31/23,3,,,,,,,,,,,,,,,,
PS-4A,5/31/23,3,19,3,21,,5,,,,,,,,,,,
PS-4B,5/31/23,3,22,2,17,,34,,,,3,,,,,,,
PS-4C,5/31/23,3,,,,,,,,,,,,,,,,
PS-4D,5/31/23,3,8,1,8,,,,,,2,,Mealybug,4,,,,
PS-4E,5/31/23,3,23,1,9,,22,1,,,,,,,,,,
PS-5B,5/31/23,3,28,2,14,,15,,1,,3,,Grasshopper,2,Spodoptera,1,,
PS-5C,5/31/23,3,,,,,,,,,,,,,,,,
PS-5E,5/31/23,3,15,3,18,,,,,,,,,,,,,
DUDU-1A,5/31/23,3,26,4,29,,,,,,10,,Caterpillar,1,,,,
DUDU-1C,5/31/23,3,5,1,5,,,,,,,,,,,,,
DUDU-3A,5/31/23,3,10,2,11,,,,,,,,,,,,,
DUDU-3C,5/31/23,3,20,4,27,,,,,,,,,,,,,
DUDU-3D,5/31/23,3,6,1,4,,,,,,,,,,,,,
DUDU-5A,5/31/23,3,11,2,4,,,,,,85,,Caterpillar,1,,,,
DUDU-5B,5/31/23,3,20,2,17,,,,,,2,,,,,,,
DUDU-7A,5/31/23,3,6,2,8,,,,,,,,,,,,,
DUDU-7B,5/31/23,3,5,2,5,,,,,,,,,,,,,
DUDU-7C,5/31/23,3,5,1,5,,,,,,,,,,,,,
DUDU-7D,5/31/23,3,6,2,5,,,,,,,,,,,,,
DUDU-7E,5/31/23,3,5,2,7,,,,,,,,,,,,,
BR-1A,5/31/23,3,10,4,17,,,,,,30,,,,,,,
BR-1E,5/31/23,3,16,1,9,,,,,,1,,,,,,,
BR-1H,5/31/23,3,9,2,14,,,,,,,,,,,,,
BR-1J,5/31/23,3,22,4,28,,,,,,2,,,,,,,
ECO-1A,5/31/23,3,26,3,27,,11,,3,,,,,,,,,
ECO-1B,5/31/23,3,31,5,42,,22,,5,,1,,,,,,,
ECO-2A,5/31/23,3,15,2,19,,,,,,,,,,,,,
ECO-2B,5/31/23,3,18,3,26,,,,,,,,,,,,,
ECO-3A,5/31/23,3,26,4,35,,26,,6,,,,,,,,,
ECO-3B,5/31/23,3,23,3,24,,6,,2,,,,,,,,,
ECO-5A,5/31/23,3,25,4,35,,2,,,,,,,,,,,
ECO-5B,5/31/23,3,26,4,30,,7,2,,,1,,,,,,,
ECO-6B,5/31/23,3,15,2,14,,,,,,,,,,,,,
ICH-1A,5/31/23,3,20,1,8,,,,,,1,,Caterpillar,1,Caterpillar,2,,
ICH-1B,5/31/23,3,25,3,23,,,,,,1,,,,,,,
ICH-3A,5/31/23,3,19,3,18,,,,,,,,,,,,,
ICH-5A,5/31/23,3,20,3,18,,4,,,,30,,,,,,,
ICH-6A,5/31/23,3,14,3,14,,,,,,,,,,,,,
FLAT-1A,5/31/23,3,17,3,21,,,,,,6,,Spedoptera,1,,,,
FLAT-1B,5/31/23,3,6,2,8,,,,,,80,,Caterpillar,1,,,,
FLAT-3A,5/31/23,3,8,2,11,,,,,,,,,,,,,
FLAT-4B,5/31/23,3,18,2,17,,,,,,2,,,,,,,
FLAT-5A,5/31/23,3,12,2,13,,,,,,7,,,,,,,
FLAT-6B,5/31/23,3,17,1,10,,,,,,,,,,,,,
ARB-7A,5/31/23,3,16,1,8,,,,,,,,,,,,,
ARB-7B,5/31/23,3,28,2,18,,1,2,,,1,,,,,,,
ARB-7C,5/31/23,3,24,3,22,,,,,,1,,Meallybug,1,,,,
ARB-7D,5/31/23,3,19,1,12,,,,,,1,,,,,,,
ARB-7E,5/31/23,3,22,2,12,,,,,,2,,,,,,,
ARB-7F,5/31/23,3,18,3,18,,,,,,3,,,,,,,
ARB-8A,5/31/23,3,6,1,6,,,,,,1,,,,,,,
ARB-8B,5/31/23,3,1,1,7,,,,,,,,,,,,,
ARB-8C,5/31/23,3,18,2,15,,,,,,,,,,,,,
ARB-12A,5/31/23,3,12,2,19,,,,,,1,,,,,,,
ARB-15B,5/31/23,3,13,2,17,,,,,,,,,,,,,
ARB-15C,5/31/23,3,20,2,15,,,,,,1,,,,,,,
CAH-5A,5/31/23,3,19,5,27,,,,,,,,,,,,,
CAH-5B,5/31/23,3,19,5,31,,,,,,1,,,,,,,
CAH-5C,5/31/23,3,16,4,27,,,,,,12,,,,,,,
CAH-8A,5/31/23,3,22,4,26,,,,,,4,,,,,,,
CAH-8B,5/31/23,3,17,3,22,,,,,,7,,Spedoptera,3,,,,
CAH-8C,5/31/23,3,16,4,27,,,,,,,,,,,,,
CAH-8E,5/31/23,3,18,6,26,,,,,,,,,,,,,
CAH-9A,5/31/23,3,16,2,20,,,,,,,,,,,,,
CAH-11B,5/31/23,3,,,,,,,,,,,,,,,,
CAH-12B,5/31/23,3,16,6,40,,,,,,1,,,,,,,
CAH-12C,5/31/23,3,23,4,31,,,1,,,2,,,,,,,
CAH-14A,5/31/23,3,10,3,21,,,,,,,,,,,,,
CAH-14B,5/31/23,3,18,4,35,,,,,,,,,,,,,
MOR-1A,5/31/23,3,,,,,,,,,,,,,,,,
MOR-1B,5/31/23,3,9,1,8,,,,,,15,,,,,,,
MOR-1C,5/31/23,3,14,1,11,,,,,,1,,,,,,,
MOR-1D,5/31/23,3,7,2,8,,,,,,,,,,,,,
MOR-2A,5/31/23,3,8,1,8,,,,,,,,,,,,,
MOR-2B,5/31/23,3,14,1,14,,,,,,1,,,,,,,
MOR-4A,5/31/23,3,,,,,,,,,,,,,,,,
MOR-4C,5/31/23,3,9,1,8,,,,,,,,,,,,,
MOR-4D,5/31/23,3,13,1,15,,,,,,3,,,,,,,
MOR-4E,5/31/23,3,9,1,8,,,,,,,,,,,,,
MOR-4F,5/31/23,3,13,1,12,,,,,,,,Myridae,1,,,,
MOR-6A,5/31/23,3,15,1,10,,,,,,,,,,,,,
MOR-6C,5/31/23,3,10,1,10,,,,,,1,,,,,,,
MOR-6D,5/31/23,3,14,2,28,,,,,,,,,,,,,
MOR-6G,5/31/23,3,,,,,,,,,,,,,,,,
MOR-8A,5/31/23,3,,,,,,,,,,,,,,,,
MOR-8B,5/31/23,3,,,,,,,,,,,,,,,,
REF-1B,5/31/23,3,12,1,9,,,,,,,,,,,,,
REF-1C,5/31/23,3,11,1,8,,,,,,,,,,,,,
REF-1G,5/31/23,3,11,1,7,,,,,,,,,,,,,
REF-1H,5/31/23,3,,,,,,,,,,,,,,,,
REF-2A,5/31/23,3,,,,,,,,,,,,,,,,
REF-4B,5/31/23,3,,,,,,,,,,,,,,,,
REF-5A,5/31/23,3,19,1,10,,,,,,2,,,,,,,
REF-5B,5/31/23,3,10,1,6,,,,,,,,,,,,,
REF-5C,5/31/23,3,10,1,7,,,,,,1,,,,,,,
REF-5D,5/31/23,3,16,1,10,,,,,,,,,,,,,
REF-5F,5/31/23,3,10,1,7,,,,,,1,,,,,,,
REF-6A,5/31/23,3,9,1,7,,,,,,3,,,,,,,
REF-6C,5/31/23,3,11,1,9,,,,,,,,,,,,,
REF-6D,5/31/23,3,7,2,9,,,,,,1,,,,,,,
REF-6E,5/31/23,3,,,,,,,,,,,,,,,,
REF-6J,5/31/23,3,,,,,,,,,,,,,,,,
REF-7B,5/31/23,3,10,1,7,,,,,,,,,,,,,
REF-7C,5/31/23,3,,,,,,,,,,,,,,,,
HIX-1C,5/31/23,3,2,1,6,,,,,,,,,,,,,
HIX-1D,5/31/23,3,8,1,7,,,,,,5,,,,,,,
HIX-1E,5/31/23,3,7,1,8,,,,,,,,,,,,,
HIX-1G,5/31/23,3,8,2,13,,,,,,1,,Mealybug,1,,,,
HIX-3E,5/31/23,3,9,1,7,,,,,,,,,,,,,
HIX-4C,5/31/23,3,10,2,12,,,,,,,,,,,,,
HIX-4D,5/31/23,3,8,2,4,,,,,,,,,,,,,
I1-3B,5/31/23,3,9,3,10,,,,,,,,,,,,,
I1-4B,5/31/23,3,11,3,17,,,,,,20,,Caterpillar,3,,,,
I1-5A,5/31/23,3,20,3,22,,,,,,2,,,,,,,
I1-5B,5/31/23,3,4,2,9,,,,,,,,,,,,,
I1-6A,5/31/23,3,14,2,11,,,,,,4,,Caterpillar,1,,,,
I2-1A,5/31/23,3,11,1,8,,,,,,3,,Caterpillar,1,,,,
I2-1B,5/31/23,3,10,1,9,,,,,,15,,Mealybug,2,,,,
I2-2A,5/31/23,3,19,5,31,,1,1,1,,1,,,,,,,
I2-5B,5/31/23,3,13,1,10,,,,,,2,,,,,,,
I2-7B,5/31/23,3,10,4,22,,,,,,5,,,,,,,
I3-2C,5/31/23,3,18,1,9,,6,,,,,,,,,,,
I3-3C,5/31/23,3,16,4,24,,,,,,,,,,,,,
I3-4A,5/31/23,3,13,3,19,,,,,,,,,,,,,
I3-4B,5/31/23,3,14,6,31,,,,,,1,,,,,,,
I3-5C,5/31/23,3,15,1,8,,,,,,1,,,,,,,
I3-6C,5/31/23,3,8,2,9,,,,,,,,,,,,,
I3-6D,5/31/23,3,7,2,13,,,,,,5,,Spedoptera,1,,,,
I4-3B,5/31/23,3,,,,,,,,,,,,,,,,
N1-1A,5/31/23,3,,,,,,,,,,,,,,,,
N1-5A,5/31/23,3,,,,,,,,,,,,,,,,
N1-6A,5/31/23,3,,,,,,,,,,,,,,,,
N2-4A,5/31/23,3,12,2,18,,,,,,1,,,,,,,
N2-5A,5/31/23,3,4,1,7,,,,,,,,,,,,,
N2-5B,5/31/23,3,7,2,13,,,,,,7,,,,,,,
N2-5C,5/31/23,3,9,2,10,,,,,,,,,,,,,
N2-5D,5/31/23,3,9,2,10,,,,,,15,,,,,,,
N2-5E,5/31/23,3,13,1,8,,,,,,,,,,,,,
N2-6A,5/31/23,3,6,1,6,,,,,,7,,,,,,,
N2-6B,5/31/23,3,10,1,8,,,,,,40,,Green Caterpillar,1,,,,
N7B-4A,5/31/23,3,,,,,,,,,,,,,,,,
N7B-4F,5/31/23,3,,,,,,,,,,,,,,,,
N5-1D,5/31/23,3,,,,,,,,,,,,,,,,
N5-3A,5/31/23,3,,,,,,,,,,,,,,,,
N5-3D,5/31/23,3,19,1,10,,1,,2,,,,,,,,,
N5-3E,5/31/23,3,14,4,25,,,,,,3,,,,,,,
N5-3F,5/31/23,3,12,1,13,,,,,,3,,,,,,,
N5-3G,5/31/23,3,13,3,21,,,,,,8,,Cicadelladae,1,,,,
N5-3H,5/31/23,3,,,,,,,,,,,,,,,,
N5-4C,5/31/23,3,,,,,,,,,,,,,,,,
N5-4D,5/31/23,3,19,1,9,,6,2,,,9,,Caterpillar,4,,,,
N5-4E,5/31/23,3,16,3,24,,,,,,,,,,,,,
N5-4F,5/31/23,3,13,1,11,,,,,,1,,,,,,,
N5-4G,5/31/23,3,23,1,13,,,1,,,,,,,,,,
N5-5B,5/31/23,3,18,1,10,,,,,,5,,,,,,,
N5-5E,5/31/23,3,22,1,14,,,,,,,,,,,,,
N5-5F,5/31/23,3,13,2,17,,,,,,,,,,,,,
N5-6A,5/31/23,3,11,2,15,,,,,,25,,,,,,,
N8-5A,5/31/23,3,,,,,,,,,,,,,,,,
UWM-2B,5/31/23,3,,,,,,,,,,,,,,,,
UWM-3C,5/31/23,3,,,,,,,,,,,,,,,,
PS-1A,6/5/23,4,,,,,8,,4,4,,,,,,,,
PS-1B,6/5/23,4,,,,,9,,,,,,,,,,,
PS-2B,6/5/23,4,,,,,3,1,2,1,,,,,,,,
PS-2F,6/5/23,4,,,,,,,,,3,,,,,,,
PS-3E,6/5/23,4,,,,,,,,,12,,Caterpillar,4,,,,
PS-4A,6/5/23,4,,,,,9,,1,,,,,,,,,
PS-4B,6/5/23,4,,,,,46,3,3,,5,,,,,,,
PS-4D,6/5/23,4,,,,,,,,,18,,,,,,,
PS-4E,6/5/23,4,,,,,8,,9,2,,,,,,,,
PS-5B,6/5/23,4,,,,,9,,3,,5,,,,,,,
DUDU-1A,6/5/23,4,,,,,,,,,15,,,,,,,
DUDU-1C,6/5/23,4,,,,,,,,,,,,,,,,
DUDU-3A,6/5/23,4,,,,,,,,,,,,,,,,
DUDU-3C,6/5/23,4,,,,,,,,,,,,,,,,
DUDU-3D,6/5/23,4,,,,,,,,,30,,,,,,,
DUDU-5A,6/5/23,4,,,,,,,,,85,,,,,,,
DUDU-5B,6/5/23,4,,,,,,,,,31,,,,,,,
DUDU-7A,6/5/23,4,,,,,,,,,,,,,,,,
DUDU-7B,6/5/23,4,,,,,,,,,,,,,,,,
DUDU-7C,6/5/23,4,,,,,,,,,23,,Mealybug,2,Caterpillar,1,,
DUDU-7D,6/5/23,4,,,,,,,,,,,,,,,,
DUDU-7E,6/5/23,4,,,,,,,,,10,,,,,,,
BR-1A,6/5/23,4,,,,,,,,,20,,,,,,,
BR-1E,6/5/23,4,,,,,,,,,1,,,,,,,
BR-1H,6/5/23,4,,,,,,,,,,,,,,,,
BR-1J,6/5/23,4,,,,,,,,,1,,,,,,,
ECO-1A,6/5/23,4,,,,,2,,3,,,,,,,,,
ECO-1B,6/5/23,4,,,,,16,,11,,4,,Caterpillar,2,,,,
ECO-2A,6/5/23,4,,,,,,,,,,,,,,,,
ECO-2B,6/5/23,4,,,,,,,,,,,,,,,,
ECO-3A,6/5/23,4,,,,,21,,8,1,7,,Caterpillar,1,,,,
ECO-3B,6/5/23,4,,,,,5,,1,,,,,,,,,
ECO-5A,6/5/23,4,,,,,2,,,,,,,,,,,
ECO-5B,6/5/23,4,,,,,12,,2,,,,,,,,,
ECO-6B,6/5/23,4,,,,,,,,,1,,,,,,,
ICH-1A,6/5/23,4,,,,,,,,,13,,Caterpillar,1,,,,
ICH-1B,6/5/23,4,,,,,,,,,1,,,,,,,
ICH-3A,6/5/23,4,,,,,,,,,1,,,,,,,
ICH-5A,6/5/23,4,,,,,2,,,,25,,,,,,,
ICH-6A,6/5/23,4,,,,,,,,,,,,,,,,
FLAT-1A,6/5/23,4,,,,,,,,,25,,Caterpillar,3,,,,
FLAT-1B,6/5/23,4,,,,,,,,,65,,,,,,,
FLAT-3A,6/5/23,4,,,,,,,,,,,,,,,,
FLAT-4B,6/5/23,4,,,,,,,,,5,,White fly,5,,,,
FLAT-5A,6/5/23,4,,,,,,,,,10,,,,,,,
FLAT-6B,6/5/23,4,,,,,,,,,,,,,,,,
ARB-7A,6/5/23,4,,,,,,,,,,,,,,,,
ARB-7B,6/5/23,4,,,,,2,,,7,2,,,,,,,
ARB-7C,6/5/23,4,,,,,3,,,,7,,Caterpillar,1,,,,
ARB-7D,6/5/23,4,,,,,,,,,1,,,,,,,
ARB-7E,6/5/23,4,,,,,,,,,20,,Caterpillar,2,Grasshopper,1,,
ARB-7F,6/5/23,4,,,,,,,,,3,,Grasshopper,1,Spidermite,1,White Fly,1
ARB-8A,6/5/23,4,,,,,,,,,,,,,,,,
ARB-8B,6/5/23,4,,,,,,,,,5,,,,,,,
ARB-8C,6/5/23,4,,,,,,,,,2,,,,,,,
ARB-12A,6/5/23,4,,,,,,,,,,,,,,,,
ARB-15B,6/5/23,4,,,,,,,,,7,,White Fly,1,,,,
ARB-15C,6/5/23,4,,,,,,,,,1,,,,,,,
CAH-5A,6/5/23,4,,,,,,,,,2,,,,,,,
CAH-5B,6/5/23,4,,,,,,,,,15,,,,,,,
CAH-5C,6/5/23,4,,,,,,,,,7,,Cidadelldae,1,,,,
CAH-8A,6/5/23,4,,,,,,,,,4,,,,,,,
CAH-8B,6/5/23,4,,,,,,,,,15,,Caterpillar,3,,,,
CAH-8C,6/5/23,4,,,,,,,,,5,,Caterpillar,2,,,,
CAH-8E,6/5/23,4,,,,,,,,,2,,Caterpillar,2,White Fly,1,,
CAH-9A,6/5/23,4,,,,,,,,,,,,,,,,
CAH-12B,6/5/23,4,,,,,,,,,1,,Cidadellae,1,,,,
CAH-12C,6/5/23,4,,,,,,,,7,1,,,,,,,
CAH-14A,6/5/23,4,,,,,,,,,,,,,,,,
CAH-14B,6/5/23,4,,,,,,,,,,,,,,,,
MOR-1B,6/5/23,4,,,,,,,,,25,,,,,,,
MOR-1C,6/5/23,4,,,,,,,,,1,,,,,,,
MOR-1D,6/5/23,4,,,,,,,,,1,,White Fly,1,,,,
MOR-2A,6/5/23,4,,,,,,,,,,,,,,,,
MOR-2B,6/5/23,4,,,,,,,,,,,,,,,,
MOR-4C,6/5/23,4,,,,,,,,,,,,,,,,
MOR-4D,6/5/23,4,,,,,,,,,3,,,,,,,
MOR-4E,6/5/23,4,,,,,,,,,,,,,,,,
MOR-4F,6/5/23,4,,,,,,,,,,,,,,,,
MOR-6A,6/5/23,4,,,,,,,,,1,,,,,,,
MOR-6C,6/5/23,4,,,,,,,,,2,,,,,,,
MOR-6D,6/5/23,4,,,,,,,,,17,,Caterpillar,3,,,,
REF-1B,6/5/23,4,,,,,,,,,1,,,,,,,
REF-1C,6/5/23,4,,,,,,,,,,,,,,,,
REF-1G,6/5/23,4,,,,,,,,,1,,,,,,,
REF-5A,6/5/23,4,,,,,,,,,2,,,,,,,
REF-5B,6/5/23,4,,,,,,,,,,,White Fly,1,,,,
REF-5C,6/5/23,4,,,,,,,,,,,,,,,,
REF-5D,6/5/23,4,,,,,,,,,,,White Fly,7,Scales,9,,
REF-5F,6/5/23,4,,,,,,,,,,,,,,,,
REF-6A,6/5/23,4,,,,,,,,,4,,,,,,,
REF-6C,6/5/23,4,,,,,,,,,,,,,,,,
REF-6D,6/5/23,4,,,,,,,,,,,,,,,,
REF-7B,6/5/23,4,,,,,,,,,,,,,,,,
HIX-1C,6/5/23,4,,,,,,,,,,,,,,,,
HIX-1D,6/5/23,4,,,,,,,,,2,,,,,,,
HIX-1E,6/5/23,4,,,,,,,,,,,Scales,3,,,,
HIX-1G,6/5/23,4,,,,,,,,,10,,Caterpillar,1,,,,
HIX-3E,6/5/23,4,,,,,,,,,,,Mealybug,1,,,,
HIX-4C,6/5/23,4,,,,,,,,,,,,,,,,
HIX-4D,6/5/23,4,,,,,,,,,1,,,,,,,
I1-3B,6/5/23,4,,,,,,,,,65,,Caterpillar,6,,,,
I1-4B,6/5/23,4,,,,,,,,,,,,,,,,
I1-5A,6/5/23,4,,,,,,,,,,,,,,,,
I1-5B,6/5/23,4,,,,,,,,,,,,,,,,
I1-6A,6/5/23,4,,,,,,,,,2,,,,,,,
I2-1A,6/5/23,4,,,,,,,,,20,,Caterpillar,2,,,,
I2-1B,6/5/23,4,,,,,,,,,,,,,,,,
I2-2A,6/5/23,4,,,,,,,,3,,,,,,,,
I2-5B,6/5/23,4,,,,,,,,,3,,,,,,,
I2-7B,6/5/23,4,,,,,,,,,3,,,,,,,
I3-2C,6/5/23,4,,,,,2,,2,,,,,,,,,
I3-3C,6/5/23,4,,,,,,,,,5,,Caterpillar,4,,,,
I3-4A,6/5/23,4,,,,,,,,,,,,,,,,
I3-4B,6/5/23,4,,,,,2,,,,,,,,,,,
I3-5C,6/5/23,4,,,,,,,,,1,,Scales,3,,,,
I3-6C,6/5/23,4,,,,,,,,,,,Scales,6,White Fly,1,,
I3-6D,6/5/23,4,,,,,,,,,,,Mealybug,5,,,,
N2-4A,6/5/23,4,,,,,,,,,11,,,,,,,
N2-5A,6/5/23,4,,,,,,,,,,,,,,,,
N2-5B,6/5/23,4,,,,,,,,,5,,,,,,,
N2-5C,6/5/23,4,,,,,,,,,,,,,,,,
N2-5D,6/5/23,4,,,,,,,,,45,,Caterpillar,1,,,,
N2-5E,6/5/23,4,,,,,,,,,1,,,,,,,
N2-6A,6/5/23,4,,,,,,,,,3,,,,,,,
N2-6B,6/5/23,4,,,,,,,,,90,,,,,,,
N5-3D,6/5/23,4,,,,,,,,3,,,,,,,,
N5-3E,6/5/23,4,,,,,,,,,3,,,,,,,
N5-3F,6/5/23,4,,,,,,,,,1,,,,,,,
PS-1A,6/12/23,5,24,1,10,,,,,4,,,,,,,,
PS-1B,6/12/23,5,20,3,13,,14,1,,,2,,,,,,,
PS-2B,6/12/23,5,20,1,9,,,,,2,,,,,,,,
PS-2F,6/12/23,5,13,2,14,,,,,,3,,,,,,,
PS-2G,6/12/23,5,22,3,18,,,,,,,,,,,,,
PS-3E,6/12/23,5,12,3,16,,3,,,,,,,,,,,
PS-4A,6/12/23,5,20,3,21,,2,,1,,,,,,,,,
PS-4B,6/12/23,5,22,4,20,,18,,9,6,,,,,,,,
PS-4D,6/12/23,5,8,1,11,,,,,,15,,Mealybug,1,,,,
PS-4E,6/12/23,5,22,1,10,,,,,,15,,White Fly,1,,,,
PS-5B,6/12/23,5,31,2,17,,,,,,10,,,,,,,
PS-5E,6/12/23,5,16,3,17,,,,,,2,,,,,,,
DUDU-1A,6/12/23,5,24,4,27,,4,,,,20,,,,,,,
DUDU-1C,6/12/23,5,6,1,8,,,,,,,,,,,,,
DUDU-3A,6/12/23,5,9,2,13,,,,,,,,,,,,,
DUDU-3C,6/12/23,5,18,4,32,,,,,,,,,,,,,
DUDU-3D,6/12/23,5,6,1,5,,,,,,7,,,,,,,
DUDU-5A,6/12/23,5,13,2,9,,,,,,,,,,,,,
DUDU-5B,6/12/23,5,19,2,16,,,,,,,,,,,,,
DUDU-7A,6/12/23,5,8,1,9,,,,,,,,White Fly,1,,,,
DUDU-7B,6/12/23,5,7,1,9,,,,,,,,,,,,,
DUDU-7C,6/12/23,5,6,1,5,,,,,,1,,Mealybug,1,,,,
DUDU-7D,6/12/23,5,6,2,9,,,,,,,,,,,,,
DUDU-7E,6/12/23,5,5,2,8,,,,,,,,,,,,,
BR-1A,6/12/23,5,11,3,19,,,,,,,,,,,,,
BR-1E,6/12/23,5,23,1,12,,,,,,,,,,,,,
BR-1H,6/12/23,5,13,2,18,,,,,,,,,,,,,
BR-1J,6/12/23,5,29,5,31,,4,,,,,,,,,,,
ECO-1A,6/12/23,5,26,3,26,,9,,1,,,,,,,,,
ECO-1B,6/12/23,5,32,5,38,,7,,2,,,,,,,,,
ECO-2A,6/12/23,5,15,3,18,,,,,,,,,,,,,
ECO-2B,6/12/23,5,18,3,22,,,,,,,,,,,,,
ECO-3A,6/12/23,5,24,4,24,,10,,,,5,,,,,,,
ECO-3B,6/12/23,5,23,3,26,,10,,,,,,,,,,,
ECO-5A,6/12/23,5,23,4,28,,,,1,2,,,,,,,,
ECO-5B,6/12/23,5,25,4,32,,5,2,,3,,,,,,,,
ECO-6B,6/12/23,5,18,2,18,,,,,,,,,,,,,
ICH-1A,6/12/23,5,22,1,9,,,,,,,,,,,,,
ICH-1B,6/12/23,5,25,3,23,,,,,,,,,,,,,
ICH-3A,6/12/23,5,20,3,17,,,,,,,,White Fly,1,,,,
ICH-5A,6/12/23,5,17,3,15,,,,,,35,,,,,,,
ICH-6A,6/12/23,5,16,3,18,,,,,,,,,,,,,
FLAT-1A,6/12/23,5,17,3,11,,,,,,70,,,,,,,
FLAT-1B,6/12/23,5,9,2,11,,,,,,60,,,,,,,
FLAT-3A,6/12/23,5,10,2,11,,,,,,,,,,,,,
FLAT-4B,6/12/23,5,20,2,16,,,,,,,,,,,,,
FLAT-5A,6/12/23,5,15,2,15,,,,,,5,,,,,,,
FLAT-6B,6/12/23,5,19,1,9,,,,,,,,,,,,,
ARB-7A,6/12/23,5,20,1,9,,,,,,,,,,,,,
ARB-7B,6/12/23,5,25,3,17,,,,,6,,,,,,,,
ARB-7C,6/12/23,5,19,4,22,,,1,,,12,,Grasshopper,1,,,,
ARB-7D,6/12/23,5,22,3,17,,,,,,4,,Scales,3,,,,
ARB-7E,6/12/23,5,22,2,11,,,,,,25,,,,,,,
ARB-7F,6/12/23,5,18,3,17,,,,,,2,,Spidermites,10,White Fly,1,,
ARB-8A,6/12/23,5,8,2,9,,,,,,,,,,,,,
ARB-8B,6/12/23,5,19,2,11,,,,,,,,,,,,,
ARB-8C,6/12/23,5,20,2,12,,,,,,,,,,,,,
ARB-12A,6/12/23,5,12,4,19,,,,,,0.5,,,,,,,
ARB-15B,6/12/23,5,12,3,15,,,,,,,,,,,,,
ARB-15C,6/12/23,5,20,2,12,,,,,,,,,,,,,
CAH-5A,6/12/23,5,15,4,25,,,,,,,,,,,,,
CAH-5B,6/12/23,5,16,5,28,,,,,,,,,,,,,
CAH-5C,6/12/23,5,16,3,18,,,,,,5,,,,,,,
CAH-8A,6/12/23,5,20,4,28,,,,,,6,,Caterpillar,1,,,,
CAH-8B,6/12/23,5,17,3,22,,,,,,,,,,,,,
CAH-8C,6/12/23,5,18,4,20,,,,,,60,,Caterpillar,2,,,,
CAH-8E,6/12/23,5,18,5,29,,,,,,10,,Caterpillar,2,,,,
CAH-9A,6/12/23,5,17,2,18,,,,,,,,,,,,,
CAH-12B,6/12/23,5,17,5,30,,,,,,,,,,,,,
CAH-12C,6/12/23,5,21,3,,,1,,,7,,,,,,,,
CAH-14A,6/12/23,5,11,3,21,,,,,,,,,,,,,
CAH-14B,6/12/23,5,18,4,25,,3,,,,7,,,,,,,
MOR-1B,6/12/23,5,15,1,10,,,,,,,,,,,,,
MOR-1C,6/12/23,5,12,1,11,,,,,3,,,,,,,,
MOR-1D,6/12/23,5,10,2,11,,,,,,3,,,,,,,
MOR-2A,6/12/23,5,12,1,8,,,,,,,,,,,,,
MOR-2B,6/12/23,5,17,1,19,,,,,,,,,,,,,
MOR-4C,6/12/23,5,13,1,10,,,,,,,,,,,,,
MOR-4D,6/12/23,5,16,1,10,,,,,,,,,,,,,
MOR-4E,6/12/23,5,12,1,8,,,,,,,,,,,,,
MOR-4F,6/12/23,5,15,1,11,,,,,,,,,,,,,
MOR-6A,6/12/23,5,19,1,14,,4,,,,5,,Caterpillar,1,,,,
MOR-6C,6/12/23,5,15,1,12,,,,,,,,,,,,,
MOR-6D,6/12/23,5,19,2,29,,3,,,,15,,Caterpillar,1,,,,
REF-1B,6/12/23,5,12,1,8,,,,,,,,,,,,,
REF-1C,6/12/23,5,12,1,8,,,,,,,,,,,,,
REF-1G,6/12/23,5,10,2,10,,,,,,5,,,,,,,
REF-5A,6/12/23,5,20,1,32,,,,,,,,,,,,,
REF-5B,6/12/23,5,10,1,10,,,,,,,,,,,,,
REF-5C,6/12/23,5,10,1,9,,,,,,,,,,,,,
REF-5D,6/12/23,5,19,1,18,,,,,,,,,,,,,
REF-5F,6/12/23,5,14,1,9,,,,,,,,,,,,,
REF-6A,6/12/23,5,19,1,10,,,,,,6,,,,,,,
REF-6C,6/12/23,5,11,1,9,,,,,,,,,,,,,
REF-6D,6/12/23,5,7,2,14,,,,,,,,,,,,,
REF-7B,6/12/23,5,10,3,11,,,,,,,,,,,,,
HIX-1C,6/12/23,5,2,1,8,,,,,,,,,,,,,
HIX-1D,6/12/23,5,8,1,10,,,,,,3,,Scales,10,,,,
HIX-1E,6/12/23,5,8,1,10,,3,,,,,,,,,,,
HIX-1G,6/12/23,5,7,2,15,,,,,,35,,Caterpillar,2,,,,
HIX-3E,6/12/23,5,7,1,9,,,,,,,,Mealybug,1,,,,
HIX-4C,6/12/23,5,14,2,15,,,,,,,,,,,,,
HIX-4D,6/12/23,5,7,3,8,,,,,,,,,,,,,
I1-3B,6/12/23,5,5,3,14,,,,,,,,,,,,,
I1-4B,6/12/23,5,15,3,22,,,,,,,,,,,,,
I1-5A,6/12/23,5,18,3,21,,,,,,,,,,,,,
I1-5B,6/12/23,5,7,2,16,,,,,,,,,,,,,
I1-6A,6/12/23,5,15,2,23,,,,,,,,,,,,,
I2-1A,6/12/23,5,12,1,10,,,,,,,,,,,,,
I2-1B,6/12/23,5,11,1,11,,,,,,30,,Mealybug,4,,,,
I2-2A,6/12/23,5,13,1,11,,,,,,,,,,,,,
I2-5B,6/12/23,5,12,4,22,,,,,,5,,,,,,,
I2-7B,6/12/23,5,19,5,39,,,,,3,,,,,,,,
I3-2C,6/12/23,5,18,1,10,,,,,2,,,Caterpillar,1,,,,
I3-3C,6/12/23,5,15,4,22,,,,,,50,,,,,,,
I3-4A,6/12/23,5,14,3,22,,,,,,,,,,,,,
I3-4B,6/12/23,5,12,7,33,,4,,,,,,,,,,,
I3-5C,6/12/23,5,15,2,12,,,,,,,,,,,,,
I3-6C,6/12/23,5,8,2,13,,,,,,,,,,,,,
I3-6D,6/12/23,5,7,2,15,,,,,,1,,Mealybug,2,,,,
N2-4A,6/12/23,5,11,3,13,,,,,,,,,,,,,
N2-5A,6/12/23,5,7,1,9,,,,,,,,,,,,,
N2-5B,6/12/23,5,7,2,13,,,,,,3,,,,,,,
N2-5C,6/12/23,5,10,2,12,,,,,,,,,,,,,
N2-5D,6/12/23,5,9,2,10,,,,,,,,,,,,,
N2-5E,6/12/23,5,14,1,8,,,,,,,,,,,,,
N2-6A,6/12/23,5,7,1,8,,,,,,3,,,,,,,
N2-6B,6/12/23,5,10,1,9,,,,,,80,,,,,,,
N5-3D,6/12/23,5,20,1,9,,3,,,,,,,,,,,
N5-3E,6/12/23,5,18,4,26,,,,,,,,,,,,,
N5-3F,6/12/23,5,19,3,20,,,,,,3,,Mealybug,15,White Fly,2,,
N5-3G,6/12/23,5,13,3,22,,,,,,4,,,,,,,
N5-4D,6/12/23,5,19,1,9,,,,,4,25,,,,,,,
N5-4E,6/12/23,5,18,3,25,,,,,,,,,,,,,
N5-4F,6/12/23,5,17,1,11,,,,,3,1,,,,,,,
N5-4G,6/12/23,5,25,1,13,,2,,,,,,,,,,,
N5-5B,6/12/23,5,20,1,13,,,,,,,,,,,,,
N5-5E,6/12/23,5,30,1,15,,,,,,,,,,,,,
N5-5F,6/12/23,5,17,2,18,,,,,,15,,,,,,,
N5-6A,6/12/23,5,15,2,17,,,,,,1,,Scale,1,,,,
PS-1A,6/20/23,6,,,,fr,0,0,0,4,,,,,,,,
PS-1B,6/20/23,6,,,,fr,0,0,0,1,0,,egg,1,,,,
PS-2B,6/20/23,6,,,,fr/bud,6,0,0,2,,,,,,,,
PS-2F,6/20/23,6,,,,veg,0,0,0,0,15,,,,,,,
PS-2G,6/20/23,6,,,,bud,5,0,0,0,,,,,,,,
PS-3E,6/20/23,6,,,,bud,9,0,0,0,,,,,,,,
PS-4A,6/20/23,6,,,,bud,11,0,0,0,,,,,,,,
PS-4B,6/20/23,6,,,,fr/bud,12,0,0,6,,,,,,,,
PS-4D,6/20/23,6,,,,bud,13,0,0,0,25,,,,,,,
PS-4E,6/20/23,6,,,,fr/bud,6,0,0,2,35,,,,,,,
PS-5B,6/20/23,6,,,,bud,20,0,0,0,25,,Hemipteran,1,,,,
PS-5E,6/20/23,6,,,,veg,0,0,0,0,7,,,,,,,
DUDU-1A,6/20/23,6,,,,bud,6,0,0,0,5,,,,,,,
DUDU-1C,6/20/23,6,,,,veg,0,0,0,0,0,,,,,,,
DUDU-3A,6/20/23,6,,,,veg,0,0,0,0,,,,,,,,
DUDU-3C,6/20/23,6,,,,veg,0,0,0,0,,,White Fly,1,,,,
DUDU-3D,6/20/23,6,,,,veg,0,0,0,0,25,,,,,,,
DUDU-5A,6/20/23,6,,,,veg,0,0,0,0,,,,,,,,
DUDU-5B,6/20/23,6,,,,veg,0,0,0,0,,,,,,,,
DUDU-7A,6/20/23,6,,,,veg,0,0,0,0,0,,,,,,,
DUDU-7B,6/20/23,6,,,,veg,0,0,0,0,,,,,,,,
DUDU-7C,6/20/23,6,,,,bud,3,0,0,0,10,,,,,,,
DUDU-7D,6/20/23,6,,,,veg,0,0,0,0,,,,,,,,
DUDU-7E,6/20/23,6,,,,veg,0,0,0,0,1,,,,,,,
BR-1A,6/20/23,6,,,,veg,0,0,0,0,,,,,,,,
BR-1E,6/20/23,6,,,,veg,0,0,0,0,5,,,,,,,
BR-1H,6/20/23,6,,,,veg,0,0,0,0,0,,,,,,,
BR-1J,6/20/23,6,,,,bud,10,0,0,0,,,,,,,,
ECO-1A,6/20/23,6,,,,bud,15,0,0,0,0,,,,,,,
ECO-1B,6/20/23,6,,,,bud,11,0,0,0,2,,,,,,,
ECO-2A,6/20/23,6,,,,veg,0,0,0,0,,,,,,,,
ECO-2B,6/20/23,6,,,,veg,0,0,0,0,,,,,,,,
ECO-3A,6/20/23,6,,,,fl/bud,24,0,1,0,13,,,,,,,
ECO-3B,6/20/23,6,,,,fl/bud,15,1,0,0,0,,,,,,,
ECO-5A,6/20/23,6,,,,fr,0,0,0,2,1,,,,,,,
ECO-5B,6/20/23,6,,,,fr/bud,4,0,0,6,,,,,,,,
ECO-6B,6/20/23,6,,,,veg,0,0,0,0,1,,,,,,,
ICH-1A,6/20/23,6,,,,veg,0,0,0,0,,,,,,,,
ICH-1B,6/20/23,6,,,,veg,0,0,0,0,,,,,,,,
ICH-3A,6/20/23,6,,,,veg,0,0,0,0,1,,,,,,,
ICH-5A,6/20/23,6,,,,veg,0,0,0,0,10,,,,,,,
ICH-6A,6/20/23,6,,,,veg,0,0,0,0,0,,,,,,,
FLAT-1A,6/20/23,6,,,,veg,0,0,0,0,45,,,,,,,
FLAT-1B,6/20/23,6,,,,veg,0,0,0,0,38,,,,,,,
FLAT-3A,6/20/23,6,,,,veg,0,0,0,0,0,,,,,,,
FLAT-4B,6/20/23,6,,,,veg,0,0,0,0,,,,,,,,
FLAT-5A,6/20/23,6,,,,veg,0,0,0,0,18,,,,,,,
FLAT-6B,6/20/23,6,,,,veg,0,0,0,0,,,,,,,,
ARB-7A,6/20/23,6,,,,veg,0,0,0,0,,,,,,,,
ARB-7B,6/20/23,6,,,,fr,0,0,0,6,,,,,,,,
ARB-7C,6/20/23,6,,,,fr,0,0,0,1,10,,Egg,1,,,,
ARB-7D,6/20/23,6,,,,veg,0,0,0,0,10,,,,,,,
ARB-7E,6/20/23,6,,,,veg,0,0,0,0,28,,,,,,,
ARB-7F,6/20/23,6,,,,veg,0,0,0,0,60,,,,,,,
ARB-8A,6/20/23,6,,,,veg,0,0,0,0,15,,,,,,,
ARB-8B,6/20/23,6,,,,veg,0,0,0,0,,,,,,,,
ARB-8C,6/20/23,6,,,,veg,0,0,0,0,,,,,,,,
ARB-12A,6/20/23,6,,,,veg,0,0,0,0,5,,,,,,,
ARB-15B,6/20/23,6,,,,veg,0,0,0,0,,,,,,,,
ARB-15C,6/20/23,6,,,,veg,0,0,0,0,,,,,,,,
CAH-5A,6/20/23,6,,,,veg,0,0,0,0,,,,,,,,
CAH-5B,6/20/23,6,,,,veg,0,0,0,0,,,,,,,,
CAH-5C,6/20/23,6,,,,veg,0,0,0,0,5,,,,,,,
CAH-8A,6/20/23,6,,,,veg,0,0,0,0,15,,,,,,,
CAH-8B,6/20/23,6,,,,veg,0,0,0,0,,,White Fly,3,,,,
CAH-8C,6/20/23,6,,,,veg,0,0,0,0,35,,,,,,,
CAH-8E,6/20/23,6,,,,veg,0,0,0,0,30,,,,,,,
CAH-9A,6/20/23,6,,,,veg,0,0,0,0,,,,,,,,
CAH-12B,6/20/23,6,,,,veg,0,0,0,0,,,,,,,,
CAH-12C,6/20/23,6,,,,fr,0,0,0,7,,,,,,,,
CAH-14A,6/20/23,6,,,,veg,0,0,0,0,1,,,,,,,
CAH-14B,6/20/23,6,,,,veg,0,0,0,0,1,,,,,,,
MOR-1B,6/20/23,6,,,,veg,0,0,0,0,,,,,,,,
MOR-1C,6/20/23,6,,,,veg,0,0,0,0,,,,,,,,
MOR-1D,6/20/23,6,,,,veg,0,0,0,0,18,,,,,,,
MOR-2A,6/20/23,6,,,,veg,0,0,0,0,,,,,,,,
MOR-2B,6/20/23,6,,,,bud,4,0,0,0,,,,,,,,
MOR-4C,6/20/23,6,,,,veg,0,0,0,0,,,,,,,,
MOR-4D,6/20/23,6,,,,bud,6,0,0,0,,,,,,,,
MOR-4E,6/20/23,6,,,,veg,0,0,0,0,0,,,,,,,
MOR-4F,6/20/23,6,,,,veg,0,0,0,0,2,,,,,,,
MOR-6A,6/20/23,6,,,,bud,6,0,0,0,28,,,,,,,
MOR-6C,6/20/23,6,,,,veg,0,0,0,0,1,,,,,,,
MOR-6D,6/20/23,6,,,,bud,8,0,0,0,20,,,,,,,
REF-1B,6/20/23,6,,,,veg,0,0,0,0,,,,,,,,
REF-1C,6/20/23,6,,,,veg,0,0,0,0,,,,,,,,
REF-1G,6/20/23,6,,,,veg,0,0,0,0,25,,,,,,,
REF-5A,6/20/23,6,,,,veg,0,0,0,0,3,,,,,,,
REF-5B,6/20/23,6,,,,veg,0,0,0,0,0,,,,,,,
REF-5C,6/20/23,6,,,,veg,0,0,0,0,,,,,,,,
REF-5D,6/20/23,6,,,,veg,0,0,0,0,,,,,,,,
REF-5F,6/20/23,6,,,,veg,0,0,0,0,3,,,,,,,
REF-6A,6/20/23,6,,,,veg,0,0,0,0,10,,,,,,,
REF-6C,6/20/23,6,,,,veg,0,0,0,0,,,,,,,,
REF-6D,6/20/23,6,,,,veg,0,0,0,0,,,,,,,,
REF-7B,6/20/23,6,,,,veg,0,0,0,0,0,,,,,,,
HIX-1C,6/20/23,6,,,,veg,0,0,0,0,,,,,,,,
HIX-1D,6/20/23,6,,,,veg,0,0,0,0,1,,,,,,,
HIX-1E,6/20/23,6,,,,bud,5,0,0,0,0,,,,,,,
HIX-1G,6/20/23,6,,,,veg,0,0,0,0,40,,,,,,,
HIX-3E,6/20/23,6,,,,veg,0,0,0,0,0,,,,,,,
HIX-4C,6/20/23,6,,,,veg,0,0,0,0,,,,,,,,
HIX-4D,6/20/23,6,,,,veg,0,0,0,0,,,,,,,,
I1-3B,6/20/23,6,,,,veg,0,0,0,0,0,,,,,,,
I1-4B,6/20/23,6,,,,veg,0,0,0,0,,,,,,,,
I1-5A,6/20/23,6,,,,veg,0,0,0,0,,,,,,,,
I1-5B,6/20/23,6,,,,veg,0,0,0,0,0,,,,,,,
I1-6A,6/20/23,6,,,,veg,0,0,0,0,1,,,,,,,
I2-1A,6/20/23,6,,,,veg,0,0,0,0,13,,,,,,,
I2-1B,6/20/23,6,,,,veg,0,0,0,0,75,,Meallybug,80,,,,
I2-2A,6/20/23,6,,,,fr,0,0,0,0,,,,,,,,
I2-5B,6/20/23,6,,,,veg,0,0,0,0,,,,,,,,
I2-7B,6/20/23,6,,,,veg,0,0,0,0,7,,,,,,,
I3-2C,6/20/23,6,,,,fr/bud,5,0,0,0,0,,,,,,,
I3-3C,6/20/23,6,,,,veg,0,0,0,0,35,,,,,,,
I3-4A,6/20/23,6,,,,veg,0,0,0,0,,,,,,,,
I3-4B,6/20/23,6,,,,veg,0,0,0,0,,,,,,,,
I3-5C,6/20/23,6,,,,veg,0,0,0,0,2,,,,,,,
I3-6C,6/20/23,6,,,,veg,0,0,0,0,0,,,,,,,
I3-6D,6/20/23,6,,,,veg,0,0,0,0,5/100,,,,,,,
N2-4A,6/20/23,6,,,,veg,0,0,0,0,,,,,,,,
N2-5A,6/20/23,6,,,,veg,0,0,0,0,0,,,,,,,
N2-5B,6/20/23,6,,,,veg,0,0,0,0,2,,,,,,,
N2-5C,6/20/23,6,,,,veg,0,0,0,0,0,,,,,,,
N2-5D,6/20/23,6,,,,veg,0,0,0,0,0,,,,,,,
N2-5E,6/20/23,6,,,,veg,0,0,0,0,,,,,,,,
N2-6A,6/20/23,6,,,,veg,0,0,0,0,1,,,,,,,
N2-6B,6/20/23,6,,,,veg,0,0,0,0,3,,,,,,,
N5-3D,6/20/23,6,,,,fr,0,0,0,0,,,,,,,,
N5-3E,6/20/23,6,,,,veg,0,0,0,0,,,,,,,,
N5-3F,6/20/23,6,,,,veg,0,0,0,0,7,,Meallybug,80,,,,
N5-3G,6/20/23,6,,,,veg,0,0,0,0,18,,,,,,,
N5-4D,6/20/23,6,,,,fr,0,0,0,4,40,,Beetle,1,,,,
N5-4E,6/20/23,6,,,,veg,0,0,0,0,,,,,,,,
N5-4F,6/20/23,6,,,,veg,0,0,0,0,,,,,,,,
N5-4G,6/20/23,6,,,,fr,0,0,0,3,2,,,,,,,
N5-5B,6/20/23,6,,,,veg,0,0,0,0,,,Egg,1,,,,
N5-5E,6/20/23,6,,,,veg,0,0,0,0,,,,,,,,
N5-5F,6/20/23,6,,,,veg,0,0,0,0,25,,,,,,,
N5-6A,6/20/23,6,,,,veg,0,0,0,0,2,,,,,,,
PS-1A,6/29/23,7,24,1,20,fr,,,,4,,,,,,,,
PS-1B,6/29/23,7,28,3,21,fr,,,,1,12,,,,,,,
PS-2B,6/29/23,7,23,1,12,b/fr,9,,,2,,,,,,,,
PS-2F,6/29/23,7,20,2,16,veg,,,,,18,,,,,,,
PS-2G,6/29/23,7,25,3,20,bud,5,,,,3,,,,,,,
PS-3E,6/29/23,7,19,2,20,bud,9,,,,,,,,,,,
PS-4A,6/29/23,7,23,3,30,bud,13,,,,,,,,,,,
PS-4B,6/29/23,7,25,2,20,b/fr,3,,,5,,,,,,,,
PS-4D,6/29/23,7,15,1,15,bud,7,,,,30,,Mealybug,1,,,,
PS-4E,6/29/23,7,23,1,20,b/fr,10,,,2,18,,,,,,,
PS-5B,6/29/23,7,40,2,28,bud,26,,,,12,,,,,,,
PS-5E,6/29/23,7,18,3,27,veg,,,,,3,,Mealybug,1,,,,
DUDU-1A,6/29/23,7,28,5,35,b/fl,4,2,,,13,,,,,,,
DUDU-1C,6/29/23,7,11,1,11,veg,,,,,,,,,,,,
DUDU-3A,6/29/23,7,17,2,17,veg,,,,,,,,,,,,
DUDU-3C,6/29/23,7,20,4,40,veg,,,,,,,,,,,,
DUDU-3D,6/29/23,7,10,1,9,veg,,,,,,,,,,,,
DUDU-5A,6/29/23,7,17,8,55,veg,,,,,,,,,,,,
DUDU-5B,6/29/23,7,20,2,20,veg,,,,,,,,,,,,
DUDU-7A,6/29/23,7,16,2,14,veg,,,,,,,,,,,,
DUDU-7B,6/29/23,7,10,2,12,veg,,,,,,,,,,,,
DUDU-7C,6/29/23,7,7,2,11,bud,1,,,,1,,,,,,,
DUDU-7D,6/29/23,7,15,2,15,veg,,,,,,,,,,,,
DUDU-7E,6/29/23,7,12,2,16,veg,,,,,1,,,,,,,
BR-1A,6/29/23,7,22,3,27,veg,,,,,,,,,,,,
BR-1E,6/29/23,7,33,1,22,bud,8,,,,1,,,,,,,
BR-1H,6/29/23,7,19,2,28,veg,,,,,7,,,,,,,
BR-1J,6/29/23,7,40,5,36,b/fr/fl,3,3,,5,,,,,,,,
ECO-1A,6/29/23,7,32,5,45,b/fr/fl,8,,2,1,5,,,,,,,
ECO-1B,6/29/23,7,35,5,48,b/fl,8,,1,,2,,Grasshopper,1,,,,
ECO-2A,6/29/23,7,23,4,28,veg,,,,,,,,,,,,
ECO-2B,6/29/23,7,20,3,30,veg,,,,,,,,,,,,
ECO-3B,6/29/23,7,31,6,43,b/fr/fl,8,,6,1,5,,Spodoptera,1,,,,
ECO-5A,6/29/23,7,27,4,31,fr,,,,2,,,,,,,,
ECO-5B,6/29/23,7,30,4,43,b/fr,4,,,7,,,,,,,,
ECO-6B,6/29/23,7,29,2,25,veg,,,,,5,,,,,,,
ICH-1A,6/29/23,7,27,1,18,veg,,,,,,,,,,,,
ICH-1B,6/29/23,7,27,3,29,veg,,,,,,,,,,,,
ICH-3A,6/29/23,7,22,4,20,veg,,,,,2,,,,,,,
ICH-5A,6/29/23,7,23,3,18,veg,,,,,30,,,,,,,
ICH-6A,6/29/23,7,27,5,25,veg,,,,,1,,,,,,,
FLAT-1A,6/29/23,7,20,3,34,veg,,,,,18,,Meallybug,7,,,,
FLAT-1B,6/29/23,7,18,2,16,veg,,,,,18,,,,,,,
FLAT-3A,6/29/23,7,16,3,30,veg,,,,,,,Meallybug,7,,,,
FLAT-4B,6/29/23,7,23,2,26,veg,,,,,,,,,,,,
FLAT-5A,6/29/23,7,22,2,28,veg,,,,,12,,,,,,,
FLAT-6B,6/29/23,7,25,1,26,veg,,,,,,,,,,,,
ARB-7A,6/29/23,7,33,1,27,veg,,,,,,,,,,,,
ARB-7B,6/29/23,7,23,3,19,fr,,,,7,,,,,,,,
ARB-7C,6/29/23,7,32,4,29,b/fr,4,,,1,12,,,,,,,
ARB-7D,6/29/23,7,32,5,32,veg,,,,,5,,,,,,,
ARB-7E,6/29/23,7,34,2,27,veg,,,,,20,,,,,,,
ARB-7F,6/29/23,7,22,5,32,veg,,,,,5,,,,,,,
ARB-8A,6/29/23,7,17,2,19,veg,,,,,35,,,,,,,
ARB-8B,6/29/23,7,16,2,17,veg,,,,,,,,,,,,
ARB-8C,6/29/23,7,23,2,16,veg,,,,,,,,,,,,
ARB-12A,6/29/23,7,16,5,27,veg,,,,,7,,,,,,,
ARB-15B,6/29/23,7,21,2,23,veg,,,,,,,,,,,,
ARB-15C,6/29/23,7,21,2,14,veg,,,,,,,,,,,,
CAH-5A,6/29/23,7,17,6,36,veg,,,,,,,,,,,,
CAH-5B,6/29/23,7,21,5,33,veg,,,,,,,,,,,,
CAH-5C,6/29/23,7,20,3,23,veg,,,,,1,,,,,,,
CAH-8A,6/29/23,7,23,4,32,veg,,,,,5,,,,,,,
CAH-8B,6/29/23,7,27,4,36,veg,,,,,,,,,,,,
CAH-8C,6/29/23,7,16,6,49,veg,,,,,35,,,,,,,
CAH-8E,6/29/23,7,23,4,33,veg,,,,,5,,,,,,,
CAH-9A,6/29/23,7,24,2,28,veg,,,,,,,,,,,,
CAH-12B,6/29/23,7,17,7,44,veg,,,,,,,,,,,,
CAH-12C,6/29/23,7,21,4,35,fr,,,,7,,,,,,,,
CAH-14A,6/29/23,7,13,3,39,veg,,,,,40,,Spodoptera,1,,,,
CAH-14B,6/29/23,7,22,5,42,veg,,,,,1,,,,,,,
MOR-1B,6/29/23,7,24,1,14,veg,,,,,,,,,,,,
MOR-1C,6/29/23,7,22,1,34,veg,,,,,,,,,,,,
MOR-1D,6/29/23,7,21,2,14,veg,,,,,7,,Meallybug,7,,,,
MOR-2A,6/29/23,7,19,1,16,veg,,,,,,,,,,,,
MOR-2B,6/29/23,7,24,1,28,bud,7,,,,,,,,,,,
MOR-4C,6/29/23,7,21,1,26,veg,,,,,,,,,,,,
MOR-4D,6/29/23,7,21,1,32,bud,4,,,,,,,,,,,
MOR-4E,6/29/23,7,21,1,18,veg,,,,,3,,,,,,,
MOR-4F,6/29/23,7,23,1,28,veg,,,,,2,,,,,,,
MOR-6A,6/29/23,7,34,1,22,b/fr/fl,2,3,,3,15,,,,,,,
MOR-6C,6/29/23,7,24,1,24,veg,,,,,2,,,,,,,
MOR-6D,6/29/23,7,22,2,36,fr,,,,1,12,,,,,,,
REF-1B,6/29/23,7,21,1,24,bud,7,,,,,,,,,,,
REF-1C,6/29/23,7,17,1,22,bud,4,,,,,,,,,,,
REF-1G,6/29/23,7,17,2,26,veg,,,,,13,,,,,,,
REF-5A,6/29/23,7,26,1,34,veg,,,,,3,,,,,,,
REF-5B,6/29/23,7,18,3,26,veg,,,,,,,Meallybug,3,,,,
REF-5C,6/29/23,7,18,1,20,bud,5,,,,,,,,,,,
REF-5D,6/29/23,7,20,1,33,veg,,,,,,,,,,,,
REF-5F,6/29/23,7,22,1,27,veg,,,,,3,,,,,,,
REF-6A,6/29/23,7,13,1,22,veg,,,,,5,,,,,,,
REF-6C,6/29/23,7,16,1,14,veg,,,,,,,,,,,,
REF-6D,6/29/23,7,13,2,17,veg,,,,,,,,,,,,
REF-7B,6/29/23,7,15,2,25,veg,,,,,5,,,,,,,
HIX-1C,6/29/23,7,6,1,7,veg,,,,,,,,,,,,
HIX-1D,6/29/23,7,15,1,25,veg,,,,,,,,,,,,
HIX-1E,6/29/23,7,20,1,18,b/fr/fl,5,1,,2,2,,,,,,,
HIX-1G,6/29/23,7,15,2,20,veg,,,,,35,,,,,,,
HIX-3E,6/29/23,7,18,1,28,veg,,,,,,,,,,,,
HIX-4C,6/29/23,7,21,2,28,bud,5,,,,,,,,,,,
HIX-4D,6/29/23,7,10,3,13,veg,,,,,,,,,,,,
I1-3B,6/29/23,7,4,2,10,veg,,,,,,,,,,,,
I1-4B,6/29/23,7,21,2,41,veg,,,,,,,,,,,,
I1-5A,6/29/23,7,21,4,33,veg,,,,,,,,,,,,
I1-5B,6/29/23,7,10,2,22,veg,,,,,,,,,,,,
I1-6A,6/29/23,7,19,2,26,veg,,,,,5,,Spodoptera,1,Caterpillar,1,,
I2-1A,6/29/23,7,18,2,26,veg,,,,,40,,Mealybug,35,,,,
I2-1B,6/29/23,7,21,1,18,veg,,,,,,,,,,,,
I2-2A,6/29/23,7,19,6,48,veg,,,,,,,,,,,,
I2-5B,6/29/23,7,21,1,16,fr,,,,3,,,,,,,,
I2-7B,6/29/23,7,18,4,42,veg,,,,,12,,,,,,,
I3-2C,6/29/23,7,20,1,26,veg,,,,,,,,,,,,
I3-3C,6/29/23,7,22,6,32,b/fr/fl,5,2,,2,20,,Mealybug,1,,,,
I3-4A,6/29/23,7,19,3,38,veg,,,,,,,,,,,,
I3-4B,6/29/23,7,18,6,33,bud,11,,,,,,,,,,,
I3-5C,6/29/23,7,23,2,22,bud,13,,,,13,,,,,,,
I3-6C,6/29/23,7,14,3,21,bud,3,,,,,,,,,,,
I3-6D,6/29/23,7,11,2,37,veg,,,,,95,,,,,,,
N2-4A,6/29/23,7,9,3,25,veg,,,,,,,,,,,,
N2-5A,6/29/23,7,14,1,10,veg,,,,,5,,Spodoptera,1,,,,
N2-5B,6/29/23,7,14,2,19,veg,,,,,1,,,,,,,
N2-5C,6/29/23,7,18,2,19,veg,,,,,,,,,,,,
N2-5D,6/29/23,7,12,2,15,veg,,,,,,,,,,,,
N2-5E,6/29/23,7,13,2,26,veg,,,,,,,,,,,,
N2-6A,6/29/23,7,13,1,15,veg,,,,,,,,,,,,
N2-6B,6/29/23,7,17,1,16,bud,5,,,,5,,,,,,,
N5-3D,6/29/23,7,26,1,28,b/fr,5,,3,,,,,,,,,
N5-3E,6/29/23,7,18,4,21,veg,,,,,,,,,,,,
N5-3F,6/29/23,7,24,1,26,veg,,,,,7,,,,,,,
N5-3G,6/29/23,7,23,3,24,veg,,,,,12,,Meallybug,7,,,,
N5-4D,6/29/23,7,23,1,14,fr,,,4,,25,,Meallybug,12,,,,
N5-4E,6/29/23,7,25,3,38,veg,,,,,,,,,,,,
N5-4F,6/29/23,7,25,1,20,veg,,,,,,,,,,,,
N5-4G,6/29/23,7,27,1,22,fr,,,3,,3,,,,,,,
N5-5B,6/29/23,7,25,1,18,veg,,,,,,,,,,,,
N5-5E,6/29/23,7,36,1,32,veg,,,,,,,,,,,,
N5-5F,6/29/23,7,22,2,29,veg,,,,,12,,Meallybug,5,,,,
N5-6A,6/29/23,7,24,2,34,veg,,,,,,,Meallybug,5,,,,
PS-1A,7/3/23,8,,,,fr,5,,,4,,,,,,,,
PS-1B,7/3/23,8,,,,fr,,,,1,,,,,,,,
PS-2B,7/3/23,8,,,,fr,7,1,,2,,,,,,,,
PS-2F,7/3/23,8,,,,veg,,,,,20,,,,,,,
PS-2G,7/3/23,8,,,,bud,3,,,,,,,,,,,
PS-3E,7/3/23,8,,,,fr,9,,1,1,,,,,,,,
PS-4A,7/3/23,8,,,,fl,7,,3,,,,,,,,,
PS-4B,7/3/23,8,,,,fr,,,,6,,,,,,,,
PS-4D,7/3/23,8,,,,fr,1,,,4,3,,Mealybug,20,,,,
PS-4E,7/3/23,8,,,,fr,6,,,2,1,,Mealybug,1,White Fly,1,,
PS-5B,7/3/23,8,,,,fl,12,4,3,,3,,,,,,,
PS-5E,7/3/23,8,,,,veg,,,,,1,,White Fly,1,,,,
DUDU-1A,7/3/23,8,,,,fr,,2,,4,7,,,,,,,
DUDU-1C,7/3/23,8,,,,veg,,,,,,,,,,,,
DUDU-3A,7/3/23,8,,,,bud,6,,,,,,White Fly,1,,,,
DUDU-3C,7/3/23,8,,,,veg,,,,,,,,,,,,
DUDU-3D,7/3/23,8,,,,veg,,,,,,,,,,,,
DUDU-5A,7/3/23,8,,,,bud,10,,,,,,Scales,10,,,,
DUDU-5B,7/3/23,8,,,,veg,,,,,,,,,,,,
DUDU-7A,7/3/23,8,,,,veg,,,,,,,White Fly,2,,,,
DUDU-7B,7/3/23,8,,,,bud,6,,,,,,,,,,,
DUDU-7C,7/3/23,8,,,,fr,,,,1,3,,Mealybug,20,,,,
DUDU-7D,7/3/23,8,,,,bud,8,,,,,,,,,,,
DUDU-7E,7/3/23,8,,,,bud,7,,,,1,,Mealybug,40,,,,
BR-1A,7/3/23,8,,,,veg,,,,,,,,,,,,
BR-1E,7/3/23,8,,,,fl,5,2,,,1,,,,,,,
BR-1H,7/3/23,8,,,,veg,,,,,3,,Mealybug,1,,,,
BR-1J,7/3/23,8,,,,fl,8,1,,,,,,,,,,
ICH-1A,7/3/23,8,,,,veg,,,,,,,,,,,,
ICH-1B,7/3/23,8,,,,veg,,,,,,,,,,,,
ICH-3A,7/3/23,8,,,,veg,,,,,,,,,,,,
ICH-5A,7/3/23,8,,,,veg,,,,,15,,,,,,,
ICH-6A,7/3/23,8,,,,veg,,,,,1,,White Fly,1,,,,
FLAT-1A,7/3/23,8,,,,veg,,,,,4,,Mormidea lugens,1,Scales,5,,
FLAT-1B,7/3/23,8,,,,veg,,,,,3,,Mealybug,2,,,,
FLAT-3A,7/3/23,8,,,,veg,,,,,,,,,,,,
FLAT-4B,7/3/23,8,,,,veg,,,,,,,,,,,,
FLAT-5A,7/3/23,8,,,,veg,,,,,3,,White Fly,1,,,,
FLAT-6B,7/3/23,8,,,,veg,,,,,,,,,,,,
ARB-7A,7/3/23,8,,,,veg,,,,,,,,,,,,
ARB-7B,7/3/23,8,,,,fr,,,,7,,,,,,,,
ARB-7C,7/3/23,8,,,,fr,4,1,1,1,2,,White Fly,1,Mealybug,5,,
ARB-7D,7/3/23,8,,,,veg,,,,,1,,White Fly,2,Scales,50,,
ARB-7E,7/3/23,8,,,,veg,,,,,2,,Grasshopper,1,,,,
ARB-7F,7/3/23,8,,,,veg,,,,,5,,Mealybug,1,,,,
ARB-8A,7/3/23,8,,,,veg,,,,,30,,White Fly,1,Scales,5,,
ARB-8B,7/3/23,8,,,,veg,,,,,,,,,,,,
ARB-8C,7/3/23,8,,,,veg,,,,,,,,,,,,
ARB-12A,7/3/23,8,,,,veg,,,,,5,,White Fly,2,,,,
ARB-15B,7/3/23,8,,,,veg,,,,,,,,,,,,
ARB-15C,7/3/23,8,,,,veg,,,,,,,,,,,,
CAH-5A,7/3/23,8,,,,veg,,,,,,,,,,,,
CAH-5B,7/3/23,8,,,,veg,,,,,,,,,,,,
CAH-5C,7/3/23,8,,,,veg,,,,,6,,,,,,,
CAH-8A,7/3/23,8,,,,veg,,,,,5,,White Fly,1,Mealybug,1,,
CAH-8B,7/3/23,8,,,,veg,,,,,,,,,,,,
CAH-8C,7/3/23,8,,,,veg,,,,,15,,,,,,,
CAH-8E,7/3/23,8,,,,veg,,,,,8,,,,,,,
CAH-9A,7/3/23,8,,,,veg,,,,,,,,,,,,
CAH-12B,7/3/23,8,,,,veg,,,,,,,,,,,,
CAH-12C,7/3/23,8,,,,fr,,,,7,,,,,,,,
CAH-14A,7/3/23,8,,,,veg,,,,,5,,White Fly,3,,,,
CAH-14B,7/3/23,8,,,,veg,,,,,1,,White Fly,1,,,,
MOR-1B,7/3/23,8,,,,veg,,,,,,,,,,,,
MOR-1C,7/3/23,8,,,,veg,,,,,,,,,,,,
MOR-1D,7/3/23,8,,,,veg,,,,,2,,Mealybug,3,,,,
MOR-2A,7/3/23,8,,,,bud,3,,,,,,,,,,,
MOR-2B,7/3/23,8,,,,fl,4,2,,,,,,,,,,
MOR-4C,7/3/23,8,,,,bud,5,,,,,,,,,,,
MOR-4D,7/3/23,8,,,,veg,,,,,,,,,,,,
MOR-4E,7/3/23,8,,,,veg,,,,,1,,Mealybug,5,,,,
MOR-4F,7/3/23,8,,,,veg,,,,,,,Mealybug,5,,,,
MOR-6A,7/3/23,8,,,,fr,1,1,,5,4,,Mealybug,1,,,,
MOR-6C,7/3/23,8,,,,veg,,,,,1,,Mealybug,5,Scales,4,,
MOR-6D,7/3/23,8,,,,fr,,,,1,3,,Mealybug,5,,,,
REF-1B,7/3/23,8,,,,bud,15,,,,,,,,,,,
REF-1C,7/3/23,8,,,,bud,17,,,,,,,,,,,
REF-1G,7/3/23,8,,,,veg,,,,,1,,White Fly,1,Mealybug,1,,
REF-5A,7/3/23,8,,,,veg,,,,,1,,White Fly,1,,,,
REF-5B,7/3/23,8,,,,veg,,,,,,,Mealybug,1,,,,
REF-5C,7/3/23,8,,,,bud,8,,,,,,,,,,,
REF-5D,7/3/23,8,,,,veg,,,,,,,,,,,,
REF-5F,7/3/23,8,,,,veg,,,,,2,,White Fly,1,Spodoptera,1,,
REF-6A,7/3/23,8,,,,bud,8,,,,1,,Mealybug,1,,,,
REF-6C,7/3/23,8,,,,veg,,,,,,,,,,,,
REF-6D,7/3/23,8,,,,veg,,,,,,,,,,,,
REF-7B,7/3/23,8,,,,veg,,,,,,,White Fly,3,,,,
HIX-1C,7/3/23,8,,,,veg,,,,,,,,,,,,
HIX-1D,7/3/23,8,,,,bud,9,,,,1,,Mealybug,3,Scales,20,,
HIX-1E,7/3/23,8,,,,fr,14,,,4,1,,White Fly,1,Leafhopper,1,,
HIX-1G,7/3/23,8,,,,bud,6,,,,5,,White Fly,1,,,,
HIX-3E,7/3/23,8,,,,bud,6,,,,,,,,,,,
HIX-4C,7/3/23,8,,,,bud,8,,,,,,,,,,,
HIX-4D,7/3/23,8,,,,veg,,,,,,,,,,,,
I1-3B,7/3/23,8,,,,veg,,,,,,,,,,,,
I1-4B,7/3/23,8,,,,veg,,,,,,,,,,,,
I1-5A,7/3/23,8,,,,veg,,,,,,,,,,,,
I1-5B,7/3/23,8,,,,veg,,,,,,,Mealybug,2,,,,
I1-6A,7/3/23,8,,,,veg,,,,,2,,Mealybug,2,,,,
I2-1A,7/3/23,8,,,,veg,,,,,3,,Mealybug,10,,,,
I2-1B,7/3/23,8,,,,veg,,,,,3,,Mealybug,50,,,,
I2-2A,7/3/23,8,,,,fr,,,,3,,,,,,,,
I2-5B,7/3/23,8,,,,veg,,,,,,,,,,,,
I2-7B,7/3/23,8,,,,veg,,,,,1,,Mealybug,15,,,,
I3-2C,7/3/23,8,,,,fr,11,1,,5,,,,,,,,
I3-3C,7/3/23,8,,,,bud,6,,,,2,,Mealybug,1,,,,
I3-4A,7/3/23,8,,,,veg,,,,,,,,,,,,
I3-4B,7/3/23,8,,,,fl,9,1,,,,,,,,,,
I3-5C,7/3/23,8,,,,bud,16,,,,10,,,,,,,
I3-6C,7/3/23,8,,,,bud,7,,,,,,Mealybug,1,,,,
I3-6D,7/3/23,8,,,,veg,,,,,,,,,,,,
N2-4A,7/3/23,8,,,,veg,,,,,,,,,,,,
N2-5A,7/3/23,8,,,,veg,,,,,10,,,,,,,
N2-5B,7/3/23,8,,,,veg,,,,,,,,,,,,
N2-5C,7/3/23,8,,,,veg,,,,,,,,,,,,
N2-5D,7/3/23,8,,,,veg,,,,,,,,,,,,
N2-5E,7/3/23,8,,,,veg,,,,,,,,,,,,
N2-6A,7/3/23,8,,,,veg,,,,,,,Scales,10,,,,
N2-6B,7/3/23,8,,,,bud,5,,,,2,,White Fly,1,,,,
N5-3D,7/3/23,8,,,,fr,7,,,3,,,,,,,,
N5-3E,7/3/23,8,,,,veg,,,,,,,,,,,,
N5-3F,7/3/23,8,,,,veg,,,,,1,,Mealybug,10,,,,
N5-3G,7/3/23,8,,,,veg,,,,,4,,Mealybug,15,,,,
N5-4D,7/3/23,8,,,,fr,,,,4,10,,Mealybug,7,,,,
N5-4E,7/3/23,8,,,,veg,,,,,,,,,,,,
N5-4F,7/3/23,8,,,,veg,,,,,,,,,,,,
N5-4G,7/3/23,8,,,,fr,,,,3,3,,Mealybug,14,,,,
N5-5B,7/3/23,8,,,,veg,,,,,,,,,,,,
N5-5E,7/3/23,8,,,,veg,,,,,,,,,,,,
N5-5F,7/3/23,8,,,,veg,,,,,6,,Mealybug,5,,,,
N5-6A,7/3/23,8,,,,veg,,,,,,,Mealybug,3,,,,
PS-1A,7/10/23,9,,,,fr,5,,,4,,,White Fly,1,,,,
PS-1B,7/10/23,9,,,,fr,6,,,1,1,,,,,,,
PS-2B,7/10/23,9,,,,fr,,2,,4,,,,,,,,
PS-2F,7/10/23,9,,,,veg,,,,,10,,,,,,,
PS-2G,7/10/23,9,,,,veg,,,,,,,,,,,,
PS-3E,7/10/23,9,,,,bud,10,,,,,,Mealybug,1,,,,
PS-4A,7/10/23,9,,,,fr,,,,2,,,,,,,,
PS-4B,7/10/23,9,,,,fr,,,,5,,,,,,,,
PS-4D,7/10/23,9,,,,fr,,,,4,5,,Mealybug,25,,,,
PS-4E,7/10/23,9,,,,fr,,,3,2,1,,Mealybug,3,,,,
PS-5B,7/10/23,9,,,,fr,,2,,15,1,,Mealybug,1,,,,
PS-5E,7/10/23,9,,,,veg,,,,,,,,,,,,
DUDU-1A,7/10/23,9,,,,fr,,,,6,2,,,,,,,
DUDU-1C,7/10/23,9,,,,veg,,,,,1,,,,,,,
DUDU-3A,7/10/23,9,,,,fl,12,1,,,,,,,,,,
DUDU-3C,7/10/23,9,,,,veg,,,,,,,,,,,,
DUDU-3D,7/10/23,9,,,,veg,,,,,,,,,,,,
DUDU-5A,7/10/23,9,,,,fl,10,1,,,,,,,,,,
DUDU-5B,7/10/23,9,,,,veg,,,,,,,,,,,,
DUDU-7A,7/10/23,9,,,,bud,10,,,,,,,,,,,
DUDU-7B,7/10/23,9,,,,bud,6,,,,,,,,,,,
DUDU-7C,7/10/23,9,,,,fr,,,,1,1,,Mealybug,15,,,,
DUDU-7D,7/10/23,9,,,,fr,5,3,,1,,,,,,,,
DUDU-7E,7/10/23,9,,,,fl,7,1,,,,,Mealybug,50,,,,
BR-1A,7/10/23,9,,,,veg,,,,,,,,,,,,
BR-1E,7/10/23,9,,,,fr,,1,,5,1,,,,,,,
BR-1H,7/10/23,9,,,,veg,,,,,2,,Mealybug,1,,,,
BR-1J,7/10/23,9,,,,fr,,,,9,,,,,,,,
ICH-1A,7/10/23,9,,,,veg,,,,,,,,,,,,
ICH-1B,7/10/23,9,,,,veg,,,,,,,,,,,,
ICH-3A,7/10/23,9,,,,veg,,,,,1,,White Fly,2,,,,
ICH-5A,7/10/23,9,,,,veg,,,,,30,,,,,,,
ICH-6A,7/10/23,9,,,,veg,,,,,,,,,,,,
FLAT-1A,7/10/23,9,,,,veg,,,,,1,,White Fly,2,,,,
FLAT-1B,7/10/23,9,,,,veg,,,,,,,Mealybug,1,,,,
FLAT-3A,7/10/23,9,,,,veg,,,,,1,,Green caterpillar,1,,,,
FLAT-4B,7/10/23,9,,,,veg,,,,,,,,,,,,
FLAT-5A,7/10/23,9,,,,veg,,,,,1,,Mealybug,5,,,,
FLAT-6B,7/10/23,9,,,,veg,,,,,,,,,,,,
ARB-7A,7/10/23,9,,,,veg,,,,,,,,,,,,
ARB-7B,7/10/23,9,,,,fr,,,,8,,,White Fly,3,,,,
ARB-7C,7/10/23,9,,,,fr,,1,,5,1,,Green caterpillar,1,,,,
ARB-7D,7/10/23,9,,,,veg,,,,,,,,,,,,
ARB-7E,7/10/23,9,,,,veg,,,,,2,,,,,,,
ARB-7F,7/10/23,9,,,,veg,,,,,3,,Grasshopper,1,Mealybug,5,,
ARB-8A,7/10/23,9,,,,veg,,,,,30,,,,,,,
ARB-8B,7/10/23,9,,,,veg,,,,,,,White Fly,5,,,,
ARB-8C,7/10/23,9,,,,veg,,,,,1,,White Fly,10,,,,
ARB-12A,7/10/23,9,,,,veg,,,,,5,,White Fly,2,,,,
ARB-15B,7/10/23,9,,,,veg,,,,,,,White Fly,3,,,,
ARB-15C,7/10/23,9,,,,veg,,,,,,,White Fly,5,,,,
CAH-5A,7/10/23,9,,,,veg,,,,,,,,,,,,
CAH-5B,7/10/23,9,,,,veg,,,,,,,,,,,,
CAH-5C,7/10/23,9,,,,veg,,,,,1,,White Fly,1,,,,
CAH-8A,7/10/23,9,,,,veg,,,,,5,,Mealybug,3,,,,
CAH-8B,7/10/23,9,,,,veg,,,,,,,,,,,,
CAH-8C,7/10/23,9,,,,veg,,,,,2,,White Fly,1,,,,
CAH-8E,7/10/23,9,,,,veg,,,,,25,,,,,,,
CAH-9A,7/10/23,9,,,,veg,,,,,,,,,,,,
CAH-12B,7/10/23,9,,,,veg,,,,,,,,,,,,
CAH-12C,7/10/23,9,,,,fr,,,,7,,,,,,,,
CAH-14A,7/10/23,9,,,,veg,,,,,2,,,,,,,
CAH-14B,7/10/23,9,,,,veg,,,,,1,,,,,,,
MOR-1B,7/10/23,9,,,,veg,,,,,,,,,,,,
MOR-1C,7/10/23,9,,,,veg,,,,,,,,,,,,
MOR-1D,7/10/23,9,,,,veg,,,,,5,,Green caterpillar,1,Mealybug,5,,
MOR-2A,7/10/23,9,,,,bud,7,,,,,,,,,,,
MOR-2B,7/10/23,9,,,,fr,,,,5,,,,,,,,
MOR-4C,7/10/23,9,,,,bud,7,,,,,,,,,,,
MOR-4D,7/10/23,9,,,,veg,,,,,,,,,,,,
MOR-4E,7/10/23,9,,,,veg,,,,,1,,Mealybug,1,,,,
MOR-4F,7/10/23,9,,,,veg,,,,,1,,Green caterpillar,1,,,,
MOR-6A,7/10/23,9,,,,fr,,,,7,2,,green caterpillar,1,Mealybug,5,,
MOR-6C,7/10/23,9,,,,veg,,,,,,,,,,,,
MOR-6D,7/10/23,9,,,,fr,,,,1,2,,,,,,,
REF-1B,7/10/23,9,,,,fr,12,3,,2,,,White Fly,1,,,,
REF-1C,7/10/23,9,,,,fr,20,5,,2,,,,,,,,
REF-1G,7/10/23,9,,,,veg,,,,,1,,White Fly,1,Mealybug,1,,
REF-5A,7/10/23,9,,,,veg,,,,,1,,,,,,,
REF-5B,7/10/23,9,,,,veg,,,,,1,,,,,,,
REF-5C,7/10/23,9,,,,fl,7,2,,,,,,,,,,
REF-5D,7/10/23,9,,,,veg,,,,,,,White Fly,5,,,,
REF-5F,7/10/23,9,,,,veg,,,,,1,,,,,,,
REF-6A,7/10/23,9,,,,fl,9,2,,,,,Mealybug,2,,,,
REF-6C,7/10/23,9,,,,veg,,,,,,,,,,,,
REF-6D,7/10/23,9,,,,veg,,,,,,,,,,,,
REF-7B,7/10/23,9,,,,bud,8,,,,1,,,,,,,
HIX-1C,7/10/23,9,,,,veg,,,,,,,,,,,,
HIX-1D,7/10/23,9,,,,fl,8,2,,,1,,,,,,,
HIX-1E,7/10/23,9,,,,fr,16,,3,5,1,,White Fly,1,,,,
HIX-1G,7/10/23,9,,,,bed,9,,,,2,,,,,,,
HIX-3E,7/10/23,9,,,,fl,8,1,,,1,,Green caterpillar,1,,,,
HIX-4C,7/10/23,9,,,,fl,10,2,,,,,,,,,,
HIX-4D,7/10/23,9,,,,veg,,,,,,,,,,,,
I1-3B,7/10/23,9,,,,veg,,,,,,,White Fly,1,,,,
I1-4B,7/10/23,9,,,,veg,,,,,,,,,,,,
I1-5A,7/10/23,9,,,,veg,,,,,,,,,,,,
I1-5B,7/10/23,9,,,,veg,,,,,,,Mealybug,1,,,,
I1-6A,7/10/23,9,,,,veg,,,,,2,,White Fly,1,,,,
I2-1A,7/10/23,9,,,,veg,,,,,1,,Mealybug,8,,,,
I2-1B,7/10/23,9,,,,veg,,,,,80,,Caterpillar,1,Mealybug,50,,
I2-2A,7/10/23,9,,,,fr,,,,3,,,,,,,,
I2-5B,7/10/23,9,,,,veg,,,,,,,,,,,,
I2-7B,7/10/23,9,,,,veg,,,,,5,,Caterpillar,1,Mealybug,20,,
I3-2C,7/10/23,9,,,,fr,25,,,6,1,,,,,,,
I3-3C,7/10/23,9,,,,bud,9,,,,1,,,,,,,
I3-4A,7/10/23,9,,,,veg,,,,,,,,,,,,
I3-4B,7/10/23,9,,,,fr,8,1,,7,,,,,,,,
I3-5C,7/10/23,9,,,,fr,21,3,,3,5,,,,,,,
I3-6C,7/10/23,9,,,,bud,10,,,,,,Mealybug,2,,,,
I3-6D,7/10/23,9,,,,veg,,,,,,,,,,,,
N2-4A,7/10/23,9,,,,veg,,,,,,,,,,,,
N2-5A,7/10/23,9,,,,veg,,,,,30,,,,,,,
N2-5B,7/10/23,9,,,,veg,,,,,1,,Green caterpillar,1,Mealybug,1,,
N2-5C,7/10/23,9,,,,veg,,,,,,,,,,,,
N2-5D,7/10/23,9,,,,veg,,,,,,,,,,,,
N2-5E,7/10/23,9,,,,veg,,,,,,,,,,,,
N2-6A,7/10/23,9,,,,veg,,,,,1,,,,,,,
N2-6B,7/10/23,9,,,,fr,,1,,4,2,,,,,,,
N5-3D,7/10/23,9,,,,fr,12,4,,4,,,,,,,,
N5-3E,7/10/23,9,,,,veg,,,,,,,,,,,,
N5-3F,7/10/23,9,,,,veg,,,,,`10,,Mealybug,50,,,,
N5-3G,7/10/23,9,,,,veg,,,,,7,,Green caterpillar,1,Mealybug,20,,
N5-4D,7/10/23,9,,,,fr,,,,4,40,,Green caterpillar,3,,,,
N5-4E,7/10/23,9,,,,veg,,,,,,,,,,,,
N5-4F,7/10/23,9,,,,veg,,,,,,,,,,,,
N5-4G,7/10/23,9,,,,fr,,,,3,2,,Mealybug,10,,,,
N5-5B,7/10/23,9,,,,veg,,,,,,,,,,,,
N5-5E,7/10/23,9,,,,veg,,,,,,,,,,,,
N5-5F,7/10/23,9,,,,veg,,,,,10,,Green caterpillar,3,,,,
N5-6A,7/10/23,9,,,,veg,,,,,5,,Green caterpillar,2,Mealybug,10,,
PS-1A,7/17/23,10,32,1,22,fr,,2,,5,,,,,,,,
PS-1B,7/17/23,10,33,3,48,fr,8,1,,1,7,,,,,,,
PS-2B,7/17/23,10,23,1,30,fr,,,,6,,,,,,,,
PS-2F,7/17/23,10,30,3,38,veg,,,,,18,,,,,,,
PS-2G,7/17/23,10,32,3,34,bud,1,,,,,,,,,,,
PS-3E,7/17/23,10,33,3,38,fr,8,,2,2,,,,,,,,
PS-4A,7/17/23,10,33,4,43,fr,,,,2,,,,,,,,
PS-4B,7/17/23,10,35,2,32,fr,12,,,6,,,,,,,,
PS-4D,7/17/23,10,15,1,28,fr,,,,4,12,,Mealybug,15,,,,
PS-4E,7/17/23,10,26,1,47,fr,,,,3,5,,Spedoptera,1,,,,
PS-5B,7/17/23,10,42,2,39,fr,,,,17,12,,,,,,,
PS-5E,7/17/23,10,30,3,44,veg,,,,,8,,Spedoptera,1,,,,
DUDU-1A,7/17/23,10,28,5,36,fr,,,,6,7,,,,,,,
DUDU-1C,7/17/23,10,18,1,10,veg,,,,,2,,,,,,,
DUDU-3A,7/17/23,10,30,2,20,fr,10,3,,6,,,,,,,,
DUDU-3C,7/17/23,10,22,5,44,vbud,5,,,,,,,,,,,
DUDU-3D,7/17/23,10,18,1,11,v,,,,,,,,,,,,
DUDU-5A,7/17/23,10,28,4,25,fr,6,5,,2,,,,,,,,
DUDU-5B,7/17/23,10,26,2,23,bud,5,,,,,,,,,,,
DUDU-7A,7/17/23,10,23,2,16,bud,18,,,,,,,,,,,
DUDU-7B,7/17/23,10,23,2,16,fr,5,1,,6,,,,,,,,
DUDU-7C,7/17/23,10,11,2,13,fr,4,,,1,1,,,,,,,
DUDU-7D,7/17/23,10,25,2,19,fr,,1,,5,,,,,,,,
DUDU-7E,7/17/23,10,8,1,20,fr,4,,1,2,2,,Mealybug,50,,,,
BR-1A,7/17/23,10,28,3,27,veg,,,,,,,,,,,,
BR-1E,7/17/23,10,27,1,34,fr,,,,5,5,,,,,,,
BR-1H,7/17/23,10,23,2,43,veg,,,,,6,,Mealybug,3,,,,
BR-1J,7/17/23,10,38,5,49,fr,,,,8,,,,,,,,
ICH-1A,7/17/23,10,39,1,24,veg,,,,,,,,,,,,
ICH-1B,7/17/23,10,32,4,27,veg,,,,,,,,,,,,
ICH-3A,7/17/23,10,21,5,22,veg,,,,,15,,Spedoptera,,,,,
ICH-5A,7/17/23,10,22,4,14,veg,,,,,20,,1,,,,,
ICH-6A,7/17/23,10,34,2,23,veg,,,,,,,,,,,,
FLAT-1A,7/17/23,10,26,4,47,veg,,,,,18,,Mealybug,5,Spedoptera,1,,
FLAT-1B,7/17/23,10,24,3,29,veg,,,,,,,Mealybug,3,,,,
FLAT-3A,7/17/23,10,19,2,39,veg,,,,,,,Mealybug,10,,,,
FLAT-4B,7/17/23,10,25,2,23,veg,,,,,,,,,,,,
FLAT-5A,7/17/23,10,23,2,32,veg,,,,,35,,Spedoptera,4,Mealybug,2,,
FLAT-6B,7/17/23,10,30,1,35,veg,,,,,,,,,,,,
ARB-7A,7/17/23,10,41,1,47,veg,,,,,,,White Fly,10,,,,
ARB-7B,7/17/23,10,20,3,36,fr,,,,7,,,,,,,,
ARB-7C,7/17/23,10,30,4,49,fr,,,,6,15,,,,,,,
ARB-7D,7/17/23,10,44,3,53,veg,,,,,7,,,,,,,
ARB-7E,7/17/23,10,38,2,49,veg,,,,,12,,,,,,,
ARB-7F,7/17/23,10,36,4,54,veg,,,,,28,,Grasshopper,1,,,,
ARB-8A,7/17/23,10,23,2,32,veg,,,,,38,,Spedoptera,3,,,,
ARB-8B,7/17/23,10,24,2,27,veg,,,,,,,White Fly,30,,,,
ARB-8C,7/17/23,10,28,2,31,veg,,,,,,,,,,,,
ARB-12A,7/17/23,10,23,6,37,veg,,,,,18,,,,,,,
ARB-15B,7/17/23,10,23,2,46,veg,,,,,,,,,,,,
ARB-15C,7/17/23,10,24,2,33,veg,,,,,,,,,,,,
CAH-5A,7/17/23,10,20,6,29,veg,,,,,,,,,,,,
CAH-5B,7/17/23,10,22,5,34,veg,,,,,,,,,,,,
CAH-5C,7/17/23,10,23,4,34,veg,,,,,2,,,,,,,
CAH-8A,7/17/23,10,23,3,27,veg,,,,,7,,,,,,,
CAH-8B,7/17/23,10,29,4,47,veg,,,,,,,,,,,,
CAH-8C,7/17/23,10,17,4,48,veg,,,,,30,,,,,,,
CAH-8E,7/17/23,10,28,3,33,veg,,,,,5,,,,,,,
CAH-9A,7/17/23,10,20,2,32,veg,,,,,,,,,,,,
CAH-12B,7/17/23,10,16,7,33,veg,,,,,,,,,,,,
CAH-12C,7/17/23,10,17,3,21,fr,,,,7,,,,,,,,
CAH-14A,7/17/23,10,22,3,53,veg,,,,,2,,,,,,,
CAH-14B,7/17/23,10,27,3,33,veg,,,,,7,,,,,,,
MOR-1B,7/17/23,10,28,1,24,veg,,,,,,,Grasshopper,1,,,,
MOR-1C,7/17/23,10,29,1,53,veg,,,,,,,Spedoptera,1,,,,
MOR-1D,7/17/23,10,29,1,28,veg,,,,,28,,Mealybug,10,Spedoptera,1,,
MOR-2A,7/17/23,10,25,1,34,fl,5,2,,,,,,,,,,
MOR-2B,7/17/23,10,28,1,35,fr,,,,6,,,,,,,,
MOR-4C,7/17/23,10,26,1,32,fr,2,2,1,3,,,,,,,,
MOR-4D,7/17/23,10,21,1,28,veg,,,,,,,,,,,,
MOR-4E,7/17/23,10,25,1,40,veg,,,,,,,Mealybug,20,,,,
MOR-4F,7/17/23,10,23,1,39,veg,,,,,20,,Mealybug,10,Spedoptera,2,,
MOR-6A,7/17/23,10,28,1,37,fr,,,,7,12,,Mealybug,10,Spedoptera,1,,
MOR-6C,7/17/23,10,26,1,47,veg,,,,,3,,Mealybug,3,,,,
MOR-6D,7/17/23,10,23,1,45,fr,,,,1,7,,Mealybug,20,,,,
REF-1B,7/17/23,10,28,1,58,fr,9,3,,10,,,,,,,,
REF-1C,7/17/23,10,24,1,53,fr,11,3,,19,,,,,,,,
REF-1G,7/17/23,10,20,2,49,veg,,,,,12,,,,,,,
REF-5A,7/17/23,10,28,2,59,veg,,,,,3,,Yellow Aphids,50,,,,
REF-5B,7/17/23,10,22,3,42,veg,,,,,45,,Mealybug,2,,,,
REF-5C,7/17/23,10,22,2,43,fr,,2,,7,,,White Fly,20,,,,
REF-5D,7/17/23,10,24,1,49,veg,,,,,,,White Fly,50,,,,
REF-5F,7/17/23,10,28,1,57,veg,,,,,8,,,,,,,
REF-6A,7/17/23,10,19,1,49,fr,4,1,,9,3,,,,,,,
REF-6C,7/17/23,10,18,1,54,bud,3,,,,,,White Fly,50,,,,
REF-6D,7/17/23,10,27,2,37,veg,,,,,,,White Fly,10,,,,
REF-7B,7/17/23,10,23,1,48,fr,7,3,,2,5,,White Fly,5,Mealybug,1,,
HIX-1C,7/17/23,10,7,1,7,veg,,,,,,,,,,,,
HIX-1D,7/17/23,10,19,1,24,fr,2,3,,5,1,,,,,,,
HIX-1E,7/17/23,10,30,1,21,fr,8,5,,10,,,Mealybug,4,,,,
HIX-1G,7/17/23,10,21,2,17,fr,3,2,,3,2,,Mealybug,5,,,,
HIX-3E,7/17/23,10,22,1,19,fr,3,2,,6,7,,,,,,,
HIX-4C,7/17/23,10,28,2,31,fr,2,1,,8,,,,,,,,
HIX-4D,7/17/23,10,16,3,22,veg,,,,,,,,,,,,
I1-3B,7/17/23,10,11,2,16,veg,,,,,,,,,,,,
I1-4B,7/17/23,10,24,2,42,veg,,,,,,,,,,,,
I1-5A,7/17/23,10,18,3,20,veg,,,,,,,,,,,,
I1-5B,7/17/23,10,11,2,15,veg,,,,,2,,,,,,,
I1-6A,7/17/23,10,20,2,37,veg,,,,,3,,White Fly,1,,,,
I2-1A,7/17/23,10,20,2,42,veg,,,,,10,,Mealybug,20,,,,
I2-1B,7/17/23,10,17,1,25,veg,,,,,85,,Mealybug,100,,,,
I2-2A,7/17/23,10,18,6,42,fr,,,,3,,,,,,,,
I2-5B,7/17/23,10,19,1,12,veg,,,,,,,,,,,,
I2-7B,7/17/23,10,16,3,37,veg,,,,,10,,Mealybug,100,,,,
I3-2C,7/17/23,10,23,1,52,fr,16,5,,9,8,,,,,,,
I3-3C,7/17/23,10,28,4,59,fr,5,1,,3,10,,,,,,,
I3-4A,7/17/23,10,27,3,65,veg,,,,,,,White Fly,50,,,,
I3-4B,7/17/23,10,23,6,45,fr,6,,,8,,,,,,,,
I3-5C,7/17/23,10,28,2,36,fr,9,5,,13,28,,Spedoptera,1,,,,
I3-6C,7/17/23,10,23,2,26,fr,4,2,,4,,,Mealybug,2,,,,
I3-6D,7/17/23,10,16,2,65,veg,,,,,90,,,,,,,
N2-4A,7/17/23,10,14,3,20,veg,,,,5,,,,,,,,
N2-5A,7/17/23,10,23,1,15,veg,,,,,7,,,,,,,
N2-5B,7/17/23,10,19,2,22,veg,,,,,2,,Mealybug,2,,,,
N2-5C,7/17/23,10,23,1,20,veg,,,,,,,,,,,,
N2-5D,7/17/23,10,20,2,19,veg,,,,,,,,,,,,
N2-5E,7/17/23,10,24,2,27,veg,,,,,,,White Fly,3,,,,
N2-6A,7/17/23,10,23,1,23,veg,,,,,1,,,,,,,
N2-6B,7/17/23,10,24,1,17,fr,,,,5,30,,Spedoptera,1,,,,
N5-3D,7/17/23,10,31,1,43,fr,2,4,,12,,,,,,,,
N5-3E,7/17/23,10,18,4,10,veg,,,,,,,,,,,,
N5-3F,7/17/23,10,22,1,28,veg,,,,,95,,Mealybug,200,,,,
N5-3G,7/17/23,10,26,3,28,veg,,,,,75,,Mealybug,1,Spedoptera,1,,
N5-4D,7/17/23,10,19,1,25,fr,,,,4,90,,Mealybug,50,Spedoptera,2,,
N5-4E,7/17/23,10,29,3,48,veg,,,,,,,,,,,,
N5-4F,7/17/23,10,20,1,13,veg,,,,,,,,,,,,
N5-4G,7/17/23,10,28,1,28,fr,,,,3,5,,Mealybug,50,,,,
N5-5B,7/17/23,10,21,1,11,veg,,,,,,,,,,,,
N5-5E,7/17/23,10,44,1,68,veg,,,,,,,,,,,,
N5-5F,7/17/23,10,32,2,37,veg,,,,,45,,Mealybug,20,Spedoptera,1,,
N5-6A,7/17/23,10,32,2,45,veg,,,,,7,,Mealybug,20,,,,
PS-1A,7/28/23,11,,,,fr,,,,7,,,,,,,,
PS-1B,7/28/23,11,,,,fr,,,1,7,2,,Mealybug,1,,,,
PS-2B,7/28/23,11,,,,fr,,,,6,,,,,,,,
PS-2F,7/28/23,11,,,,bud,9,,,,3,,Mealybug,2,Cicadellidae,2,,
PS-2G,7/28/23,11,,,,veg,,,,,,,,,,,,
PS-3E,7/28/23,11,,,,fr,,,,1,,,,,,,,
PS-4A,7/28/23,11,,,,fr,,,,2,,,,,,,,
PS-4B,7/28/23,11,,,,fr,3,3,,6,,,,,,,,
PS-4D,7/28/23,11,,,,fr,,,,4,,50,Mealybug,15,,,,
PS-4E,7/28/23,11,,,,fr,,,,3,5,,Mealybug,1,,,,
PS-5B,7/28/23,11,,,,fr,,,,18,5,,Mealybug,20,Stink bug,1,,
PS-5E,7/28/23,11,,,,veg,,,,,6,,Grasshopper,1,,,,
DUDU-1A,7/28/23,11,,,,fr,,,,6,3,,Mealybug,3,,,,
DUDU-1C,7/28/23,11,,,,veg,,,,,2,20,Mealybug,20,,,,
DUDU-3A,7/28/23,11,,,,fr,,,,10,,,,,,,,
DUDU-3C,7/28/23,11,,,,fl,7,1,,,,,,,,,,
DUDU-3D,7/28/23,11,,,,veg,,,,,,10,Mealybug,5,,,,
DUDU-5A,7/28/23,11,,,,fr,,2,2,9,,,,,,,,
DUDU-5B,7/28/23,11,,,,bud,4,,,,,,,,,,,
DUDU-7A,7/28/23,11,,,,fr,,,,2,15,15,Mealybug,15,,,,
DUDU-7B,7/28/23,11,,,,fr,,,,6,,,,,,,,
DUDU-7C,7/28/23,11,,,,fr,,,,1,3,80,Mealybug,500,,,,
DUDU-7D,7/28/23,11,,,,fr,4,,,9,,,,,,,,
DUDU-7E,7/28/23,11,,,,fr,,,,2,1,8,Mealybug,200,,,,
BR-1A,7/28/23,11,,,,veg,,,,,,,,,,,,
BR-1E,7/28/23,11,,,,fe,,,,6,5,3,Mealybug,70,,,,
BR-1H,7/28/23,11,,,,veg,,,,,7,2,Mealybug,20,,,,
BR-1J,7/28/23,11,,,,fr,,,,8,,,,,,,,
ICH-1A,7/28/23,11,,,,veg,,,,,,,,,,,,
ICH-1B,7/28/23,11,,,,veg,,,,,,,,,,,,
ICH-3A,7/28/23,11,,,,veg,,,,,20,10,Mealybug,5,,,,
ICH-5A,7/28/23,11,,,,veg,,,,,10,5,Mealybug,30,,,,
ICH-6A,7/28/23,11,,,,veg,,,,,4,,Mealybug,5,Spodoptera,1,,
FLAT-1A,7/28/23,11,,,,veg,,,,,3,3,Mealybug,30,Spodoptera,1,,
FLAT-1B,7/28/23,11,,,,veg,,,,,5,15,Mealybug,30,Spodoptera,1,,
FLAT-3A,7/28/23,11,,,,veg,,,,,3,10,Mealybug,40,,,,
FLAT-4B,7/28/23,11,,,,veg,,,,,,,,,,,,
FLAT-5A,7/28/23,11,,,,veg,,,,,5,,Mealybug,20,,,,
FLAT-6B,7/28/23,11,,,,veg,,,,,,,,,,,,
ARB-7A,7/28/23,11,,,,veg,,,,,,,,,,,,
ARB-7B,7/28/23,11,,,,fr,,,,7,,,,,,,,
ARB-7C,7/28/23,11,,,,fr,,,,6,3,2,Mealybug,100,,,,
ARB-7D,7/28/23,11,,,,veg,,,,,10,,Stink bug,1,,,,
ARB-7E,7/28/23,11,,,,veg,,,,,5,,Mealybug,1,Cicadellidae,1,,
ARB-7F,7/28/23,11,,,,veg,,,,,4,,Mealybug,50,,,,
ARB-8A,7/28/23,11,,,,veg,,,,,70,5,Mealybug,10,White Fly,1,,
ARB-8B,7/28/23,11,,,,veg,,,,,,,,,,,,
ARB-8C,7/28/23,11,,,,veg,,,,,,,,,,,,
ARB-12A,7/28/23,11,,,,veg,,,,,35,,Spodoptera,4,,,,
ARB-15B,7/28/23,11,,,,veg,,,,,,,,,,,,
ARB-15C,7/28/23,11,,,,veg,,,,,,,,,,,,
CAH-5A,7/28/23,11,,,,veg,,,,,,,,,,,,
CAH-5B,7/28/23,11,,,,veg,,,,,,,,,,,,
CAH-5C,7/28/23,11,,,,veg,,,,,3,1,Spodoptera,2,Mealybug,10,,
CAH-8A,7/28/23,11,,,,veg,,,,,2,1,Mealybug,30,,,,
CAH-8B,7/28/23,11,,,,veg,,,,,,,,,,,,
CAH-8C,7/28/23,11,,,,veg,,,,,25,,,,,,,
CAH-8E,7/28/23,11,,,,veg,,,,,7,1,Mealybug,10,Stink bug,1,,
CAH-9A,7/28/23,11,,,,veg,,,,,,,,,,,,
CAH-12B,7/28/23,11,,,,veg,,,,,,,,,,,,
CAH-12C,7/28/23,11,,,,fr,,,,7,,,,,,,,
CAH-14A,7/28/23,11,,,,veg,,,,,10,3,Mealybug,20,,,,
CAH-14B,7/28/23,11,,,,veg,,,,,2,3,Mealybug,30,,,,
MOR-1B,7/28/23,11,,,,veg,,,,,,,,,,,,
MOR-1C,7/28/23,11,,,,veg,,,,,,,,,,,,
MOR-1D,7/28/23,11,,,,veg,,,,,2,20,Mealybug,50,,,,
MOR-2A,7/28/23,11,,,,fr,,,,3,,,,,,,,
MOR-2B,7/28/23,11,,,,fr,,,,6,,,,,,,,
MOR-4C,7/28/23,11,,,,fr,,,,7,,,,,,,,
MOR-4D,7/28/23,11,,,,veg,,,,,,,,,,,,
MOR-4E,7/28/23,11,,,,veg,,,,,1,5,Mealybug,60,,,,
MOR-4F,7/28/23,11,,,,veg,,,,,30,15,Mealybug,80,,,,
MOR-6A,7/28/23,11,,,,fr,,,,7,4,2,Mealybug,100,,,,
MOR-6C,7/28/23,11,,,,bud,3,,,,5,30,Mealybug,80,,,,
MOR-6D,7/28/23,11,,,,fr,,,,1,2,20,Mealybug,100,,,,
REF-1B,7/28/23,11,,,,fr,,,,7,,,,,,,,
REF-1C,7/28/23,11,,,,fr,,,,27,,,,,,,,
REF-1G,7/28/23,11,,,,veg,,,,,1,,Mealybug,8,,,,
REF-5A,7/28/23,11,,,,veg,,,,,2,,Mealybug,10,Aphid,200,Spodoptera,1
REF-5B,7/28/23,11,,,,veg,,,,,1,10,Mealybug,10,,,,
REF-5C,7/28/23,11,,,,fr,,,,9,,,,,,,,
REF-5D,7/28/23,11,,,,veg,,,,,,,,,,,,
REF-5F,7/28/23,11,,,,veg,,,,,1,,Aphid,30,,,,
REF-6A,7/28/23,11,,,,fr,,,,12,1,,Mealybug,4,,,,
REF-6C,7/28/23,11,,,,bud,2,,,,,,,,,,,
REF-6D,7/28/23,11,,,,veg,,,,,,,,,,,,
REF-7B,7/28/23,11,,,,fr,,,,6,2,,Mealybug,10,,,,
HIX-1C,7/28/23,11,,,,bud,4,,,,,,,,,,,
HIX-1D,7/28/23,11,,,,fr,,,,9,,2,Mealybug,20,,,,
HIX-1E,7/28/23,11,,,,fr,,,,17,1,10,Stinkbug,4,,,,
HIX-1G,7/28/23,11,,,,fr,,,3,8,3,,Mealybug,5,,,,
HIX-3E,7/28/23,11,,,,fr,,,,11,2,,Mealybug,5,Spodoptera,1,,
HIX-4C,7/28/23,11,,,,fr,,,,11,,,,,,,,
HIX-4D,7/28/23,11,,,,veg,,,,,,,,,,,,
I1-3B,7/28/23,11,,,,veg,,,,,3,7,Mealybug,15,,,,
I1-4B,7/28/23,11,,,,veg,,,,,,,,,,,,
I1-5A,7/28/23,11,,,,veg,,,,,,,,,,,,
I1-5B,7/28/23,11,,,,veg,,,,,4,7,Mealybug,15,,,,
I1-6A,7/28/23,11,,,,veg,,,,,3,10,Mealybug,10,,,,
I2-1A,7/28/23,11,,,,veg,,,,,,,,,,,,
I2-1B,7/28/23,11,,,,veg,,,,,7,96,Mealybug,150,,,,
I2-2A,7/28/23,11,,,,fr,,,,3,,,,,,,,
I2-5B,7/28/23,11,,,,veg,,,,,,,,,,,,
I2-7B,7/28/23,11,,,,veg,,,,,15,20,Mealybug,200,,,,
I3-2C,7/28/23,11,,,,fr,,,,15,2,3,Mealybug,15,,,,
I3-3C,7/28/23,11,,,,fr,,,,8,2,,Mealybug,10,,,,
I3-4A,7/28/23,11,,,,veg,,,,,,,,,,,,
I3-4B,7/28/23,11,,,,fr,,,,8,,,,,,,,
I3-5C,7/28/23,11,,,,fr,,,,16,3,,Mealybug,4,Stink bug,2,,
I3-6C,7/28/23,11,,,,fr,,,,5,,,Mealybug,15,,,,
I3-6D,7/28/23,11,,,,bud,4,,,,1,,Mealybug,2,,,,
N2-4A,7/28/23,11,,,,veg,,,,,,,,,,,,
N2-5A,7/28/23,11,,,,veg,,,,,10,5,Mealybug,15,,,,
N2-5B,7/28/23,11,,,,veg,,,,,7,15,Mealybug,50,,,,
N2-5C,7/28/23,11,,,,veg,,,,,,,,,,,,
N2-5D,7/28/23,11,,,,veg,,,,,,,,,,,,
N2-5E,7/28/23,11,,,,veg,,,,,,,,,,,,
N2-6A,7/28/23,11,,,,veg,,,,,3,35,Mealybug,15,,,,
N2-6B,7/28/23,11,,,,fr,,,,6,15,35,Mealybug,30,,,,
N5-3D,7/28/23,11,,,,fr,,,,17,,,,,,,,
N5-3E,7/28/23,11,,,,veg,,,,,7,50,Mealybug,100,,,,
N5-3F,7/28/23,11,,,,veg,,,,,1,50,Mealybug,300,,,,
N5-3G,7/28/23,11,,,,veg,,,,,,,,,,,,
N5-4D,7/28/23,11,,,,fr,,,,4,20,30,Mealybug,100,,,,
N5-4E,7/28/23,11,,,,veg,,,,,,,,,,,,
N5-4F,7/28/23,11,,,,veg,,,,,,,,,,,,
N5-4G,7/28/23,11,,,,fr,,,,3,1,15,Mealybug,200,,,,
N5-5B,7/28/23,11,,,,veg,,,,,,,,,,,,
N5-5E,7/28/23,11,,,,veg,,,,,,,,,,,,
N5-5F,7/28/23,11,,,,veg,,,,,3,7,Mealybug,20,Spodoptera,1,,
N5-6A,7/28/23,11,,,,veg,,,,,3,10,Mealybug,100,,,,
PS-1A,8/3/23,12,29,1,43,fr,,,,7,,,,,,,,
PS-1B,8/3/23,12,32,3,48,fr,,,,7,7,3,Mealybug,5,,,,
PS-2B,8/3/23,12,16,1,43,fr,11,,,6,,,,,,,,
PS-2F,8/3/23,12,40,3,43,fl,9,1,,,7,3,Mealybug,10,,,,
PS-2G,8/3/23,12,33,3,38,veg,,,,,,,,,,,,
PS-3E,8/3/23,12,34,2,45,fr,,,,2,,,,,,,,
PS-4A,8/3/23,12,34,4,63,fr,,,,2,,,,,,,,
PS-4B,8/3/23,12,33,2,43,fr,2,1,,11,,,,,,,,
PS-4D,8/3/23,12,20,1,30,fr,,,,4,3,80,Mealybug,50,,,,
PS-4E,8/3/23,12,26,1,52,fr,,,,3,7,5,Mealybug,2,,,,
PS-5B,8/3/23,12,34,2,35,fr,,,,16,22,4,Mealybug,30,,,,
PS-5E,8/3/23,12,31,3,43,veg,,,,,12,5,Mealybug,3,,,,
DUDU-1A,8/3/23,12,24,4,34,fr,,,,6,2,,White Fly,8,,,,
DUDU-1C,8/3/23,12,20,1,11,veg,,,,,1,20,Mealybug,3,White Fly,1,,
DUDU-3A,8/3/23,12,15,2,20,fr,,,,7,,,,,,,,
DUDU-3C,8/3/23,12,25,4,43,veg,,,,,,,,,,,,
DUDU-3D,8/3/23,12,20,1,10,veg,,,,,,20,White Fly,3,,,,
DUDU-5A,8/3/23,12,26,2,34,fr,,,,8,,,,,,,,
DUDU-5B,8/3/23,12,27,2,25,veg,,,,,,,,,,,,
DUDU-7A,8/3/23,12,20,2,23,fr,,,,2,1,10,,,,,,
DUDU-7B,8/3/23,12,17,2,16,fr,,,,6,,,,,,,,
DUDU-7C,8/3/23,12,9,3,12,fr,,,,1,1,80,Mealybug,500,,,,
DUDU-7D,8/3/23,12,12,1,21,fr,,,,9,,,,,,,,
DUDU-7E,8/3/23,12,14,2,22,fr,,,,2,,80,Mealybug,500,,,,
BR-1A,8/3/23,12,30,3,47,veg,,,,,,,,,,,,
BR-1E,8/3/23,12,25,1,32,fr,,,,6,3,,Mealybug,20,,,,
BR-1H,8/3/23,12,23,2,42,veg,,,,,5,,Mealybug,10,,,,
BR-1J,8/3/23,12,29,4,63,fr,,,,8,,,,,,,,
ICH-1A,8/3/23,12,37,1,26,veg,,,,,,,,,,,,
ICH-1B,8/3/23,12,31,3,31,veg,,,,,,,,,,,,
ICH-3A,8/3/23,12,16,4,22,veg,,,,,3,,,,,,,
ICH-5A,8/3/23,12,21,4,17,veg,,,,,50,,Caterpillar,1,,,,
ICH-6A,8/3/23,12,35,3,19,veg,,,,,8,,,,,,,
FLAT-1A,8/3/23,12,24,2,35,veg,,,,,10,3,Caterpillar,1,Mealybug,50,,
FLAT-1B,8/3/23,12,25,3,12,veg,,,,,85,5,Mealybug,200,,,,
FLAT-3A,8/3/23,12,18,3,30,veg,,,,,,2,Mealybug,10,,,,
FLAT-4B,8/3/23,12,25,2,27,veg,,,,,,,,,,,,
FLAT-5A,8/3/23,12,20,2,19,veg,,,,,50,1,Mealybug,15,,,,
FLAT-6B,8/3/23,12,29,1,32,veg,,,,,,,,,,,,
ARB-7A,8/3/23,12,30,1,60,veg,,,,,,,,,,,,
ARB-7B,8/3/23,12,19,2,42,fr,,,,7,,,,,,,,
ARB-7C,8/3/23,12,34,4,47,fr,,,,6,18,10,Mealybug,150,,,,
ARB-7D,8/3/23,12,41,4,66,veg,,,,,25,3,Grasshopper,1,,,,
ARB-7E,8/3/23,12,33,2,57,veg,,,,,35,10,Mealybug,15,,,,
ARB-7F,8/3/23,12,38,3,53,veg,,,,,15,15,Mealybug,100,,,,
ARB-8A,8/3/23,12,22,2,47,veg,,,,,40,30,Mealybug,10,,,,
ARB-8B,8/3/23,12,24,2,32,veg,,,,,,,,,,,,
ARB-8C,8/3/23,12,28,2,44,veg,,,,,,,,,,,,
ARB-12A,8/3/23,12,25,6,33,veg,,,,,18,5,Mealybug,10,,,,
ARB-15B,8/3/23,12,25,2,42,veg,,,,,,,,,,,,
ARB-15C,8/3/23,12,20,2,33,veg,,,,,,,,,,,,
CAH-5A,8/3/23,12,20,4,28,veg,,,,,,,,,,,,
CAH-5B,8/3/23,12,24,4,46,veg,,,,,,,,,,,,
CAH-5C,8/3/23,12,26,4,22,veg,,,,,3,,Caterpillar,2,,,,
CAH-8A,8/3/23,12,21,3,32,veg,,,,,5,5,Caterpillar,1,Mealybug,5,,
CAH-8B,8/3/23,12,32,3,46,veg,,,,,,,,,,,,
CAH-8C,8/3/23,12,18,6,37,veg,,,,,1,2,White Fly,3,,,,
CAH-8E,8/3/23,12,26,5,24,veg,,,,,55,,Caterpillar,1,,,,
CAH-9A,8/3/23,12,19,2,22,veg,,,,,,,,,,,,
CAH-12B,8/3/23,12,14,5,28,veg,,,,,,,,,,,,
CAH-12C,8/3/23,12,20,4,21,fr,,,,7,,,,,,,,
CAH-14A,8/3/23,12,21,3,43,veg,,,,,3,8,,,,,,
CAH-14B,8/3/23,12,33,5,34,veg,,,,,2,5,Stink bug,1,White Fly,5,,
MOR-1B,8/3/23,12,29,3,48,veg,,,,,,,,,,,,
MOR-1C,8/3/23,12,25,1,63,veg,,,,,,,,,,,,
MOR-1D,8/3/23,12,30,1,32,veg,,,,,,35,Mealybug,75,,,,
MOR-2A,8/3/23,12,24,1,53,fr,,,,3,,,,,,,,
MOR-2B,8/3/23,12,26,1,44,fr,,,,6,,,,,,,,
MOR-4C,8/3/23,12,28,1,42,veg,,,,,,,,,,,,
MOR-4D,8/3/23,12,23,1,45,veg,,,,,,,,,,,,
MOR-4E,8/3/23,12,23,1,27,veg,,,,,,20,Mealybug,50,,,,
MOR-4F,8/3/23,12,24,1,32,veg,,,,,10,7,Mealybug,50,,,,
MOR-6A,8/3/23,12,25,1,32,fr,,,,5,30,25,Mealybug,50,,,,
MOR-6C,8/3/23,12,27,1,37,veg,,,,,3,8,Mealybug,200,Caterpillar,1,,
MOR-6D,8/3/23,12,20,2,48,fr,,,,1,1,15,Mealybug,20,,,,
REF-1B,8/3/23,12,18,1,55,fr,,,,19,,,,,,,,
REF-1C,8/3/23,12,19,1,39,fr,,,,27,,,,,,,,
REF-1G,8/3/23,12,23,2,54,veg,,,,,3,30,Mealybug,5,,,,
REF-5A,8/3/23,12,28,2,53,veg,,,,,18,3,Mealybug,5,Spodoptera,3,,
REF-5B,8/3/23,12,25,1,56,veg,,,,,5,58,Mealybug,15,,,,
REF-5C,8/3/23,12,20,2,37,fr,,,,9,,,,,,,,
REF-5D,8/3/23,12,22,1,52,veg,,,,,,,,,,,,
REF-5F,8/3/23,12,29,1,57,veg,,,,,5,3,Mealybug,10,,,,
REF-6A,8/3/23,12,17,1,44,fr,,,,12,1,3,Stink bug,1,,,,
REF-6C,8/3/23,12,20,1,54,fr,,1,,1,,,,,,,,
REF-6D,8/3/23,12,22,2,41,veg,,,,,,,,,,,,
REF-7B,8/3/23,12,21,1,38,fr,,,,7,7,5,Mealybug,10,,,,
HIX-1C,8/3/23,12,8,1,12,bud,7,,,,,,,,,,,
HIX-1D,8/3/23,12,18,1,24,fr,,,,9,,10,,,,,,
HIX-1E,8/3/23,12,15,1,22,fr,,,,19,2,5,Mealybug,10,,,,
HIX-1G,8/3/23,12,23,2,24,fr,,,,8,5,10,Mealybug,10,White Fly,2,,
HIX-3E,8/3/23,12,18,1,23,fr,,,,11,40,2,Mealybug,5,,,,
HIX-4C,8/3/23,12,22,2,31,fr,,,,12,,,,,,,,
HIX-4D,8/3/23,12,19,3,24,veg,,,,,,,,,,,,
I1-3B,8/3/23,12,13,3,12,veg,,,,,1,25,,,,,,
I1-4B,8/3/23,12,23,3,44,veg,,,,,,,,,,,,
I1-5A,8/3/23,12,18,6,30,veg,,,,,,,,,,,,
I1-5B,8/3/23,12,13,2,25,veg,,,,,2,30,,,,,,
I1-6A,8/3/23,12,20,2,45,veg,,,,,2,5,,,,,,
I2-1A,8/3/23,12,21,1,29,veg,,,,,2,5,Mealybug,25,,,,
I2-1B,8/3/23,12,20,1,17,veg,,,,,,95,Mealybug,300,,,,
I2-2A,8/3/23,12,18,6,48,fr,,,,3,3,,,,,,,
I2-5B,8/3/23,12,22,1,53,veg,,,,,,,,,,,,
I2-7B,8/3/23,12,15,4,32,veg,,,,,,15,Mealybug,20,,,,
I3-2C,8/3/23,12,21,1,57,fr,,,,14,7,2,Mealybug,10,White Fly,5,,
I3-3C,8/3/23,12,28,4,47,fr,,,,8,20,7,Mealybug,5,,,,
I3-4A,8/3/23,12,28,3,70,veg,,,,,,,,,,,,
I3-4B,8/3/23,12,24,6,59,fr,,,,10,,,,,,,,
I3-5C,8/3/23,12,28,2,31,fr,,,,16,25,5,Mealybug,10,,,,
I3-6C,8/3/23,12,21,2,38,fr,,,,5,,3,Mealybug,10,White Fly,5,,
I3-6D,8/3/23,12,19,2,54,veg,,,,,5,95,Mealybug,10,,,,
N2-4A,8/3/23,12,17,3,38,veg,,,,,,,,,,,,
N2-5A,8/3/23,12,23,1,12,veg,,,,,,,,,,,,
N2-5B,8/3/23,12,21,2,21,veg,,,,,5,8,Mealybug,100,,,,
N2-5C,8/3/23,12,21,2,29,veg,,,,,2,25,Mealybug,50,,,,
N2-5D,8/3/23,12,23,1,20,veg,,,,,3,15,Mealybug,5,,,,
N2-5E,8/3/23,12,21,1,40,veg,,,,1,5,60,Mealybug,20,,,,
N2-6A,8/3/23,12,23,1,28,veg,,,,17,,,,,,,,
N2-6B,8/3/23,12,26,1,14,fr,,,,,,,,,,,,
N5-3D,8/3/23,12,24,1,35,fr,,,,,,75,Mealybug,150,,,,
N5-3E,8/3/23,12,23,7,38,veg,,,,,50,40,Mealybug,100,,,,
N5-3F,8/3/23,12,21,2,22,veg,,,,,10,15,Mealybug,50,White Fly,10,,
N5-3G,8/3/23,12,23,3,15,veg,,,,,,,,,,,,
N5-4D,8/3/23,12,16,1,15,fr,,,,,,,,,,,,
N5-4E,8/3/23,12,34,3,48,veg,,,,,2,3,Mealybug,500,,,,
N5-4F,8/3/23,12,28,1,32,veg,,,,,,,,,,,,
N5-4G,8/3/23,12,23,1,19,fr,,,,3,,,,,,,,
N5-5B,8/3/23,12,21,1,25,veg,,,,,35,30,Mealybug,20,,,,
N5-5E,8/3/23,12,43,1,67,veg,,,,,4,2,Mealybug,25,,,,
N5-5F,8/3/23,12,31,2,24,veg,,,,,,,,,,,,
N5-6A,8/3/23,12,34,2,30,veg,,,,,,,,,,,,
PS-1A,8/7/23,,,,,fr,,,,7,,,,,,,,
PS-1B,8/7/23,,,,,fr,,2,1,7,2,1,Mealybug,25,,,,
PS-2B,8/7/23,,,,,fr,,1,2,6,,,,,,,,
PS-2F,8/7/23,,,,,fr,,,,4,3,70,Mealybug,20,White Fly,5,,
PS-2G,8/7/23,,,,,veg,,,,,,,,,,,,
PS-3E,8/7/23,,,,,fr,,,,1,,,,,,,,
PS-4A,8/7/23,,,,,fr,,,,2,,,,,,,,
PS-4B,8/7/23,,,,,fr,,,,12,,,,,,,,
PS-4D,8/7/23,,,,,fr,,,,4,1,,Mealybug,100,,,,
PS-4E,8/7/23,,,,,fr,,,,3,3,1,Mealybug,20,Stink bug,1,,
PS-5B,8/7/23,,,,,fr,,,,16,3,2,Mealybug,100,,,,
PS-5E,8/7/23,,,,,veg,,,,,10,2,Mealybug,50,,,,
DUDU-1A,8/7/23,,,,,fr,,,,6,4,1,Mealybug,4,White Fly,3,,
DUDU-1C,8/7/23,,,,,veg,,,,,2,8,Mealybug,50,,,,
DUDU-3A,8/7/23,,,,,fr,,,,10,,,,,,,,
DUDU-3C,8/7/23,,,,,veg,,,,,,,,,,,,
DUDU-3D,8/7/23,,,,,veg,,,,,1,15,Mealybug,30,Stink bug,1,,
DUDU-5A,8/7/23,,,,,fr,,,,10,,,,,,,,
DUDU-5B,8/7/23,,,,,veg,,,,,,,,,,,,
DUDU-7A,8/7/23,,,,,fr,,,,2,7,7,Mealybug,30,,,,
DUDU-7B,8/7/23,,,,,fr,,,,6,,,,,,,,
DUDU-7C,8/7/23,,,,,fr,,,,1,1,60,Mealybug,150,,,,
DUDU-7D,8/7/23,,,,,fr,,,,9,,,,,,,,
DUDU-7E,8/7/23,,,,,fr,,,,2,2,30,Mealybug,200,,,,
BR-1A,8/7/23,,,,,veg,,,,,,,,,,,,
BR-1E,8/7/23,,,,,fr,,,,6,1,1,Mealybug,30,White Fly,5,,
BR-1H,8/7/23,,,,,veg,,,,,1,1,Mealybug,8,,,,
BR-1J,8/7/23,,,,,fr,,,,8,,,,,,,,
ICH-1A,8/7/23,,,,,veg,,,,,5,5,Mealybug,20,,,,
ICH-1B,8/7/23,,,,,veg,,,,,,,,,,,,
ICH-3A,8/7/23,,,,,veg,,,,,,,,,,,,
ICH-5A,8/7/23,,,,,veg,,,,,25,2,Mealybug,10,Spodoptera,1,,
ICH-6A,8/7/23,,,,,veg,,,,,10,2,Mealybug,15,,,,
FLAT-1A,8/7/23,,,,,veg,,,,,3,1,Mealybug,30,,,,
FLAT-1B,8/7/23,,,,,veg,,,,,,80,Mealybug,20,,,,
FLAT-3A,8/7/23,,,,,veg,,,,,2,1,Mealybug,20,,,,
FLAT-4B,8/7/23,,,,,veg,,,,,,,,,,,,
FLAT-5A,8/7/23,,,,,veg,,,,,8,1,Mealybug,40,,,,
FLAT-6B,8/7/23,,,,,veg,,,,,,,,,,,,
ARB-7A,8/7/23,,,,,veg,,,,,,,,,,,,
ARB-7B,8/7/23,,,,,fr,,,,7,,,,,,,,
ARB-7C,8/7/23,,,,,fr,,,,6,5,4,Mealybug,150,,,,
ARB-7D,8/7/23,,,,,veg,,,,,5,,Mealybug,30,White Fly,10,,
ARB-7E,8/7/23,,,,,veg,,,,,18,2,Mealybug,20,,,,
ARB-7F,8/7/23,,,,,veg,,,,,15,3,Mealybug,70,,,,
ARB-8A,8/7/23,,,,,veg,,,,,15,7,Mealybug,20,,,,
ARB-8B,8/7/23,,,,,veg,,,,,,,,,,,,
ARB-8C,8/7/23,,,,,veg,,,,,,,,,,,,
ARB-12A,8/7/23,,,,,veg,,,,,20,2,Mealybug,20,Spodoptera,2,,
ARB-15B,8/7/23,,,,,veg,,,,,,,,,,,,
ARB-15C,8/7/23,,,,,veg,,,,,,,,,,,,
CAH-5A,8/7/23,,,,,veg,,,,,,,,,,,,
CAH-5B,8/7/23,,,,,veg,,,,,,,,,,,,
CAH-5C,8/7/23,,,,,veg,,,,,10,1,Mealybug,3,Spodoptera,1,Stink bug,1
CAH-8A,8/7/23,,,,,veg,,,,,7,10,Mealybug,100,,,,
CAH-8B,8/7/23,,,,,veg,,,,,,,,,,,,
CAH-8C,8/7/23,,,,,veg,,,,,3,10,Mealybug,20,,,,
CAH-8E,8/7/23,,,,,veg,,,,,12,1,Mealybug,15,Grasshopper,1,,
CAH-9A,8/7/23,,,,,veg,,,,,,,,,,,,
CAH-12B,8/7/23,,,,,veg,,,,,,,,,,,,
CAH-12C,8/7/23,,,,,fr,,,,7,,,,,,,,
CAH-14A,8/7/23,,,,,veg,,,,,4,10,Mealybug,40,,,,
CAH-14B,8/7/23,,,,,veg,,,,,4,3,Mealybug,25,,,,
MOR-1B,8/7/23,,,,,veg,,,,,,,,,,,,
MOR-1C,8/7/23,,,,,veg,,,,,,,,,,,,
MOR-1D,8/7/23,,,,,veg,,,,,6,15,Mealybug,50,Spodoptera,2,,
MOR-2A,8/7/23,,,,,fr,,,,3,,,,,,,,
MOR-2B,8/7/23,,,,,fr,,,,6,,,,,,,,
MOR-4C,8/7/23,,,,,fr,,,,6,,,,,,,,
MOR-4D,8/7/23,,,,,veg,,,,,,,,,,,,
MOR-4E,8/7/23,,,,,veg,,,,,2,4,Mealybug,200,,,,
MOR-4F,8/7/23,,,,,veg,,,,,15,5,Mealybug,50,Spodoptera,1,,
MOR-6A,8/7/23,,,,,fr,,,,7,7,1,Spodoptera,1,,,,
MOR-6C,8/7/23,,,,,veg,,,,,3,5,Mealybug,200,,,,
MOR-6D,8/7/23,,,,,fr,,,,1,1,5,Mealybug,300,,,,
REF-1B,8/7/23,,,,,fr,,,,18,,,,,,,,
REF-1C,8/7/23,,,,,fr,,,,25,,,,,,,,
REF-1G,8/7/23,,,,,veg,,,,,7,,Mealybug,25,,,,
REF-5A,8/7/23,,,,,veg,,,,,5,2,Mealybug,30,Spodoptera,1,,
REF-5B,8/7/23,,,,,veg,,,,,1,30,Mealybug,10,,,,
REF-5C,8/7/23,,,,,fr,,,,9,,,,,,,,
REF-5D,8/7/23,,,,,veg,,,,,,,,,,,,
REF-5F,8/7/23,,,,,veg,,,,,2,1,Mealybug,20,Aphid,1--,,
REF-6A,8/7/23,,,,,fr,,,,11,1,3,Mealybug,15,,,,
REF-6C,8/7/23,,,,,fr,,,,1,,,,,,,,
REF-6D,8/7/23,,,,,veg,,,,,,,,,,,,
REF-7B,8/7/23,,,,,fr,,,,7,1,1,Mealybug,10,,,,
HIX-1C,8/7/23,,,,,fl,5,1,,,,,,,,,,
HIX-1D,8/7/23,,,,,fr,,,,9,1,1,Mealybug,3,,,,
HIX-1E,8/7/23,,,,,fr,,,,17,2,2,Mealybug,50,,,,
HIX-1G,8/7/23,,,,,fr,,,,8,4,2,Mealybug,20,White Fly,3,,
HIX-3E,8/7/23,,,,,fr,,,,11,15,1,Mealybug,2,,,,
HIX-4C,8/7/23,,,,,fr,,,,11,,,,,,,,
HIX-4D,8/7/23,,,,,veg,,,,,,,,,,,,
I1-3B,8/7/23,,,,,veg,,,,,5,10,Mealybug,7,Spodoptera,2,,
I1-4B,8/7/23,,,,,veg,,,,,,,,,,,,
I1-5A,8/7/23,,,,,veg,,,,,,,,,,,,
I1-5B,8/7/23,,,,,veg,,,,,3,15,Mealybug,25,,,,
I1-6A,8/7/23,,,,,veg,,,,,2,10,Mealybug,15,,,,
I2-1A,8/7/23,,,,,veg,,,,,3,6,Mealybug,150,,,,
I2-1B,8/7/23,,,,,veg,,,,,2,75,Mealybug,300,,,,
I2-2A,8/7/23,,,,,fr,,,,3,,,,,,,,
I2-5B,8/7/23,,,,,veg,,,,,,,,,,,,
I2-7B,8/7/23,,,,,veg,,,,,2,2,Mealybug,20,,,,
I3-2C,8/7/23,,,,,fr,,,,14,2,1,Mealybug,20,,,,
I3-3C,8/7/23,,,,,fr,,,,6,2,2,Mealybug,15,White Fly,5,,
I3-4A,8/7/23,,,,,veg,,,,,,,,,,,,
I3-4B,8/7/23,,,,,fr,,,,9,,,,,,,,
I3-5C,8/7/23,,,,,fr,,,,14,5,1,Mealybug,8,Cicadellidae,2,,
I3-6C,8/7/23,,,,,fr,,,,5,,,Mealybug,10,,,,
I3-6D,8/7/23,,,,,veg,,,,,1,45,Mealybug,7,,,,
N2-4A,8/7/23,,,,,veg,,,,,,,,,,,,
N2-5A,8/7/23,,,,,veg,,,,,10,8,Mealybug,10,Aphid,40,,
N2-5B,8/7/23,,,,,veg,,,,,4,10,Mealybug,150,Aphid,150,,
N2-5C,8/7/23,,,,,veg,,,,,,,,,,,,
N2-5D,8/7/23,,,,,veg,,,,,,,,,,,,
N2-5E,8/7/23,,,,,veg,,,,,,,,,,,,
N2-6A,8/7/23,,,,,veg,,,,,2,7,Mealybug,20,,,,
N2-6B,8/7/23,,,,,fr,,,,2,5,10,Mealybug,60,,,,
N5-3D,8/7/23,,,,,fr,,,,17,,,,,,,,
N5-3E,8/7/23,,,,,veg,,,,,,,,,,,,
N5-3F,8/7/23,,,,,veg,,,,,1,30,Mealybug,100,,,,
N5-3G,8/7/23,,,,,veg,,,,,30,10,Mealybug,40,,,,
N5-4D,8/7/23,,,,,fr,,,,4,10,12,Mealybug,100,,,,
N5-4E,8/7/23,,,,,veg,,,,,,,,,,,,
N5-4F,8/7/23,,,,,veg,,,,,,,,,,,,
N5-4G,8/7/23,,,,,fr,,,,3,1,5,Mealybug,100,,,,
N5-5B,8/7/23,,,,,veg,,,,,,,,,,,,
N5-5E,8/7/23,,,,,veg,,,,,,,,,,,,
N5-5F,8/7/23,,,,,veg,,,,,25,15,Mealybug,75,,,,
N5-6A,8/7/23,,,,,veg,,,,,4,10,Mealybug,120,,,,
PS-1A,8/15/23,,,,,fr,,,,7,,,,,,,,
PS-1B,8/15/23,,,,,fr,,,,6,3,1,Spodoptera,1,Mealybug,30,,
PS-2B,8/15/23,,,,,fr,,,,7,,,,,,,,
PS-2F,8/15/23,,,,,fr,,,,3,2,1,Grasshopper,1,Mealybug,5,,
PS-2G,8/15/23,,,,,veg,,,,,,,,,,,,
PS-3E,8/15/23,,,,,fr,,,,2,,,,,,,,
PS-4A,8/15/23,,,,,fr,,,,2,,,,,,,,
PS-4B,8/15/23,,,,,fr,,,,12,,,,,,,,
PS-4D,8/15/23,,,,,fr,,,,4,1,70,,,Mealybug,80,,
PS-4E,8/15/23,,,,,fr,,,,3,3,2,Spodoptera,1,Mealybug,10,,
PS-5B,8/15/23,,,,,fr,,,,16,3,2,,,Mealybug,200,,
PS-5E,8/15/23,,,,,veg,,,,,5,1,Spodoptera,1,Mealybug,40,,
DUDU-1A,8/15/23,,,,,fr,,,,6,18,7,White fly,5,Mealybug,2,,
DUDU-1C,8/15/23,,,,,veg,,,,,4,9,White fly,3,Mealybug,80,,
DUDU-3A,8/15/23,,,,,fr,,,,9,,,,,Mealybug,,,
DUDU-3C,8/15/23,,,,,veg,,,,,,,,,,,,
DUDU-3D,8/15/23,,,,,veg,,,,,78,15,Spodoptera,4,Mealybug,20,,
DUDU-5A,8/15/23,,,,,fr,,,,12,,,,,,,,
DUDU-5B,8/15/23,,,,,veg,,,,,,,,,,,,
DUDU-7A,8/15/23,,,,,fr,,,,2,7,15,White fly,2,Mealybug,30,,
DUDU-7B,8/15/23,,,,,fr,,,,6,,,,,,,,
DUDU-7C,8/15/23,,,,,fr,,,,1,1,70,White fly,3,Mealybug,100,,
DUDU-7D,8/15/23,,,,,fr,,,,9,,,,,,,,
DUDU-7E,8/15/23,,,,,fr,,,,2,15,45,White fly,3,Mealybug,300,,
BR-1A,8/15/23,,,,,veg,,,,,,,,,,,,
BR-1E,8/15/23,,,,,fr,,,,6,5,5,Mealybug,20,,,,
BR-1H,8/15/23,,,,,veg,,,,,5,5,Mealybug,50,,,,
BR-1J,8/15/23,,,,,fr,,,,8,,,,,,,,
ICH-1A,8/15/23,,,,,veg,,,,,,,,,,,,
ICH-1B,8/15/23,,,,,veg,,,,,,,,,,,,
ICH-3A,8/15/23,,,,,veg,,,,,5,3,Mealybug,10,,,,
ICH-5A,8/15/23,,,,,veg,,,,,30,3,Mealybug,30,,,,
ICH-6A,8/15/23,,,,,veg,,,,,65,10,Mealybug,15,White fly,10,,
FLAT-1A,8/15/23,,,,,veg,,,,,8,1,Mealybug,30,White fly,5,,
FLAT-1B,8/15/23,,,,,veg,,,,,1,15,White fly,3,,,,
FLAT-3A,8/15/23,,,,,veg,,,,,1,1,White fly,3,Mealybug,20,,
FLAT-4B,8/15/23,,,,,dying,,,,,,,,,,,,
FLAT-5A,8/15/23,,,,,veg,,,,,18,10,White fly,3,Mealybug,10,,
FLAT-6B,8/15/23,,,,,veg,,,,,,,,,,,,
ARB-7A,8/15/23,,,,,veg,,,,,,,,,,,,
ARB-7B,8/15/23,,,,,fr,,,,7,,,,,,,,
ARB-7C,8/15/23,,,,,fr,,,,6,7,4,Mealybug,100,,,,
ARB-7D,8/15/23,,,,,veg,,,,,13,2,Mealybug,10,White fly,5,,
ARB-7E,8/15/23,,,,,veg,,,,,13,3,Mealybug,40,,,,
ARB-7F,8/15/23,,,,,veg,,,,,13,3,Mealybug,200,,,,
ARB-8A,8/15/23,,,,,veg,,,,,25,6,Mealybug,80,White fly,3,,
ARB-8B,8/15/23,,,,,veg,,,,,,,,,,,,
ARB-8C,8/15/23,,,,,veg,,,,,,,,,,,,
ARB-12A,8/15/23,,,,,veg,,,,,15,4,Aphids,150,Mealybug,10,,
ARB-15B,8/15/23,,,,,veg,,,,,,,,,,,,
ARB-15C,8/15/23,,,,,veg,,,,,,,,,,,,
CAH-5A,8/15/23,,,,,veg,,,,,,,,,,,,
CAH-5B,8/15/23,,,,,veg,,,,,,,,,,,,
CAH-5C,8/15/23,,,,,veg,,,,,25,7,Mealybug,7,White fly,5,,
CAH-8A,8/15/23,,,,,veg,,,,,15,45,Mealybug,200,White fly,7,,
CAH-8B,8/15/23,,,,,veg,,,,,,,,,,,,
CAH-8C,8/15/23,,,,,veg,,,,,6,3,Mealybug,30,White fly,5,,
CAH-8E,8/15/23,,,,,veg,,,,,20,5,Cicadelidae,1,Mealybug,70,White fly,2
CAH-9A,8/15/23,,,,,veg,,,,,,,,,,,,
CAH-12B,8/15/23,,,,,veg,,,,,,,,,,,,
CAH-12C,8/15/23,,,,,fr,,,,7,,,,,,,,
CAH-14A,8/15/23,,,,,veg,,,,,15,10,Mealybug,50,,,,
CAH-14B,8/15/23,,,,,veg,,,,,7,1,Mealybug,20,White fly,10,,
MOR-1B,8/15/23,,,,,dying,,,,,,,,,,,,
MOR-1C,8/15/23,,,,,veg,,,,,,,,,,,,
MOR-1D,8/15/23,,,,,veg,,,,,15,20,Mealybug,10,White fly,3,,
MOR-2A,8/15/23,,,,,dying,,,,,,,,,,,,
MOR-2B,8/15/23,,,,,fr,,,,6,,,,,,,,
MOR-4C,8/15/23,,,,,fr,,,,0,,,,,,,,
MOR-4D,8/15/23,,,,,dying,,,,,,,,,,,,
MOR-4E,8/15/23,,,,,veg,,,,,2,2,White fly,5,Mealybug,20,,
MOR-4F,8/15/23,,,,,veg,,,,,15,5,White fly,2,Mealybug,10,,
MOR-6A,8/15/23,,,,,fr,,,,7,20,10,White fly,3,Mealybug,10,,
MOR-6C,8/15/23,,,,,veg,,,,,2,3,White fly,3,Mealybug,50,,
MOR-6D,8/15/23,,,,,fr,,,,1,20,60,White fly,3,Mealybug,5,,
REF-1B,8/15/23,,,,,fr,,,,18,,,,,,,,
REF-1C,8/15/23,,,,,fr,,,,26,,,,,,,,
REF-1G,8/15/23,,,,,veg,,,,,2,4,Mealybug,100,,,,
REF-5A,8/15/23,,,,,veg,,,,,7,3,Mealybug,30,White fly,5,Aphids,50
REF-5B,8/15/23,,,,,veg,,,,,3,3,Mealybug,100,,,,
REF-5C,8/15/23,,,,,fr,,,,9,,,,,,,,
REF-5D,8/15/23,,,,,veg,,,,,,,,,,,,
REF-5F,8/15/23,,,,,veg,,,,,3,1,Mealybug,60,Aphids,100,,
REF-6A,8/15/23,,,,,fr,,,,12,1,1,Mealybug,30,,,,
REF-6C,8/15/23,,,,,fr,,,,2,,,,,,,,
REF-6D,8/15/23,,,,,veg,,,,,,,,,,,,
REF-7B,8/15/23,,,,,fr,,,,7,2,1,Mealybug,10,,,,
HIX-1C,8/15/23,,,,,veg,,,,,,,,,,,,
HIX-1D,8/15/23,,,,,fr,,,,9,7,15,Mealybug,7,White fly,3,Pentitanidae,1
HIX-1E,8/15/23,,,,,fr,,,,18,18,35,Spodoptera,1,White fly,5,Mealybug,7
HIX-1G,8/15/23,,,,,fr,,,,3,40,1,White fly,3,Mealybug,60,,
HIX-3E,8/15/23,,,,,fr,,,,11,15,1,White fly,3,Mealybug,10,,
HIX-4C,8/15/23,,,,,fr,,,,11,,,,,,,,
HIX-4D,8/15/23,,,,,veg,,,,,,,,,,,,
I1-3B,8/15/23,,,,,veg,,,,,35,70,Mealybug,150,White fly,3,,
I1-4B,8/15/23,,,,,veg,,,,,,,,,,,,
I1-5A,8/15/23,,,,,veg,,,,,,,,,,,,
I1-5B,8/15/23,,,,,veg,,,,,8,10,Mealybug,25,White fly,4,,
I1-6A,8/15/23,,,,,veg,,,,,7,15,Mealybug,30,,,,
I2-1A,8/15/23,,,,,veg,,,,,8,12,Mealybug,10,White fly,2,Spodoptera,1
I2-1B,8/15/23,,,,,veg,,,,,12,55,White fly,2,,,,
I2-2A,8/15/23,,,,,fr,,,,,,,,,,,,
I2-5B,8/15/23,,,,,dying,,,,3,,,,,,,,
I2-7B,8/15/23,,,,,veg,,,,,12,45,White fly,5,,,,
I3-2C,8/15/23,,,,,fr,,,,14,2,1,Mealybug,100,,,,
I3-3C,8/15/23,,,,,fr,,,,7,3,2,Mealybug,20,,,,
I3-4A,8/15/23,,,,,veg,,,,,,,,,,,,
I3-4B,8/15/23,,,,,fr,,,,11,,,,,,,,
I3-5C,8/15/23,,,,,fr,,,,16,7,2,Mealybug,120,,,,
I3-6C,8/15/23,,,,,fr,,,,5,12,15,Mealybug,20,Aphids,50,,
I3-6D,8/15/23,,,,,veg,,,,,7,20,Mealybug,150,Aphids,50,Spodoptera,1
N2-4A,8/15/23,,,,,veg,,,,,,,,,,,,
N2-5A,8/15/23,,,,,veg,,,,,30,45,Spodoptera,5,Aphids,100,Mealybug,200
N2-5B,8/15/23,,,,,veg,,,,,4,12,Mealybug,150,,,,
N2-5C,8/15/23,,,,,veg,,,,,,,,,,,,
N2-5D,8/15/23,,,,,veg,,,,,,,,,,,,
N2-5E,8/15/23,,,,,veg,,,,,,,,,,,,
N2-6A,8/15/23,,,,,veg,,,,,3,3,Mealybug,15,,,,
N2-6B,8/15/23,,,,,fr,,,,1,7,20,Mealybug,150,,,,
N5-3D,8/15/23,,,,,fr,,,,17,,,,,,,,
N5-3E,8/15/23,,,,,dying,,,,,,,,,,,,
N5-3F,8/15/23,,,,,veg,,,,,45,25,White fly,3,,,,
N5-3G,8/15/23,,,,,veg,,,,,8,2,Mealybug,5,,,,
N5-4D,8/15/23,,,,,fr,,,,4,10,15,White fly,7,Mealybug,10,,
N5-4E,8/15/23,,,,,veg,,,,,,,,,,,,
N5-4F,8/15/23,,,,,dying,,,,,,,,,,,,
N5-4G,8/15/23,,,,,fr,,,,3,2,5,White fly,3,Mealybug,10,,
N5-5B,8/15/23,,,,,dying,,,,,,,,,,,,
N5-5E,8/15/23,,,,,veg,,,,,,,,,,,,
N5-5F,8/15/23,,,,,veg,,,,,10,8,White fly,4,Mealybug,20,,
N5-6A,8/15/23,,,,,veg,,,,,10,20,White fly,10,Mealybug,2,,
