Collect_Label,Sample_Label,Weight,Notes
I3 - Plant 1,81,0.021,
PS2,11,0.0156,
Flat3,163,0.0162,
I1 - Plant 15,194,0.0163,
N8 - Plant 9,24,0.0164,
I1 - Plant 2,195,0.0166,
N7A - Plant 6,210,0.0168,
I1 - Plant 13,192,0.0169,
I2 - Plant 15,173,0.017,
N5 - Plant 10,33,0.017,
I2 - Plant 6,178,0.0171,
N5 - Plant 11,34,0.0171,
N8 - Plant 6,21,0.0171,
I2 - Plant 9,181,0.0172,
N4 - Plant 2,107,0.0173,
N7A - Plant 10,204,0.0175,
N8 - Plant 2,17,0.0175,
I1 - Plant 7,200,0.0176,
Mor-5,55,0.0176,
Ref-7,73,0.0176,
Plant2_Pop Dudu,44,0.0177,
N7A - Plant 11,205,0.0179,
N8 - Plant 10,16,0.0179,
Hix-7,7,0.018,
N3 - Plant 3,27,0.0181,
N7A - Plant 5,209,0.0181,
Ich6,65,0.0183,
N4 - Plant 3,108,0.0183,
Mor-6,56,0.0184,
UWM-4,224,0.0184,
Col-1,75,0.0185,
Hix-5,5,0.0186,
Mor-3,53,0.0186,
TA2,127,0.0186,
I3 - Plant 11,83,0.0187,
Mor-10,50,0.0187,
Plant6_Pop Dudu,48,0.0187,
PS5,14,0.0187,
TA5 (TU51),129,0.0187,
Deer-Run-3,235,0.0188,
Plant-7-Arb,219,0.0188,
I1 - Plant 9,202,0.0189,
Mor-2,52,0.0189,
TA6,130,0.0189,
Ich4,63,0.019,
N2 - Plant 9,141,0.019,
Flat1,161,0.0191,
Ich5,64,0.0191,
I2 - Plant 4,176,0.0192,
N3 - Plant 6,30,0.0192,
Culvan-3,229,0.0193,
N5 - Plant 4,37,0.0193,
Col-3,77,0.0194,
Flat6,166,0.0194,
Mor-11,51,0.0194,
N1 - Plant 5,148,0.0194,
N3 - Plant 1,25,0.0194,
N3 - Plant 7,31,0.0194,
N5 - Plant 9,42,0.0194,
Plant-14-CAH,184,0.0194,
I2 - Plant 5,177,0.0195,
I4 - Plant 5,101,0.0195,
Plant4_Pop Dudu,46,0.0195,
UWM-6,226,0.0195,
Col-4,78,0.0196,
I4 - Plant 3,99,0.0196,
I4 - Plant 6,102,0.0196,
Mor-4,54,0.0196,
N1 - Plant 6,149,0.0196,
N7A - Plant 7,211,0.0196,
Hix-6,6,0.0197,
Hix-9,9,0.0197,
I1 - Plant 14,193,0.0197,
Ref-3,69,0.0197,
TU6,124,0.0197,
UWM-5,225,0.0197,
I2 - Plant 10,168,0.0198,
I3 - Plant 2,88,0.0198,
I3 - Plant 3,89,0.0198,
N1 - Plant 11,144,0.0198,
N6 - Plant 3,155,0.0199,
Plant-8-CAH,186,0.0199,
Ref-10,67,0.0199,
TU1,119,0.0199,
TU3,121,0.0199,
Col-2,76,0.02,
I1 - Plant 4,197,0.0201,
I2 - Plant 12,170,0.0201,
I2 - Plant 14,172,0.0201,
I3 - Plant 8,94,0.0201,
I1 - Plant 6,199,0.0202,
N7A - Plant 4,208,0.0202,
N8 - Plant 3,18,0.0202,
Culvan-5,231,0.0203,
Flat5,165,0.0203,
N1 - Plant 4,147,0.0203,
N2 - Plant 3,135,0.0203,
N7A - Plant 3,207,0.0203,
N8 - Plant 8,23,0.0203,
Plant-12-CAH,183,0.0203,
Plant-4-Arb,217,0.0203,
UWM-3,223,0.0203,
I1 - Plant 10,189,0.0204,
I1 - Plant 3,196,0.0204,
I2 - Plant 8,180,0.0204,
N1 - Plant 9,152,0.0204,
N2 - Plant 1,131,0.0204,
N2 - Plant 11,133,0.0204,
N8 - Plant 1,15,0.0204,
Plant-6-Arb,218,0.0204,
Ref-4,70,0.0205,
BlackRiver1,214,0.0206,
N6 - Plant 4,156,0.0206,
N8 - Plant 4,19,0.0206,
Plant5_Pop Dudu,47,0.0206,
Ref-6,72,0.0206,
I4 - Plant 2,98,0.0207,
N6 - Plant 6,158,0.0207,
N2 - Plant 6,138,0.0208,
Plant3_Pop Dudu,45,0.0208,
I4 - Plant 9,105,0.0209,
N6 - Plant 5,157,0.0209,
N6 - Plant 8,160,0.0209,
TU4,122,0.0209,
Eco3,115,0.021,
I1 - Plant 11,190,0.021,
I3 - Plant 5,91,0.021,
N2 - Plant 7,139,0.021,
I3 - Plant 7,93,0.0211,
Kettle-2,240,0.0211,
Kettle-5,243,0.0211,
N5 - Plant 2,356,0.0211,
PS1,10,0.0211,
UWM-2,222,0.0211,
Culvan-2,228,0.0212,
I2 - Plant 7,179,0.0212,
Kettle-6,244,0.0212,
Culvan-1,227,0.0213,
Deer-Run-6,238,0.0213,
Eco5,117,0.0213,
Hix-3,3,0.0213,
N3 - Plant 5,29,0.0213,
Plant-12-Arb,215,0.0213,
Ref-2,68,0.0213,
Ref-9,74,0.0213,
Culvan-4,230,0.0214,
I3 - Plant 10,82,0.0215,
I4 - Plant 8,104,0.0215,
Kettle-4,242,0.0215,
Eco4,116,0.0216,
Flat2,162,0.0216,
N1 - Plant 3,146,0.0216,
N8 - Plant 7,22,0.0216,
N2 - Plant 8,140,0.0217,
N3 - Plant 4,28,0.0217,
N5 - Plant 6,39,0.0217,
N7A - Plant 9,213,0.0217,
Eco6,118,0.0218,
I3 - Plant 14,86,0.0218,
N7A - Plant 2,206,0.0218,
Plant-9-CAH,187,0.0218,
PS3,12,0.0218,
Deer-Run-5,237,0.0219,
I3 - Plant 13,85,0.0219,
I4 - Plant 1,96,0.0219,Contamination Risk
I4 - Plant 4,100,0.0219,
N6 - Plant 1,153,0.0219,
Col-5,79,0.022,
Deer-Run-4,236,0.022,
Flat4,164,0.022,
I2 - Plant 3,175,0.022,
Ich1,60,0.022,
N6 - Plant 7,159,0.022,
Ref-1,66,0.022,
UWM-1,221,0.022,
I1 - Plant 5,198,0.0221,
I2 - Plant 2,174,0.0221,
Kettle-1,239,0.0221,
N1 - Plant 2,145,0.0221,
N3 - Plant 2,26,0.0221,
N5 - Plant 3,36,0.0221,
N5 - Plant 5,38,0.0221,
N5 - Plant 8,41,0.0221,
TU5 (TU52),123,0.0221,
Deer-Run-2,234,0.0222,
Eco2,114,0.0222,
I3 - Plant 4,90,0.0222,
N1 - Plant 1,142,0.0222,
N1 - Plant 10,143,0.0222,
N2 - Plant 2,134,0.0222,
N6 - Plant 2,154,0.0222,
I3 - Plant 6,92,0.0223,
N2 - Plant 10,132,0.0223,
TA3,128,0.0223,
Mor-7,57,0.0224,
Plant-5-CAH,185,0.0224,
TU7,125,0.0224,
Ich3,62,0.0225,
I4 - Plant 10,97,0.0226,
N4 - Plant 4,109,0.0226,
N4 - Plant 7,112,0.0226,
N5 - Plant 7,40,0.0226,
Plant-8-Arb,220,0.0226,
Culvan-6,232,0.0227,
I1 - Plant 8,201,0.0227,
N1 - Plant 7,150,0.0227,
PS4,13,0.0227,
Eco1,113,0.0228,
Ich2,61,0.0228,
N4 - Plant 5,110,0.0228,
I3 - Plant 12,84,0.0229,
Mor-1,49,0.0229,
N4 - Plant 6,111,0.0229,
Ref-5,71,0.023,
I3 - Plant 15,87,0.0231,
N1 - Plant 8,151,0.0231,
Mor-8,58,0.0232,
Plant1_Pop Dudu,43,0.0232,
Hix-1,2,0.0233,
I2 - Plant 11,169,0.0233,
I2 - Plant 13,171,0.0233,
I4 - Plant 7,103,0.0233,
N4 - Plant 1,106,0.0233,
I1 - Plant 1,188,0.0234,
Plant-11-CAH,182,0.0235,
Col-6,80,0.0236,
I2 - Plant 1,167,0.0236,
N7A - Plant 8,212,0.0236,
TA1,126,0.0236,
N5 - Plant 1,32,0.0237,
TU2,120,0.0237,
Mor-9,59,0.0238,
Kettle-3,241,0.0239,
N2 - Plant 5,137,0.0239,
Hix-8,8,0.024,
N7A - Plant 1,203,0.0242,
Hix-4,4,0.0245,
I3 - Plant 9,95,0.0245,
Plant-15-Arb,216,0.0245,
N2 - Plant 4,136,0.0246,
Deer-Run-1,233,0.0247,
N8 - Plant 5,20,0.0248,
I1 - Plant 12,191,0.025,
Hix-10,1,0.0256,
Hix-2,,,Missing
Ich7,,,Missing
Ich8,,,Missing
Ich9,,,Missing
Ref-8,,,Missing
TA4,,,No Leaves Present
